Date,Day,Hour,Energy_Consumption
2023-01-01,Sunday,0,15.99
2023-01-01,Sunday,1,14.72
2023-01-01,Sunday,2,16.3
2023-01-01,Sunday,3,18.05
2023-01-01,Sunday,4,14.53
2023-01-01,Sunday,5,14.53
2023-01-01,Sunday,6,23.16
2023-01-01,Sunday,7,21.53
2023-01-01,Sunday,8,19.06
2023-01-01,Sunday,9,36.63
2023-01-01,Sunday,10,33.61
2023-01-01,Sunday,11,33.6
2023-01-01,Sunday,12,35.73
2023-01-01,Sunday,13,29.26
2023-01-01,Sunday,14,29.83
2023-01-01,Sunday,15,33.31
2023-01-01,Sunday,16,31.96
2023-01-01,Sunday,17,40.63
2023-01-01,Sunday,18,38.18
2023-01-01,Sunday,19,37.18
2023-01-01,Sunday,20,42.93
2023-01-01,Sunday,21,19.55
2023-01-01,Sunday,22,20.14
2023-01-01,Sunday,23,17.15
2023-01-02,Monday,0,23.91
2023-01-02,Monday,1,25.22
2023-01-02,Monday,2,22.7
2023-01-02,Monday,3,25.75
2023-01-02,Monday,4,23.8
2023-01-02,Monday,5,24.42
2023-01-02,Monday,6,43.19
2023-01-02,Monday,7,50.56
2023-01-02,Monday,8,44.96
2023-01-02,Monday,9,69.71
2023-01-02,Monday,10,79.11
2023-01-02,Monday,11,68.9
2023-01-02,Monday,12,71.04
2023-01-02,Monday,13,60.2
2023-01-02,Monday,14,73.36
2023-01-02,Monday,15,80.98
2023-01-02,Monday,16,83.69
2023-01-02,Monday,17,50.51
2023-01-02,Monday,18,49.65
2023-01-02,Monday,19,49.1
2023-01-02,Monday,20,45.56
2023-01-02,Monday,21,28.56
2023-01-02,Monday,22,29.08
2023-01-02,Monday,23,32.11
2023-01-03,Tuesday,0,25.69
2023-01-03,Tuesday,1,21.47
2023-01-03,Tuesday,2,25.65
2023-01-03,Tuesday,3,24.23
2023-01-03,Tuesday,4,23.65
2023-01-03,Tuesday,5,26.22
2023-01-03,Tuesday,6,48.09
2023-01-03,Tuesday,7,47.79
2023-01-03,Tuesday,8,42.48
2023-01-03,Tuesday,9,73.45
2023-01-03,Tuesday,10,76.66
2023-01-03,Tuesday,11,79.88
2023-01-03,Tuesday,12,67.6
2023-01-03,Tuesday,13,69.07
2023-01-03,Tuesday,14,74.47
2023-01-03,Tuesday,15,74.02
2023-01-03,Tuesday,16,84.06
2023-01-03,Tuesday,17,54.07
2023-01-03,Tuesday,18,49.78
2023-01-03,Tuesday,19,53.01
2023-01-03,Tuesday,20,51.08
2023-01-03,Tuesday,21,28.71
2023-01-03,Tuesday,22,30.72
2023-01-03,Tuesday,23,33.08
2023-01-04,Wednesday,0,24.93
2023-01-04,Wednesday,1,28.13
2023-01-04,Wednesday,2,19.76
2023-01-04,Wednesday,3,26.64
2023-01-04,Wednesday,4,25.17
2023-01-04,Wednesday,5,24.4
2023-01-04,Wednesday,6,45.28
2023-01-04,Wednesday,7,39.04
2023-01-04,Wednesday,8,44.34
2023-01-04,Wednesday,9,76.79
2023-01-04,Wednesday,10,82.39
2023-01-04,Wednesday,11,72.41
2023-01-04,Wednesday,12,65.96
2023-01-04,Wednesday,13,67.49
2023-01-04,Wednesday,14,84.58
2023-01-04,Wednesday,15,81.64
2023-01-04,Wednesday,16,77.35
2023-01-04,Wednesday,17,51.54
2023-01-04,Wednesday,18,50.29
2023-01-04,Wednesday,19,52.91
2023-01-04,Wednesday,20,47.89
2023-01-04,Wednesday,21,29.34
2023-01-04,Wednesday,22,29.22
2023-01-04,Wednesday,23,27.07
2023-01-05,Thursday,0,25.59
2023-01-05,Thursday,1,25.52
2023-01-05,Thursday,2,25.01
2023-01-05,Thursday,3,24.53
2023-01-05,Thursday,4,22.17
2023-01-05,Thursday,5,24.16
2023-01-05,Thursday,6,43.97
2023-01-05,Thursday,7,42.59
2023-01-05,Thursday,8,44.52
2023-01-05,Thursday,9,77.02
2023-01-05,Thursday,10,84.43
2023-01-05,Thursday,11,75.87
2023-01-05,Thursday,12,71.29
2023-01-05,Thursday,13,69.63
2023-01-05,Thursday,14,70.41
2023-01-05,Thursday,15,79.87
2023-01-05,Thursday,16,80.3
2023-01-05,Thursday,17,57.39
2023-01-05,Thursday,18,49.42
2023-01-05,Thursday,19,50.9
2023-01-05,Thursday,20,49.9
2023-01-05,Thursday,21,27.66
2023-01-05,Thursday,22,32.29
2023-01-05,Thursday,23,31.5
2023-01-06,Friday,0,26.58
2023-01-06,Friday,1,23.18
2023-01-06,Friday,2,27.81
2023-01-06,Friday,3,22.2
2023-01-06,Friday,4,26.17
2023-01-06,Friday,5,29.38
2023-01-06,Friday,6,42.03
2023-01-06,Friday,7,43.3
2023-01-06,Friday,8,45.3
2023-01-06,Friday,9,72.48
2023-01-06,Friday,10,67.25
2023-01-06,Friday,11,75.34
2023-01-06,Friday,12,64.69
2023-01-06,Friday,13,72.37
2023-01-06,Friday,14,75.4
2023-01-06,Friday,15,87.75
2023-01-06,Friday,16,76.08
2023-01-06,Friday,17,49.03
2023-01-06,Friday,18,52.44
2023-01-06,Friday,19,46.31
2023-01-06,Friday,20,50.68
2023-01-06,Friday,21,32.61
2023-01-06,Friday,22,26.79
2023-01-06,Friday,23,30.37
2023-01-07,Saturday,0,15.52
2023-01-07,Saturday,1,16.56
2023-01-07,Saturday,2,12.53
2023-01-07,Saturday,3,12.36
2023-01-07,Saturday,4,16.04
2023-01-07,Saturday,5,15.59
2023-01-07,Saturday,6,20.5
2023-01-07,Saturday,7,20.69
2023-01-07,Saturday,8,18.64
2023-01-07,Saturday,9,35.7
2023-01-07,Saturday,10,35.88
2023-01-07,Saturday,11,32.86
2023-01-07,Saturday,12,40.6
2023-01-07,Saturday,13,36.42
2023-01-07,Saturday,14,31.43
2023-01-07,Saturday,15,36.97
2023-01-07,Saturday,16,32.08
2023-01-07,Saturday,17,41.57
2023-01-07,Saturday,18,42.32
2023-01-07,Saturday,19,38.36
2023-01-07,Saturday,20,41.93
2023-01-07,Saturday,21,20.83
2023-01-07,Saturday,22,21.64
2023-01-07,Saturday,23,23.79
2023-01-08,Sunday,0,14.51
2023-01-08,Sunday,1,13.49
2023-01-08,Sunday,2,13.22
2023-01-08,Sunday,3,13.37
2023-01-08,Sunday,4,14.85
2023-01-08,Sunday,5,15.68
2023-01-08,Sunday,6,20.55
2023-01-08,Sunday,7,21.65
2023-01-08,Sunday,8,20.03
2023-01-08,Sunday,9,39.36
2023-01-08,Sunday,10,34.21
2023-01-08,Sunday,11,43.16
2023-01-08,Sunday,12,36.88
2023-01-08,Sunday,13,32.43
2023-01-08,Sunday,14,31.79
2023-01-08,Sunday,15,36.45
2023-01-08,Sunday,16,34.33
2023-01-08,Sunday,17,41.43
2023-01-08,Sunday,18,40.95
2023-01-08,Sunday,19,39.85
2023-01-08,Sunday,20,38.31
2023-01-08,Sunday,21,16.97
2023-01-08,Sunday,22,19.11
2023-01-08,Sunday,23,21.71
2023-01-09,Monday,0,25.43
2023-01-09,Monday,1,22.51
2023-01-09,Monday,2,25.35
2023-01-09,Monday,3,25.77
2023-01-09,Monday,4,23.23
2023-01-09,Monday,5,25.31
2023-01-09,Monday,6,45.17
2023-01-09,Monday,7,41.57
2023-01-09,Monday,8,46.07
2023-01-09,Monday,9,77.8
2023-01-09,Monday,10,80.42
2023-01-09,Monday,11,80.27
2023-01-09,Monday,12,63.11
2023-01-09,Monday,13,65.31
2023-01-09,Monday,14,82.58
2023-01-09,Monday,15,82.57
2023-01-09,Monday,16,82.58
2023-01-09,Monday,17,61.56
2023-01-09,Monday,18,51.71
2023-01-09,Monday,19,53.41
2023-01-09,Monday,20,52.86
2023-01-09,Monday,21,31.3
2023-01-09,Monday,22,29.37
2023-01-09,Monday,23,31.52
2023-01-10,Tuesday,0,23.45
2023-01-10,Tuesday,1,24.53
2023-01-10,Tuesday,2,24.03
2023-01-10,Tuesday,3,25.16
2023-01-10,Tuesday,4,29.63
2023-01-10,Tuesday,5,21.27
2023-01-10,Tuesday,6,47.06
2023-01-10,Tuesday,7,40.16
2023-01-10,Tuesday,8,43.58
2023-01-10,Tuesday,9,80.44
2023-01-10,Tuesday,10,75.32
2023-01-10,Tuesday,11,69.61
2023-01-10,Tuesday,12,66.42
2023-01-10,Tuesday,13,73.4
2023-01-10,Tuesday,14,76.35
2023-01-10,Tuesday,15,81.08
2023-01-10,Tuesday,16,80.23
2023-01-10,Tuesday,17,48.05
2023-01-10,Tuesday,18,56.43
2023-01-10,Tuesday,19,51.9
2023-01-10,Tuesday,20,43.92
2023-01-10,Tuesday,21,30.37
2023-01-10,Tuesday,22,28.68
2023-01-10,Tuesday,23,31.7
2023-01-11,Wednesday,0,23.41
2023-01-11,Wednesday,1,24.77
2023-01-11,Wednesday,2,26.01
2023-01-11,Wednesday,3,26.73
2023-01-11,Wednesday,4,22.6
2023-01-11,Wednesday,5,24.33
2023-01-11,Wednesday,6,43.58
2023-01-11,Wednesday,7,43.04
2023-01-11,Wednesday,8,50.3
2023-01-11,Wednesday,9,77.02
2023-01-11,Wednesday,10,68.7
2023-01-11,Wednesday,11,79.59
2023-01-11,Wednesday,12,80.61
2023-01-11,Wednesday,13,75.16
2023-01-11,Wednesday,14,72.4
2023-01-11,Wednesday,15,77.58
2023-01-11,Wednesday,16,86.33
2023-01-11,Wednesday,17,47.88
2023-01-11,Wednesday,18,51.33
2023-01-11,Wednesday,19,52.32
2023-01-11,Wednesday,20,47.22
2023-01-11,Wednesday,21,29.88
2023-01-11,Wednesday,22,23.52
2023-01-11,Wednesday,23,27.95
2023-01-12,Thursday,0,24.49
2023-01-12,Thursday,1,22.5
2023-01-12,Thursday,2,28.26
2023-01-12,Thursday,3,22.14
2023-01-12,Thursday,4,24.12
2023-01-12,Thursday,5,25.26
2023-01-12,Thursday,6,49.32
2023-01-12,Thursday,7,40.69
2023-01-12,Thursday,8,48.49
2023-01-12,Thursday,9,75.05
2023-01-12,Thursday,10,70.09
2023-01-12,Thursday,11,77.31
2023-01-12,Thursday,12,71.0
2023-01-12,Thursday,13,67.0
2023-01-12,Thursday,14,80.35
2023-01-12,Thursday,15,78.07
2023-01-12,Thursday,16,80.57
2023-01-12,Thursday,17,51.99
2023-01-12,Thursday,18,54.76
2023-01-12,Thursday,19,46.29
2023-01-12,Thursday,20,56.4
2023-01-12,Thursday,21,26.1
2023-01-12,Thursday,22,29.7
2023-01-12,Thursday,23,31.18
2023-01-13,Friday,0,25.56
2023-01-13,Friday,1,23.75
2023-01-13,Friday,2,24.58
2023-01-13,Friday,3,24.01
2023-01-13,Friday,4,23.82
2023-01-13,Friday,5,26.7
2023-01-13,Friday,6,46.07
2023-01-13,Friday,7,42.92
2023-01-13,Friday,8,47.7
2023-01-13,Friday,9,76.54
2023-01-13,Friday,10,79.06
2023-01-13,Friday,11,78.15
2023-01-13,Friday,12,65.86
2023-01-13,Friday,13,67.2
2023-01-13,Friday,14,83.74
2023-01-13,Friday,15,83.05
2023-01-13,Friday,16,79.9
2023-01-13,Friday,17,50.35
2023-01-13,Friday,18,53.83
2023-01-13,Friday,19,48.23
2023-01-13,Friday,20,51.64
2023-01-13,Friday,21,29.6
2023-01-13,Friday,22,29.56
2023-01-13,Friday,23,32.2
2023-01-14,Saturday,0,16.65
2023-01-14,Saturday,1,16.63
2023-01-14,Saturday,2,17.61
2023-01-14,Saturday,3,15.04
2023-01-14,Saturday,4,16.36
2023-01-14,Saturday,5,14.38
2023-01-14,Saturday,6,20.65
2023-01-14,Saturday,7,19.74
2023-01-14,Saturday,8,20.19
2023-01-14,Saturday,9,36.79
2023-01-14,Saturday,10,32.55
2023-01-14,Saturday,11,41.28
2023-01-14,Saturday,12,31.98
2023-01-14,Saturday,13,31.36
2023-01-14,Saturday,14,38.47
2023-01-14,Saturday,15,37.37
2023-01-14,Saturday,16,36.87
2023-01-14,Saturday,17,41.26
2023-01-14,Saturday,18,39.98
2023-01-14,Saturday,19,38.21
2023-01-14,Saturday,20,40.15
2023-01-14,Saturday,21,18.65
2023-01-14,Saturday,22,21.95
2023-01-14,Saturday,23,19.71
2023-01-15,Sunday,0,13.35
2023-01-15,Sunday,1,14.36
2023-01-15,Sunday,2,15.83
2023-01-15,Sunday,3,13.87
2023-01-15,Sunday,4,13.36
2023-01-15,Sunday,5,15.49
2023-01-15,Sunday,6,20.49
2023-01-15,Sunday,7,18.99
2023-01-15,Sunday,8,19.06
2023-01-15,Sunday,9,35.7
2023-01-15,Sunday,10,30.66
2023-01-15,Sunday,11,30.78
2023-01-15,Sunday,12,32.84
2023-01-15,Sunday,13,34.36
2023-01-15,Sunday,14,35.93
2023-01-15,Sunday,15,39.43
2023-01-15,Sunday,16,37.57
2023-01-15,Sunday,17,39.68
2023-01-15,Sunday,18,39.96
2023-01-15,Sunday,19,37.99
2023-01-15,Sunday,20,39.96
2023-01-15,Sunday,21,19.42
2023-01-15,Sunday,22,20.65
2023-01-15,Sunday,23,18.35
2023-01-16,Monday,0,26.04
2023-01-16,Monday,1,28.07
2023-01-16,Monday,2,24.78
2023-01-16,Monday,3,25.8
2023-01-16,Monday,4,26.38
2023-01-16,Monday,5,24.2
2023-01-16,Monday,6,45.67
2023-01-16,Monday,7,45.04
2023-01-16,Monday,8,45.29
2023-01-16,Monday,9,71.13
2023-01-16,Monday,10,75.12
2023-01-16,Monday,11,77.49
2023-01-16,Monday,12,77.26
2023-01-16,Monday,13,74.8
2023-01-16,Monday,14,90.77
2023-01-16,Monday,15,76.16
2023-01-16,Monday,16,84.36
2023-01-16,Monday,17,50.55
2023-01-16,Monday,18,56.57
2023-01-16,Monday,19,47.58
2023-01-16,Monday,20,47.48
2023-01-16,Monday,21,28.8
2023-01-16,Monday,22,25.75
2023-01-16,Monday,23,28.95
2023-01-17,Tuesday,0,23.48
2023-01-17,Tuesday,1,25.3
2023-01-17,Tuesday,2,25.68
2023-01-17,Tuesday,3,28.75
2023-01-17,Tuesday,4,26.9
2023-01-17,Tuesday,5,23.85
2023-01-17,Tuesday,6,42.3
2023-01-17,Tuesday,7,46.48
2023-01-17,Tuesday,8,41.04
2023-01-17,Tuesday,9,84.16
2023-01-17,Tuesday,10,80.9
2023-01-17,Tuesday,11,72.65
2023-01-17,Tuesday,12,61.43
2023-01-17,Tuesday,13,76.77
2023-01-17,Tuesday,14,79.43
2023-01-17,Tuesday,15,86.19
2023-01-17,Tuesday,16,72.03
2023-01-17,Tuesday,17,48.2
2023-01-17,Tuesday,18,50.02
2023-01-17,Tuesday,19,50.14
2023-01-17,Tuesday,20,48.65
2023-01-17,Tuesday,21,31.25
2023-01-17,Tuesday,22,27.86
2023-01-17,Tuesday,23,29.72
2023-01-18,Wednesday,0,25.24
2023-01-18,Wednesday,1,26.03
2023-01-18,Wednesday,2,26.42
2023-01-18,Wednesday,3,22.75
2023-01-18,Wednesday,4,21.93
2023-01-18,Wednesday,5,27.56
2023-01-18,Wednesday,6,46.0
2023-01-18,Wednesday,7,42.75
2023-01-18,Wednesday,8,49.65
2023-01-18,Wednesday,9,75.58
2023-01-18,Wednesday,10,80.9
2023-01-18,Wednesday,11,75.34
2023-01-18,Wednesday,12,80.3
2023-01-18,Wednesday,13,78.78
2023-01-18,Wednesday,14,78.76
2023-01-18,Wednesday,15,84.86
2023-01-18,Wednesday,16,83.23
2023-01-18,Wednesday,17,54.11
2023-01-18,Wednesday,18,47.11
2023-01-18,Wednesday,19,52.06
2023-01-18,Wednesday,20,53.18
2023-01-18,Wednesday,21,26.48
2023-01-18,Wednesday,22,27.63
2023-01-18,Wednesday,23,25.92
2023-01-19,Thursday,0,24.46
2023-01-19,Thursday,1,26.44
2023-01-19,Thursday,2,28.0
2023-01-19,Thursday,3,25.15
2023-01-19,Thursday,4,28.26
2023-01-19,Thursday,5,22.24
2023-01-19,Thursday,6,39.89
2023-01-19,Thursday,7,44.83
2023-01-19,Thursday,8,46.15
2023-01-19,Thursday,9,74.84
2023-01-19,Thursday,10,64.66
2023-01-19,Thursday,11,74.55
2023-01-19,Thursday,12,63.48
2023-01-19,Thursday,13,73.35
2023-01-19,Thursday,14,81.83
2023-01-19,Thursday,15,75.3
2023-01-19,Thursday,16,77.43
2023-01-19,Thursday,17,46.82
2023-01-19,Thursday,18,49.81
2023-01-19,Thursday,19,52.87
2023-01-19,Thursday,20,47.04
2023-01-19,Thursday,21,31.01
2023-01-19,Thursday,22,28.94
2023-01-19,Thursday,23,28.41
2023-01-20,Friday,0,24.79
2023-01-20,Friday,1,22.93
2023-01-20,Friday,2,23.89
2023-01-20,Friday,3,22.6
2023-01-20,Friday,4,28.93
2023-01-20,Friday,5,25.07
2023-01-20,Friday,6,42.9
2023-01-20,Friday,7,45.64
2023-01-20,Friday,8,44.66
2023-01-20,Friday,9,73.9
2023-01-20,Friday,10,78.07
2023-01-20,Friday,11,78.79
2023-01-20,Friday,12,67.35
2023-01-20,Friday,13,67.12
2023-01-20,Friday,14,78.62
2023-01-20,Friday,15,68.49
2023-01-20,Friday,16,72.42
2023-01-20,Friday,17,54.1
2023-01-20,Friday,18,54.93
2023-01-20,Friday,19,49.25
2023-01-20,Friday,20,51.73
2023-01-20,Friday,21,30.62
2023-01-20,Friday,22,36.16
2023-01-20,Friday,23,32.24
2023-01-21,Saturday,0,14.74
2023-01-21,Saturday,1,13.09
2023-01-21,Saturday,2,11.79
2023-01-21,Saturday,3,15.41
2023-01-21,Saturday,4,13.49
2023-01-21,Saturday,5,12.16
2023-01-21,Saturday,6,18.71
2023-01-21,Saturday,7,17.84
2023-01-21,Saturday,8,23.37
2023-01-21,Saturday,9,37.64
2023-01-21,Saturday,10,34.98
2023-01-21,Saturday,11,39.44
2023-01-21,Saturday,12,35.23
2023-01-21,Saturday,13,32.42
2023-01-21,Saturday,14,39.57
2023-01-21,Saturday,15,36.62
2023-01-21,Saturday,16,31.89
2023-01-21,Saturday,17,39.62
2023-01-21,Saturday,18,38.25
2023-01-21,Saturday,19,37.23
2023-01-21,Saturday,20,41.85
2023-01-21,Saturday,21,23.82
2023-01-21,Saturday,22,17.2
2023-01-21,Saturday,23,21.13
2023-01-22,Sunday,0,13.7
2023-01-22,Sunday,1,14.03
2023-01-22,Sunday,2,13.82
2023-01-22,Sunday,3,13.27
2023-01-22,Sunday,4,15.1
2023-01-22,Sunday,5,13.34
2023-01-22,Sunday,6,20.54
2023-01-22,Sunday,7,19.9
2023-01-22,Sunday,8,19.52
2023-01-22,Sunday,9,32.28
2023-01-22,Sunday,10,33.27
2023-01-22,Sunday,11,37.27
2023-01-22,Sunday,12,36.5
2023-01-22,Sunday,13,32.07
2023-01-22,Sunday,14,35.3
2023-01-22,Sunday,15,37.25
2023-01-22,Sunday,16,29.99
2023-01-22,Sunday,17,41.09
2023-01-22,Sunday,18,38.67
2023-01-22,Sunday,19,41.14
2023-01-22,Sunday,20,38.47
2023-01-22,Sunday,21,16.39
2023-01-22,Sunday,22,16.74
2023-01-22,Sunday,23,20.1
2023-01-23,Monday,0,25.52
2023-01-23,Monday,1,23.19
2023-01-23,Monday,2,26.28
2023-01-23,Monday,3,21.68
2023-01-23,Monday,4,24.87
2023-01-23,Monday,5,22.58
2023-01-23,Monday,6,43.04
2023-01-23,Monday,7,45.14
2023-01-23,Monday,8,42.42
2023-01-23,Monday,9,73.08
2023-01-23,Monday,10,80.03
2023-01-23,Monday,11,72.12
2023-01-23,Monday,12,74.18
2023-01-23,Monday,13,64.35
2023-01-23,Monday,14,82.65
2023-01-23,Monday,15,87.21
2023-01-23,Monday,16,67.64
2023-01-23,Monday,17,47.61
2023-01-23,Monday,18,51.73
2023-01-23,Monday,19,49.39
2023-01-23,Monday,20,51.11
2023-01-23,Monday,21,28.79
2023-01-23,Monday,22,30.17
2023-01-23,Monday,23,29.69
2023-01-24,Tuesday,0,27.34
2023-01-24,Tuesday,1,25.51
2023-01-24,Tuesday,2,25.68
2023-01-24,Tuesday,3,24.18
2023-01-24,Tuesday,4,24.02
2023-01-24,Tuesday,5,24.13
2023-01-24,Tuesday,6,46.18
2023-01-24,Tuesday,7,43.74
2023-01-24,Tuesday,8,45.87
2023-01-24,Tuesday,9,85.38
2023-01-24,Tuesday,10,79.36
2023-01-24,Tuesday,11,73.37
2023-01-24,Tuesday,12,76.01
2023-01-24,Tuesday,13,67.96
2023-01-24,Tuesday,14,69.81
2023-01-24,Tuesday,15,74.96
2023-01-24,Tuesday,16,70.65
2023-01-24,Tuesday,17,48.95
2023-01-24,Tuesday,18,50.06
2023-01-24,Tuesday,19,55.03
2023-01-24,Tuesday,20,50.98
2023-01-24,Tuesday,21,29.56
2023-01-24,Tuesday,22,31.66
2023-01-24,Tuesday,23,25.58
2023-01-25,Wednesday,0,25.47
2023-01-25,Wednesday,1,26.54
2023-01-25,Wednesday,2,22.04
2023-01-25,Wednesday,3,27.29
2023-01-25,Wednesday,4,25.68
2023-01-25,Wednesday,5,24.17
2023-01-25,Wednesday,6,46.9
2023-01-25,Wednesday,7,51.81
2023-01-25,Wednesday,8,45.55
2023-01-25,Wednesday,9,76.24
2023-01-25,Wednesday,10,72.7
2023-01-25,Wednesday,11,70.75
2023-01-25,Wednesday,12,74.15
2023-01-25,Wednesday,13,65.72
2023-01-25,Wednesday,14,80.36
2023-01-25,Wednesday,15,77.61
2023-01-25,Wednesday,16,82.39
2023-01-25,Wednesday,17,51.0
2023-01-25,Wednesday,18,53.11
2023-01-25,Wednesday,19,48.47
2023-01-25,Wednesday,20,49.19
2023-01-25,Wednesday,21,28.04
2023-01-25,Wednesday,22,29.11
2023-01-25,Wednesday,23,30.75
2023-01-26,Thursday,0,26.51
2023-01-26,Thursday,1,23.16
2023-01-26,Thursday,2,26.74
2023-01-26,Thursday,3,27.71
2023-01-26,Thursday,4,25.83
2023-01-26,Thursday,5,28.75
2023-01-26,Thursday,6,42.68
2023-01-26,Thursday,7,41.27
2023-01-26,Thursday,8,39.66
2023-01-26,Thursday,9,82.48
2023-01-26,Thursday,10,78.27
2023-01-26,Thursday,11,74.72
2023-01-26,Thursday,12,71.4
2023-01-26,Thursday,13,64.37
2023-01-26,Thursday,14,92.23
2023-01-26,Thursday,15,80.65
2023-01-26,Thursday,16,80.55
2023-01-26,Thursday,17,52.18
2023-01-26,Thursday,18,51.44
2023-01-26,Thursday,19,50.67
2023-01-26,Thursday,20,47.63
2023-01-26,Thursday,21,30.94
2023-01-26,Thursday,22,33.76
2023-01-26,Thursday,23,32.69
2023-01-27,Friday,0,28.19
2023-01-27,Friday,1,23.98
2023-01-27,Friday,2,23.02
2023-01-27,Friday,3,24.75
2023-01-27,Friday,4,25.11
2023-01-27,Friday,5,27.19
2023-01-27,Friday,6,39.92
2023-01-27,Friday,7,49.59
2023-01-27,Friday,8,44.53
2023-01-27,Friday,9,72.87
2023-01-27,Friday,10,69.94
2023-01-27,Friday,11,66.73
2023-01-27,Friday,12,74.12
2023-01-27,Friday,13,70.37
2023-01-27,Friday,14,73.55
2023-01-27,Friday,15,73.52
2023-01-27,Friday,16,78.32
2023-01-27,Friday,17,55.01
2023-01-27,Friday,18,49.22
2023-01-27,Friday,19,45.49
2023-01-27,Friday,20,49.26
2023-01-27,Friday,21,29.45
2023-01-27,Friday,22,24.61
2023-01-27,Friday,23,29.89
2023-01-28,Saturday,0,14.54
2023-01-28,Saturday,1,16.39
2023-01-28,Saturday,2,18.7
2023-01-28,Saturday,3,17.25
2023-01-28,Saturday,4,14.46
2023-01-28,Saturday,5,12.79
2023-01-28,Saturday,6,25.15
2023-01-28,Saturday,7,20.12
2023-01-28,Saturday,8,20.03
2023-01-28,Saturday,9,34.93
2023-01-28,Saturday,10,35.59
2023-01-28,Saturday,11,34.57
2023-01-28,Saturday,12,33.28
2023-01-28,Saturday,13,33.36
2023-01-28,Saturday,14,34.9
2023-01-28,Saturday,15,33.37
2023-01-28,Saturday,16,32.86
2023-01-28,Saturday,17,40.21
2023-01-28,Saturday,18,39.49
2023-01-28,Saturday,19,43.01
2023-01-28,Saturday,20,34.7
2023-01-28,Saturday,21,22.18
2023-01-28,Saturday,22,22.49
2023-01-28,Saturday,23,15.85
2023-01-29,Sunday,0,14.31
2023-01-29,Sunday,1,14.26
2023-01-29,Sunday,2,12.18
2023-01-29,Sunday,3,13.44
2023-01-29,Sunday,4,12.78
2023-01-29,Sunday,5,18.5
2023-01-29,Sunday,6,21.87
2023-01-29,Sunday,7,22.54
2023-01-29,Sunday,8,21.44
2023-01-29,Sunday,9,31.61
2023-01-29,Sunday,10,33.43
2023-01-29,Sunday,11,36.47
2023-01-29,Sunday,12,31.33
2023-01-29,Sunday,13,37.14
2023-01-29,Sunday,14,34.28
2023-01-29,Sunday,15,33.88
2023-01-29,Sunday,16,37.13
2023-01-29,Sunday,17,40.89
2023-01-29,Sunday,18,39.28
2023-01-29,Sunday,19,42.32
2023-01-29,Sunday,20,37.84
2023-01-29,Sunday,21,21.23
2023-01-29,Sunday,22,21.19
2023-01-29,Sunday,23,19.38
2023-01-30,Monday,0,25.65
2023-01-30,Monday,1,22.5
2023-01-30,Monday,2,26.85
2023-01-30,Monday,3,24.63
2023-01-30,Monday,4,23.95
2023-01-30,Monday,5,27.1
2023-01-30,Monday,6,42.89
2023-01-30,Monday,7,40.77
2023-01-30,Monday,8,40.33
2023-01-30,Monday,9,78.03
2023-01-30,Monday,10,68.6
2023-01-30,Monday,11,83.77
2023-01-30,Monday,12,59.59
2023-01-30,Monday,13,78.48
2023-01-30,Monday,14,81.06
2023-01-30,Monday,15,79.52
2023-01-30,Monday,16,77.28
2023-01-30,Monday,17,51.2
2023-01-30,Monday,18,49.89
2023-01-30,Monday,19,53.31
2023-01-30,Monday,20,50.34
2023-01-30,Monday,21,30.3
2023-01-30,Monday,22,29.27
2023-01-30,Monday,23,29.89
2023-01-31,Tuesday,0,25.62
2023-01-31,Tuesday,1,21.58
2023-01-31,Tuesday,2,22.3
2023-01-31,Tuesday,3,26.49
2023-01-31,Tuesday,4,25.34
2023-01-31,Tuesday,5,24.63
2023-01-31,Tuesday,6,45.06
2023-01-31,Tuesday,7,46.04
2023-01-31,Tuesday,8,43.38
2023-01-31,Tuesday,9,71.11
2023-01-31,Tuesday,10,75.98
2023-01-31,Tuesday,11,70.11
2023-01-31,Tuesday,12,72.04
2023-01-31,Tuesday,13,61.49
2023-01-31,Tuesday,14,85.15
2023-01-31,Tuesday,15,82.36
2023-01-31,Tuesday,16,81.28
2023-01-31,Tuesday,17,52.95
2023-01-31,Tuesday,18,55.0
2023-01-31,Tuesday,19,53.04
2023-01-31,Tuesday,20,44.48
2023-01-31,Tuesday,21,27.44
2023-01-31,Tuesday,22,28.75
2023-01-31,Tuesday,23,30.05
2023-02-01,Wednesday,0,26.04
2023-02-01,Wednesday,1,23.55
2023-02-01,Wednesday,2,25.37
2023-02-01,Wednesday,3,23.49
2023-02-01,Wednesday,4,23.78
2023-02-01,Wednesday,5,22.19
2023-02-01,Wednesday,6,42.23
2023-02-01,Wednesday,7,40.94
2023-02-01,Wednesday,8,42.07
2023-02-01,Wednesday,9,80.27
2023-02-01,Wednesday,10,70.25
2023-02-01,Wednesday,11,88.16
2023-02-01,Wednesday,12,72.47
2023-02-01,Wednesday,13,70.92
2023-02-01,Wednesday,14,75.71
2023-02-01,Wednesday,15,83.5
2023-02-01,Wednesday,16,77.12
2023-02-01,Wednesday,17,50.37
2023-02-01,Wednesday,18,57.68
2023-02-01,Wednesday,19,49.71
2023-02-01,Wednesday,20,53.45
2023-02-01,Wednesday,21,28.59
2023-02-01,Wednesday,22,29.93
2023-02-01,Wednesday,23,33.54
2023-02-02,Thursday,0,23.75
2023-02-02,Thursday,1,28.62
2023-02-02,Thursday,2,26.42
2023-02-02,Thursday,3,23.88
2023-02-02,Thursday,4,26.26
2023-02-02,Thursday,5,26.95
2023-02-02,Thursday,6,46.87
2023-02-02,Thursday,7,40.29
2023-02-02,Thursday,8,42.82
2023-02-02,Thursday,9,73.76
2023-02-02,Thursday,10,74.63
2023-02-02,Thursday,11,78.1
2023-02-02,Thursday,12,70.89
2023-02-02,Thursday,13,63.32
2023-02-02,Thursday,14,81.9
2023-02-02,Thursday,15,83.05
2023-02-02,Thursday,16,82.8
2023-02-02,Thursday,17,53.24
2023-02-02,Thursday,18,52.5
2023-02-02,Thursday,19,51.38
2023-02-02,Thursday,20,49.79
2023-02-02,Thursday,21,26.68
2023-02-02,Thursday,22,30.86
2023-02-02,Thursday,23,30.42
2023-02-03,Friday,0,25.54
2023-02-03,Friday,1,22.45
2023-02-03,Friday,2,22.84
2023-02-03,Friday,3,27.11
2023-02-03,Friday,4,24.92
2023-02-03,Friday,5,26.36
2023-02-03,Friday,6,45.08
2023-02-03,Friday,7,45.09
2023-02-03,Friday,8,47.81
2023-02-03,Friday,9,72.42
2023-02-03,Friday,10,75.48
2023-02-03,Friday,11,72.69
2023-02-03,Friday,12,67.83
2023-02-03,Friday,13,68.45
2023-02-03,Friday,14,81.11
2023-02-03,Friday,15,77.61
2023-02-03,Friday,16,86.28
2023-02-03,Friday,17,47.32
2023-02-03,Friday,18,49.44
2023-02-03,Friday,19,48.68
2023-02-03,Friday,20,54.34
2023-02-03,Friday,21,30.39
2023-02-03,Friday,22,32.06
2023-02-03,Friday,23,27.03
2023-02-04,Saturday,0,15.53
2023-02-04,Saturday,1,16.78
2023-02-04,Saturday,2,15.16
2023-02-04,Saturday,3,17.13
2023-02-04,Saturday,4,13.97
2023-02-04,Saturday,5,17.82
2023-02-04,Saturday,6,24.6
2023-02-04,Saturday,7,19.27
2023-02-04,Saturday,8,19.11
2023-02-04,Saturday,9,39.36
2023-02-04,Saturday,10,39.74
2023-02-04,Saturday,11,33.43
2023-02-04,Saturday,12,33.74
2023-02-04,Saturday,13,34.15
2023-02-04,Saturday,14,30.97
2023-02-04,Saturday,15,32.24
2023-02-04,Saturday,16,31.99
2023-02-04,Saturday,17,38.46
2023-02-04,Saturday,18,39.93
2023-02-04,Saturday,19,40.47
2023-02-04,Saturday,20,43.1
2023-02-04,Saturday,21,18.0
2023-02-04,Saturday,22,21.97
2023-02-04,Saturday,23,19.57
2023-02-05,Sunday,0,14.9
2023-02-05,Sunday,1,16.35
2023-02-05,Sunday,2,12.75
2023-02-05,Sunday,3,15.76
2023-02-05,Sunday,4,15.33
2023-02-05,Sunday,5,15.98
2023-02-05,Sunday,6,20.58
2023-02-05,Sunday,7,24.91
2023-02-05,Sunday,8,18.72
2023-02-05,Sunday,9,33.41
2023-02-05,Sunday,10,33.13
2023-02-05,Sunday,11,33.33
2023-02-05,Sunday,12,33.09
2023-02-05,Sunday,13,38.57
2023-02-05,Sunday,14,39.26
2023-02-05,Sunday,15,33.29
2023-02-05,Sunday,16,32.5
2023-02-05,Sunday,17,40.94
2023-02-05,Sunday,18,38.9
2023-02-05,Sunday,19,41.27
2023-02-05,Sunday,20,40.41
2023-02-05,Sunday,21,16.97
2023-02-05,Sunday,22,23.1
2023-02-05,Sunday,23,23.59
2023-02-06,Monday,0,23.77
2023-02-06,Monday,1,24.22
2023-02-06,Monday,2,25.57
2023-02-06,Monday,3,25.67
2023-02-06,Monday,4,26.32
2023-02-06,Monday,5,29.02
2023-02-06,Monday,6,44.47
2023-02-06,Monday,7,42.61
2023-02-06,Monday,8,40.86
2023-02-06,Monday,9,71.35
2023-02-06,Monday,10,74.83
2023-02-06,Monday,11,83.97
2023-02-06,Monday,12,67.41
2023-02-06,Monday,13,71.12
2023-02-06,Monday,14,79.92
2023-02-06,Monday,15,85.94
2023-02-06,Monday,16,92.63
2023-02-06,Monday,17,48.41
2023-02-06,Monday,18,48.53
2023-02-06,Monday,19,53.13
2023-02-06,Monday,20,52.05
2023-02-06,Monday,21,33.69
2023-02-06,Monday,22,31.17
2023-02-06,Monday,23,29.28
2023-02-07,Tuesday,0,26.18
2023-02-07,Tuesday,1,27.22
2023-02-07,Tuesday,2,26.64
2023-02-07,Tuesday,3,26.01
2023-02-07,Tuesday,4,27.13
2023-02-07,Tuesday,5,27.34
2023-02-07,Tuesday,6,49.15
2023-02-07,Tuesday,7,46.95
2023-02-07,Tuesday,8,44.5
2023-02-07,Tuesday,9,75.73
2023-02-07,Tuesday,10,81.03
2023-02-07,Tuesday,11,70.92
2023-02-07,Tuesday,12,71.84
2023-02-07,Tuesday,13,68.03
2023-02-07,Tuesday,14,80.14
2023-02-07,Tuesday,15,86.39
2023-02-07,Tuesday,16,80.96
2023-02-07,Tuesday,17,50.14
2023-02-07,Tuesday,18,45.92
2023-02-07,Tuesday,19,52.24
2023-02-07,Tuesday,20,51.94
2023-02-07,Tuesday,21,34.33
2023-02-07,Tuesday,22,29.38
2023-02-07,Tuesday,23,30.44
2023-02-08,Wednesday,0,25.5
2023-02-08,Wednesday,1,28.15
2023-02-08,Wednesday,2,24.81
2023-02-08,Wednesday,3,25.56
2023-02-08,Wednesday,4,26.22
2023-02-08,Wednesday,5,25.37
2023-02-08,Wednesday,6,43.66
2023-02-08,Wednesday,7,45.58
2023-02-08,Wednesday,8,48.22
2023-02-08,Wednesday,9,69.87
2023-02-08,Wednesday,10,75.66
2023-02-08,Wednesday,11,71.5
2023-02-08,Wednesday,12,75.98
2023-02-08,Wednesday,13,62.38
2023-02-08,Wednesday,14,77.21
2023-02-08,Wednesday,15,81.89
2023-02-08,Wednesday,16,87.83
2023-02-08,Wednesday,17,49.8
2023-02-08,Wednesday,18,48.33
2023-02-08,Wednesday,19,55.64
2023-02-08,Wednesday,20,45.66
2023-02-08,Wednesday,21,25.6
2023-02-08,Wednesday,22,30.88
2023-02-08,Wednesday,23,29.0
2023-02-09,Thursday,0,22.96
2023-02-09,Thursday,1,26.42
2023-02-09,Thursday,2,25.49
2023-02-09,Thursday,3,23.87
2023-02-09,Thursday,4,22.44
2023-02-09,Thursday,5,26.74
2023-02-09,Thursday,6,46.95
2023-02-09,Thursday,7,44.7
2023-02-09,Thursday,8,50.54
2023-02-09,Thursday,9,69.65
2023-02-09,Thursday,10,67.37
2023-02-09,Thursday,11,71.54
2023-02-09,Thursday,12,69.77
2023-02-09,Thursday,13,71.22
2023-02-09,Thursday,14,78.79
2023-02-09,Thursday,15,81.76
2023-02-09,Thursday,16,73.74
2023-02-09,Thursday,17,54.33
2023-02-09,Thursday,18,49.75
2023-02-09,Thursday,19,53.35
2023-02-09,Thursday,20,51.03
2023-02-09,Thursday,21,30.91
2023-02-09,Thursday,22,31.14
2023-02-09,Thursday,23,30.9
2023-02-10,Friday,0,26.29
2023-02-10,Friday,1,27.66
2023-02-10,Friday,2,25.39
2023-02-10,Friday,3,26.42
2023-02-10,Friday,4,24.82
2023-02-10,Friday,5,27.88
2023-02-10,Friday,6,42.97
2023-02-10,Friday,7,50.4
2023-02-10,Friday,8,44.88
2023-02-10,Friday,9,67.85
2023-02-10,Friday,10,75.64
2023-02-10,Friday,11,71.59
2023-02-10,Friday,12,74.2
2023-02-10,Friday,13,66.74
2023-02-10,Friday,14,77.77
2023-02-10,Friday,15,70.55
2023-02-10,Friday,16,77.74
2023-02-10,Friday,17,42.73
2023-02-10,Friday,18,45.25
2023-02-10,Friday,19,52.28
2023-02-10,Friday,20,52.36
2023-02-10,Friday,21,30.85
2023-02-10,Friday,22,28.07
2023-02-10,Friday,23,29.9
2023-02-11,Saturday,0,14.99
2023-02-11,Saturday,1,12.68
2023-02-11,Saturday,2,18.01
2023-02-11,Saturday,3,16.75
2023-02-11,Saturday,4,14.56
2023-02-11,Saturday,5,15.05
2023-02-11,Saturday,6,20.42
2023-02-11,Saturday,7,15.92
2023-02-11,Saturday,8,19.51
2023-02-11,Saturday,9,32.95
2023-02-11,Saturday,10,32.0
2023-02-11,Saturday,11,34.16
2023-02-11,Saturday,12,40.39
2023-02-11,Saturday,13,36.92
2023-02-11,Saturday,14,33.29
2023-02-11,Saturday,15,36.72
2023-02-11,Saturday,16,39.2
2023-02-11,Saturday,17,41.85
2023-02-11,Saturday,18,40.12
2023-02-11,Saturday,19,38.71
2023-02-11,Saturday,20,41.4
2023-02-11,Saturday,21,20.79
2023-02-11,Saturday,22,21.79
2023-02-11,Saturday,23,21.27
2023-02-12,Sunday,0,17.1
2023-02-12,Sunday,1,13.93
2023-02-12,Sunday,2,17.63
2023-02-12,Sunday,3,15.4
2023-02-12,Sunday,4,19.15
2023-02-12,Sunday,5,13.62
2023-02-12,Sunday,6,23.47
2023-02-12,Sunday,7,20.4
2023-02-12,Sunday,8,18.7
2023-02-12,Sunday,9,33.55
2023-02-12,Sunday,10,34.04
2023-02-12,Sunday,11,36.27
2023-02-12,Sunday,12,36.57
2023-02-12,Sunday,13,33.28
2023-02-12,Sunday,14,34.93
2023-02-12,Sunday,15,41.43
2023-02-12,Sunday,16,40.18
2023-02-12,Sunday,17,40.87
2023-02-12,Sunday,18,40.08
2023-02-12,Sunday,19,40.24
2023-02-12,Sunday,20,41.23
2023-02-12,Sunday,21,17.95
2023-02-12,Sunday,22,19.49
2023-02-12,Sunday,23,16.66
2023-02-13,Monday,0,25.8
2023-02-13,Monday,1,26.29
2023-02-13,Monday,2,24.03
2023-02-13,Monday,3,28.15
2023-02-13,Monday,4,22.55
2023-02-13,Monday,5,22.07
2023-02-13,Monday,6,45.67
2023-02-13,Monday,7,48.14
2023-02-13,Monday,8,50.05
2023-02-13,Monday,9,72.71
2023-02-13,Monday,10,80.39
2023-02-13,Monday,11,74.81
2023-02-13,Monday,12,69.14
2023-02-13,Monday,13,74.42
2023-02-13,Monday,14,83.26
2023-02-13,Monday,15,72.12
2023-02-13,Monday,16,87.38
2023-02-13,Monday,17,54.14
2023-02-13,Monday,18,48.12
2023-02-13,Monday,19,51.19
2023-02-13,Monday,20,51.48
2023-02-13,Monday,21,30.52
2023-02-13,Monday,22,28.9
2023-02-13,Monday,23,28.66
2023-02-14,Tuesday,0,24.95
2023-02-14,Tuesday,1,27.35
2023-02-14,Tuesday,2,26.09
2023-02-14,Tuesday,3,24.26
2023-02-14,Tuesday,4,26.54
2023-02-14,Tuesday,5,19.3
2023-02-14,Tuesday,6,48.45
2023-02-14,Tuesday,7,39.78
2023-02-14,Tuesday,8,43.91
2023-02-14,Tuesday,9,69.4
2023-02-14,Tuesday,10,68.53
2023-02-14,Tuesday,11,80.8
2023-02-14,Tuesday,12,67.66
2023-02-14,Tuesday,13,71.73
2023-02-14,Tuesday,14,79.77
2023-02-14,Tuesday,15,82.39
2023-02-14,Tuesday,16,80.38
2023-02-14,Tuesday,17,46.15
2023-02-14,Tuesday,18,52.99
2023-02-14,Tuesday,19,48.52
2023-02-14,Tuesday,20,45.33
2023-02-14,Tuesday,21,29.14
2023-02-14,Tuesday,22,33.0
2023-02-14,Tuesday,23,31.7
2023-02-15,Wednesday,0,24.3
2023-02-15,Wednesday,1,24.3
2023-02-15,Wednesday,2,24.36
2023-02-15,Wednesday,3,29.15
2023-02-15,Wednesday,4,25.76
2023-02-15,Wednesday,5,25.86
2023-02-15,Wednesday,6,48.09
2023-02-15,Wednesday,7,45.72
2023-02-15,Wednesday,8,44.22
2023-02-15,Wednesday,9,74.02
2023-02-15,Wednesday,10,74.64
2023-02-15,Wednesday,11,74.81
2023-02-15,Wednesday,12,73.64
2023-02-15,Wednesday,13,70.26
2023-02-15,Wednesday,14,83.66
2023-02-15,Wednesday,15,79.6
2023-02-15,Wednesday,16,80.39
2023-02-15,Wednesday,17,44.01
2023-02-15,Wednesday,18,52.75
2023-02-15,Wednesday,19,51.04
2023-02-15,Wednesday,20,52.99
2023-02-15,Wednesday,21,24.21
2023-02-15,Wednesday,22,34.18
2023-02-15,Wednesday,23,29.72
2023-02-16,Thursday,0,27.22
2023-02-16,Thursday,1,22.92
2023-02-16,Thursday,2,26.23
2023-02-16,Thursday,3,22.89
2023-02-16,Thursday,4,23.75
2023-02-16,Thursday,5,28.83
2023-02-16,Thursday,6,44.43
2023-02-16,Thursday,7,45.65
2023-02-16,Thursday,8,47.61
2023-02-16,Thursday,9,77.48
2023-02-16,Thursday,10,75.75
2023-02-16,Thursday,11,76.82
2023-02-16,Thursday,12,82.02
2023-02-16,Thursday,13,69.71
2023-02-16,Thursday,14,81.01
2023-02-16,Thursday,15,85.25
2023-02-16,Thursday,16,85.53
2023-02-16,Thursday,17,53.56
2023-02-16,Thursday,18,51.92
2023-02-16,Thursday,19,46.57
2023-02-16,Thursday,20,54.9
2023-02-16,Thursday,21,27.71
2023-02-16,Thursday,22,30.61
2023-02-16,Thursday,23,28.49
2023-02-17,Friday,0,24.87
2023-02-17,Friday,1,25.66
2023-02-17,Friday,2,25.64
2023-02-17,Friday,3,25.84
2023-02-17,Friday,4,28.23
2023-02-17,Friday,5,25.91
2023-02-17,Friday,6,44.27
2023-02-17,Friday,7,47.89
2023-02-17,Friday,8,48.57
2023-02-17,Friday,9,68.86
2023-02-17,Friday,10,77.99
2023-02-17,Friday,11,78.51
2023-02-17,Friday,12,68.51
2023-02-17,Friday,13,76.88
2023-02-17,Friday,14,79.25
2023-02-17,Friday,15,80.63
2023-02-17,Friday,16,79.13
2023-02-17,Friday,17,50.05
2023-02-17,Friday,18,46.71
2023-02-17,Friday,19,45.68
2023-02-17,Friday,20,54.78
2023-02-17,Friday,21,28.31
2023-02-17,Friday,22,28.02
2023-02-17,Friday,23,25.69
2023-02-18,Saturday,0,13.72
2023-02-18,Saturday,1,12.35
2023-02-18,Saturday,2,18.28
2023-02-18,Saturday,3,17.02
2023-02-18,Saturday,4,13.62
2023-02-18,Saturday,5,19.5
2023-02-18,Saturday,6,21.96
2023-02-18,Saturday,7,19.35
2023-02-18,Saturday,8,15.0
2023-02-18,Saturday,9,41.87
2023-02-18,Saturday,10,30.83
2023-02-18,Saturday,11,30.06
2023-02-18,Saturday,12,38.07
2023-02-18,Saturday,13,42.32
2023-02-18,Saturday,14,39.15
2023-02-18,Saturday,15,36.69
2023-02-18,Saturday,16,36.78
2023-02-18,Saturday,17,41.71
2023-02-18,Saturday,18,41.52
2023-02-18,Saturday,19,40.56
2023-02-18,Saturday,20,40.21
2023-02-18,Saturday,21,19.87
2023-02-18,Saturday,22,18.49
2023-02-18,Saturday,23,19.44
2023-02-19,Sunday,0,11.61
2023-02-19,Sunday,1,14.8
2023-02-19,Sunday,2,13.02
2023-02-19,Sunday,3,12.79
2023-02-19,Sunday,4,15.36
2023-02-19,Sunday,5,17.78
2023-02-19,Sunday,6,21.84
2023-02-19,Sunday,7,16.86
2023-02-19,Sunday,8,18.02
2023-02-19,Sunday,9,37.82
2023-02-19,Sunday,10,32.05
2023-02-19,Sunday,11,34.33
2023-02-19,Sunday,12,36.65
2023-02-19,Sunday,13,32.09
2023-02-19,Sunday,14,35.32
2023-02-19,Sunday,15,31.0
2023-02-19,Sunday,16,33.2
2023-02-19,Sunday,17,40.64
2023-02-19,Sunday,18,36.81
2023-02-19,Sunday,19,40.88
2023-02-19,Sunday,20,39.96
2023-02-19,Sunday,21,21.1
2023-02-19,Sunday,22,20.45
2023-02-19,Sunday,23,22.73
2023-02-20,Monday,0,25.25
2023-02-20,Monday,1,24.14
2023-02-20,Monday,2,25.24
2023-02-20,Monday,3,26.09
2023-02-20,Monday,4,25.1
2023-02-20,Monday,5,25.08
2023-02-20,Monday,6,42.89
2023-02-20,Monday,7,43.01
2023-02-20,Monday,8,40.79
2023-02-20,Monday,9,83.75
2023-02-20,Monday,10,68.78
2023-02-20,Monday,11,71.54
2023-02-20,Monday,12,66.41
2023-02-20,Monday,13,74.47
2023-02-20,Monday,14,78.53
2023-02-20,Monday,15,86.24
2023-02-20,Monday,16,76.63
2023-02-20,Monday,17,50.84
2023-02-20,Monday,18,47.49
2023-02-20,Monday,19,56.44
2023-02-20,Monday,20,46.44
2023-02-20,Monday,21,30.62
2023-02-20,Monday,22,31.27
2023-02-20,Monday,23,30.83
2023-02-21,Tuesday,0,24.63
2023-02-21,Tuesday,1,24.74
2023-02-21,Tuesday,2,25.09
2023-02-21,Tuesday,3,24.71
2023-02-21,Tuesday,4,26.93
2023-02-21,Tuesday,5,29.42
2023-02-21,Tuesday,6,43.33
2023-02-21,Tuesday,7,40.89
2023-02-21,Tuesday,8,44.74
2023-02-21,Tuesday,9,87.9
2023-02-21,Tuesday,10,70.98
2023-02-21,Tuesday,11,83.2
2023-02-21,Tuesday,12,78.39
2023-02-21,Tuesday,13,67.23
2023-02-21,Tuesday,14,82.84
2023-02-21,Tuesday,15,88.14
2023-02-21,Tuesday,16,78.1
2023-02-21,Tuesday,17,49.39
2023-02-21,Tuesday,18,48.25
2023-02-21,Tuesday,19,46.96
2023-02-21,Tuesday,20,48.05
2023-02-21,Tuesday,21,27.55
2023-02-21,Tuesday,22,30.07
2023-02-21,Tuesday,23,28.46
2023-02-22,Wednesday,0,25.47
2023-02-22,Wednesday,1,21.89
2023-02-22,Wednesday,2,25.66
2023-02-22,Wednesday,3,26.67
2023-02-22,Wednesday,4,21.01
2023-02-22,Wednesday,5,25.75
2023-02-22,Wednesday,6,48.68
2023-02-22,Wednesday,7,41.37
2023-02-22,Wednesday,8,50.02
2023-02-22,Wednesday,9,77.1
2023-02-22,Wednesday,10,71.47
2023-02-22,Wednesday,11,74.72
2023-02-22,Wednesday,12,72.79
2023-02-22,Wednesday,13,70.38
2023-02-22,Wednesday,14,82.69
2023-02-22,Wednesday,15,75.4
2023-02-22,Wednesday,16,80.85
2023-02-22,Wednesday,17,45.76
2023-02-22,Wednesday,18,49.67
2023-02-22,Wednesday,19,47.29
2023-02-22,Wednesday,20,47.79
2023-02-22,Wednesday,21,32.47
2023-02-22,Wednesday,22,32.18
2023-02-22,Wednesday,23,31.22
2023-02-23,Thursday,0,22.82
2023-02-23,Thursday,1,24.37
2023-02-23,Thursday,2,27.43
2023-02-23,Thursday,3,25.28
2023-02-23,Thursday,4,29.64
2023-02-23,Thursday,5,25.79
2023-02-23,Thursday,6,45.58
2023-02-23,Thursday,7,44.07
2023-02-23,Thursday,8,45.4
2023-02-23,Thursday,9,74.24
2023-02-23,Thursday,10,78.54
2023-02-23,Thursday,11,79.78
2023-02-23,Thursday,12,66.07
2023-02-23,Thursday,13,63.34
2023-02-23,Thursday,14,70.82
2023-02-23,Thursday,15,82.54
2023-02-23,Thursday,16,74.48
2023-02-23,Thursday,17,43.54
2023-02-23,Thursday,18,51.17
2023-02-23,Thursday,19,57.48
2023-02-23,Thursday,20,49.98
2023-02-23,Thursday,21,31.68
2023-02-23,Thursday,22,30.16
2023-02-23,Thursday,23,29.8
2023-02-24,Friday,0,26.84
2023-02-24,Friday,1,24.42
2023-02-24,Friday,2,25.53
2023-02-24,Friday,3,25.64
2023-02-24,Friday,4,23.66
2023-02-24,Friday,5,26.98
2023-02-24,Friday,6,44.48
2023-02-24,Friday,7,42.73
2023-02-24,Friday,8,46.61
2023-02-24,Friday,9,70.51
2023-02-24,Friday,10,75.14
2023-02-24,Friday,11,74.95
2023-02-24,Friday,12,75.43
2023-02-24,Friday,13,72.37
2023-02-24,Friday,14,79.87
2023-02-24,Friday,15,84.09
2023-02-24,Friday,16,86.95
2023-02-24,Friday,17,51.67
2023-02-24,Friday,18,50.03
2023-02-24,Friday,19,46.06
2023-02-24,Friday,20,46.8
2023-02-24,Friday,21,29.39
2023-02-24,Friday,22,28.78
2023-02-24,Friday,23,29.63
2023-02-25,Saturday,0,15.11
2023-02-25,Saturday,1,16.06
2023-02-25,Saturday,2,14.86
2023-02-25,Saturday,3,15.97
2023-02-25,Saturday,4,15.13
2023-02-25,Saturday,5,11.05
2023-02-25,Saturday,6,18.12
2023-02-25,Saturday,7,19.71
2023-02-25,Saturday,8,17.58
2023-02-25,Saturday,9,36.8
2023-02-25,Saturday,10,39.59
2023-02-25,Saturday,11,38.66
2023-02-25,Saturday,12,34.36
2023-02-25,Saturday,13,39.47
2023-02-25,Saturday,14,35.45
2023-02-25,Saturday,15,33.99
2023-02-25,Saturday,16,33.16
2023-02-25,Saturday,17,39.4
2023-02-25,Saturday,18,39.22
2023-02-25,Saturday,19,40.34
2023-02-25,Saturday,20,40.32
2023-02-25,Saturday,21,20.01
2023-02-25,Saturday,22,20.87
2023-02-25,Saturday,23,22.38
2023-02-26,Sunday,0,16.9
2023-02-26,Sunday,1,12.03
2023-02-26,Sunday,2,10.0
2023-02-26,Sunday,3,16.87
2023-02-26,Sunday,4,12.27
2023-02-26,Sunday,5,14.55
2023-02-26,Sunday,6,17.66
2023-02-26,Sunday,7,16.4
2023-02-26,Sunday,8,21.08
2023-02-26,Sunday,9,37.28
2023-02-26,Sunday,10,33.27
2023-02-26,Sunday,11,27.23
2023-02-26,Sunday,12,33.36
2023-02-26,Sunday,13,36.18
2023-02-26,Sunday,14,30.56
2023-02-26,Sunday,15,35.55
2023-02-26,Sunday,16,34.95
2023-02-26,Sunday,17,41.16
2023-02-26,Sunday,18,40.24
2023-02-26,Sunday,19,38.05
2023-02-26,Sunday,20,42.39
2023-02-26,Sunday,21,19.68
2023-02-26,Sunday,22,19.95
2023-02-26,Sunday,23,18.13
2023-02-27,Monday,0,24.11
2023-02-27,Monday,1,23.23
2023-02-27,Monday,2,24.65
2023-02-27,Monday,3,28.42
2023-02-27,Monday,4,22.26
2023-02-27,Monday,5,21.77
2023-02-27,Monday,6,49.41
2023-02-27,Monday,7,44.37
2023-02-27,Monday,8,42.99
2023-02-27,Monday,9,80.2
2023-02-27,Monday,10,71.97
2023-02-27,Monday,11,84.13
2023-02-27,Monday,12,73.39
2023-02-27,Monday,13,67.56
2023-02-27,Monday,14,90.79
2023-02-27,Monday,15,76.97
2023-02-27,Monday,16,83.71
2023-02-27,Monday,17,50.9
2023-02-27,Monday,18,53.91
2023-02-27,Monday,19,54.68
2023-02-27,Monday,20,50.1
2023-02-27,Monday,21,28.49
2023-02-27,Monday,22,30.92
2023-02-27,Monday,23,28.64
2023-02-28,Tuesday,0,29.03
2023-02-28,Tuesday,1,25.27
2023-02-28,Tuesday,2,24.27
2023-02-28,Tuesday,3,25.37
2023-02-28,Tuesday,4,22.31
2023-02-28,Tuesday,5,23.06
2023-02-28,Tuesday,6,48.6
2023-02-28,Tuesday,7,43.03
2023-02-28,Tuesday,8,41.86
2023-02-28,Tuesday,9,77.68
2023-02-28,Tuesday,10,80.93
2023-02-28,Tuesday,11,78.59
2023-02-28,Tuesday,12,74.98
2023-02-28,Tuesday,13,66.22
2023-02-28,Tuesday,14,72.89
2023-02-28,Tuesday,15,87.51
2023-02-28,Tuesday,16,78.39
2023-02-28,Tuesday,17,49.25
2023-02-28,Tuesday,18,53.98
2023-02-28,Tuesday,19,51.67
2023-02-28,Tuesday,20,51.37
2023-02-28,Tuesday,21,34.33
2023-02-28,Tuesday,22,28.71
2023-02-28,Tuesday,23,31.86
2023-03-01,Wednesday,0,25.11
2023-03-01,Wednesday,1,25.54
2023-03-01,Wednesday,2,28.06
2023-03-01,Wednesday,3,26.02
2023-03-01,Wednesday,4,26.08
2023-03-01,Wednesday,5,27.15
2023-03-01,Wednesday,6,43.91
2023-03-01,Wednesday,7,42.48
2023-03-01,Wednesday,8,41.87
2023-03-01,Wednesday,9,65.17
2023-03-01,Wednesday,10,85.28
2023-03-01,Wednesday,11,69.48
2023-03-01,Wednesday,12,68.89
2023-03-01,Wednesday,13,68.62
2023-03-01,Wednesday,14,81.54
2023-03-01,Wednesday,15,84.08
2023-03-01,Wednesday,16,84.3
2023-03-01,Wednesday,17,48.25
2023-03-01,Wednesday,18,49.5
2023-03-01,Wednesday,19,50.85
2023-03-01,Wednesday,20,49.25
2023-03-01,Wednesday,21,33.21
2023-03-01,Wednesday,22,30.98
2023-03-01,Wednesday,23,31.47
2023-03-02,Thursday,0,26.33
2023-03-02,Thursday,1,27.35
2023-03-02,Thursday,2,25.36
2023-03-02,Thursday,3,22.41
2023-03-02,Thursday,4,25.8
2023-03-02,Thursday,5,23.7
2023-03-02,Thursday,6,43.41
2023-03-02,Thursday,7,46.76
2023-03-02,Thursday,8,48.71
2023-03-02,Thursday,9,75.11
2023-03-02,Thursday,10,76.54
2023-03-02,Thursday,11,83.51
2023-03-02,Thursday,12,71.2
2023-03-02,Thursday,13,83.01
2023-03-02,Thursday,14,82.83
2023-03-02,Thursday,15,71.2
2023-03-02,Thursday,16,83.77
2023-03-02,Thursday,17,51.14
2023-03-02,Thursday,18,53.87
2023-03-02,Thursday,19,52.02
2023-03-02,Thursday,20,49.58
2023-03-02,Thursday,21,27.55
2023-03-02,Thursday,22,29.58
2023-03-02,Thursday,23,28.3
2023-03-03,Friday,0,23.84
2023-03-03,Friday,1,26.18
2023-03-03,Friday,2,28.34
2023-03-03,Friday,3,25.79
2023-03-03,Friday,4,22.61
2023-03-03,Friday,5,25.89
2023-03-03,Friday,6,48.59
2023-03-03,Friday,7,43.17
2023-03-03,Friday,8,44.6
2023-03-03,Friday,9,75.07
2023-03-03,Friday,10,71.08
2023-03-03,Friday,11,78.24
2023-03-03,Friday,12,69.4
2023-03-03,Friday,13,72.1
2023-03-03,Friday,14,75.56
2023-03-03,Friday,15,77.81
2023-03-03,Friday,16,83.61
2023-03-03,Friday,17,48.88
2023-03-03,Friday,18,55.18
2023-03-03,Friday,19,48.8
2023-03-03,Friday,20,50.67
2023-03-03,Friday,21,31.87
2023-03-03,Friday,22,27.16
2023-03-03,Friday,23,26.48
2023-03-04,Saturday,0,11.95
2023-03-04,Saturday,1,17.53
2023-03-04,Saturday,2,13.9
2023-03-04,Saturday,3,20.12
2023-03-04,Saturday,4,13.87
2023-03-04,Saturday,5,15.37
2023-03-04,Saturday,6,23.08
2023-03-04,Saturday,7,24.01
2023-03-04,Saturday,8,24.12
2023-03-04,Saturday,9,38.63
2023-03-04,Saturday,10,38.07
2023-03-04,Saturday,11,36.78
2023-03-04,Saturday,12,37.34
2023-03-04,Saturday,13,33.35
2023-03-04,Saturday,14,32.55
2023-03-04,Saturday,15,34.99
2023-03-04,Saturday,16,34.49
2023-03-04,Saturday,17,39.09
2023-03-04,Saturday,18,41.39
2023-03-04,Saturday,19,41.91
2023-03-04,Saturday,20,40.18
2023-03-04,Saturday,21,22.96
2023-03-04,Saturday,22,17.72
2023-03-04,Saturday,23,19.61
2023-03-05,Sunday,0,13.57
2023-03-05,Sunday,1,11.27
2023-03-05,Sunday,2,14.83
2023-03-05,Sunday,3,14.76
2023-03-05,Sunday,4,18.03
2023-03-05,Sunday,5,16.26
2023-03-05,Sunday,6,17.95
2023-03-05,Sunday,7,23.71
2023-03-05,Sunday,8,22.44
2023-03-05,Sunday,9,36.75
2023-03-05,Sunday,10,34.32
2023-03-05,Sunday,11,32.12
2023-03-05,Sunday,12,33.88
2023-03-05,Sunday,13,38.27
2023-03-05,Sunday,14,40.65
2023-03-05,Sunday,15,39.63
2023-03-05,Sunday,16,33.53
2023-03-05,Sunday,17,37.76
2023-03-05,Sunday,18,40.28
2023-03-05,Sunday,19,36.46
2023-03-05,Sunday,20,40.65
2023-03-05,Sunday,21,19.7
2023-03-05,Sunday,22,19.07
2023-03-05,Sunday,23,16.81
2023-03-06,Monday,0,26.03
2023-03-06,Monday,1,23.93
2023-03-06,Monday,2,22.66
2023-03-06,Monday,3,19.26
2023-03-06,Monday,4,24.94
2023-03-06,Monday,5,28.54
2023-03-06,Monday,6,49.98
2023-03-06,Monday,7,43.63
2023-03-06,Monday,8,43.19
2023-03-06,Monday,9,77.34
2023-03-06,Monday,10,70.01
2023-03-06,Monday,11,76.51
2023-03-06,Monday,12,73.83
2023-03-06,Monday,13,76.13
2023-03-06,Monday,14,79.5
2023-03-06,Monday,15,78.98
2023-03-06,Monday,16,75.61
2023-03-06,Monday,17,47.52
2023-03-06,Monday,18,49.32
2023-03-06,Monday,19,51.1
2023-03-06,Monday,20,52.74
2023-03-06,Monday,21,28.39
2023-03-06,Monday,22,32.99
2023-03-06,Monday,23,29.46
2023-03-07,Tuesday,0,24.96
2023-03-07,Tuesday,1,23.51
2023-03-07,Tuesday,2,20.15
2023-03-07,Tuesday,3,26.77
2023-03-07,Tuesday,4,26.47
2023-03-07,Tuesday,5,24.44
2023-03-07,Tuesday,6,45.2
2023-03-07,Tuesday,7,46.55
2023-03-07,Tuesday,8,40.31
2023-03-07,Tuesday,9,72.35
2023-03-07,Tuesday,10,78.97
2023-03-07,Tuesday,11,68.73
2023-03-07,Tuesday,12,71.47
2023-03-07,Tuesday,13,63.22
2023-03-07,Tuesday,14,82.33
2023-03-07,Tuesday,15,79.82
2023-03-07,Tuesday,16,71.92
2023-03-07,Tuesday,17,53.49
2023-03-07,Tuesday,18,47.8
2023-03-07,Tuesday,19,47.57
2023-03-07,Tuesday,20,50.6
2023-03-07,Tuesday,21,32.3
2023-03-07,Tuesday,22,27.97
2023-03-07,Tuesday,23,30.12
2023-03-08,Wednesday,0,25.86
2023-03-08,Wednesday,1,26.39
2023-03-08,Wednesday,2,25.35
2023-03-08,Wednesday,3,24.27
2023-03-08,Wednesday,4,23.34
2023-03-08,Wednesday,5,25.17
2023-03-08,Wednesday,6,41.78
2023-03-08,Wednesday,7,36.24
2023-03-08,Wednesday,8,46.31
2023-03-08,Wednesday,9,79.52
2023-03-08,Wednesday,10,63.19
2023-03-08,Wednesday,11,69.95
2023-03-08,Wednesday,12,73.1
2023-03-08,Wednesday,13,80.29
2023-03-08,Wednesday,14,80.1
2023-03-08,Wednesday,15,76.36
2023-03-08,Wednesday,16,79.09
2023-03-08,Wednesday,17,54.12
2023-03-08,Wednesday,18,48.06
2023-03-08,Wednesday,19,47.6
2023-03-08,Wednesday,20,48.55
2023-03-08,Wednesday,21,28.09
2023-03-08,Wednesday,22,30.25
2023-03-08,Wednesday,23,33.25
2023-03-09,Thursday,0,25.65
2023-03-09,Thursday,1,24.5
2023-03-09,Thursday,2,24.42
2023-03-09,Thursday,3,21.87
2023-03-09,Thursday,4,26.77
2023-03-09,Thursday,5,24.84
2023-03-09,Thursday,6,44.46
2023-03-09,Thursday,7,54.58
2023-03-09,Thursday,8,45.9
2023-03-09,Thursday,9,71.24
2023-03-09,Thursday,10,72.87
2023-03-09,Thursday,11,80.74
2023-03-09,Thursday,12,70.57
2023-03-09,Thursday,13,62.81
2023-03-09,Thursday,14,84.6
2023-03-09,Thursday,15,76.66
2023-03-09,Thursday,16,89.37
2023-03-09,Thursday,17,53.24
2023-03-09,Thursday,18,48.66
2023-03-09,Thursday,19,53.84
2023-03-09,Thursday,20,50.2
2023-03-09,Thursday,21,31.71
2023-03-09,Thursday,22,30.97
2023-03-09,Thursday,23,28.31
2023-03-10,Friday,0,23.71
2023-03-10,Friday,1,27.06
2023-03-10,Friday,2,24.33
2023-03-10,Friday,3,24.19
2023-03-10,Friday,4,23.09
2023-03-10,Friday,5,25.85
2023-03-10,Friday,6,51.19
2023-03-10,Friday,7,41.8
2023-03-10,Friday,8,45.07
2023-03-10,Friday,9,82.06
2023-03-10,Friday,10,74.6
2023-03-10,Friday,11,77.26
2023-03-10,Friday,12,64.69
2023-03-10,Friday,13,72.14
2023-03-10,Friday,14,79.06
2023-03-10,Friday,15,84.93
2023-03-10,Friday,16,85.94
2023-03-10,Friday,17,57.77
2023-03-10,Friday,18,51.74
2023-03-10,Friday,19,50.98
2023-03-10,Friday,20,50.58
2023-03-10,Friday,21,29.29
2023-03-10,Friday,22,30.68
2023-03-10,Friday,23,29.41
2023-03-11,Saturday,0,15.34
2023-03-11,Saturday,1,17.64
2023-03-11,Saturday,2,12.99
2023-03-11,Saturday,3,17.28
2023-03-11,Saturday,4,17.63
2023-03-11,Saturday,5,14.76
2023-03-11,Saturday,6,15.76
2023-03-11,Saturday,7,18.78
2023-03-11,Saturday,8,22.59
2023-03-11,Saturday,9,34.93
2023-03-11,Saturday,10,32.0
2023-03-11,Saturday,11,33.49
2023-03-11,Saturday,12,37.52
2023-03-11,Saturday,13,36.64
2023-03-11,Saturday,14,34.28
2023-03-11,Saturday,15,33.9
2023-03-11,Saturday,16,33.82
2023-03-11,Saturday,17,38.16
2023-03-11,Saturday,18,43.23
2023-03-11,Saturday,19,39.36
2023-03-11,Saturday,20,42.43
2023-03-11,Saturday,21,23.04
2023-03-11,Saturday,22,22.0
2023-03-11,Saturday,23,19.14
2023-03-12,Sunday,0,15.81
2023-03-12,Sunday,1,14.95
2023-03-12,Sunday,2,13.19
2023-03-12,Sunday,3,15.65
2023-03-12,Sunday,4,12.64
2023-03-12,Sunday,5,17.38
2023-03-12,Sunday,6,19.07
2023-03-12,Sunday,7,20.4
2023-03-12,Sunday,8,20.57
2023-03-12,Sunday,9,34.22
2023-03-12,Sunday,10,36.76
2023-03-12,Sunday,11,33.58
2023-03-12,Sunday,12,37.61
2023-03-12,Sunday,13,30.96
2023-03-12,Sunday,14,35.38
2023-03-12,Sunday,15,40.82
2023-03-12,Sunday,16,32.0
2023-03-12,Sunday,17,38.64
2023-03-12,Sunday,18,41.03
2023-03-12,Sunday,19,40.36
2023-03-12,Sunday,20,40.7
2023-03-12,Sunday,21,20.98
2023-03-12,Sunday,22,21.27
2023-03-12,Sunday,23,22.22
2023-03-13,Monday,0,25.82
2023-03-13,Monday,1,24.52
2023-03-13,Monday,2,26.35
2023-03-13,Monday,3,28.8
2023-03-13,Monday,4,24.73
2023-03-13,Monday,5,23.05
2023-03-13,Monday,6,48.32
2023-03-13,Monday,7,44.64
2023-03-13,Monday,8,38.48
2023-03-13,Monday,9,79.24
2023-03-13,Monday,10,72.32
2023-03-13,Monday,11,74.55
2023-03-13,Monday,12,71.66
2023-03-13,Monday,13,70.95
2023-03-13,Monday,14,83.55
2023-03-13,Monday,15,77.82
2023-03-13,Monday,16,82.57
2023-03-13,Monday,17,49.22
2023-03-13,Monday,18,52.22
2023-03-13,Monday,19,51.85
2023-03-13,Monday,20,47.19
2023-03-13,Monday,21,32.17
2023-03-13,Monday,22,28.93
2023-03-13,Monday,23,31.62
2023-03-14,Tuesday,0,25.73
2023-03-14,Tuesday,1,28.68
2023-03-14,Tuesday,2,24.55
2023-03-14,Tuesday,3,24.3
2023-03-14,Tuesday,4,24.96
2023-03-14,Tuesday,5,24.39
2023-03-14,Tuesday,6,47.4
2023-03-14,Tuesday,7,40.15
2023-03-14,Tuesday,8,41.84
2023-03-14,Tuesday,9,69.66
2023-03-14,Tuesday,10,79.75
2023-03-14,Tuesday,11,83.55
2023-03-14,Tuesday,12,69.48
2023-03-14,Tuesday,13,69.16
2023-03-14,Tuesday,14,80.35
2023-03-14,Tuesday,15,85.81
2023-03-14,Tuesday,16,75.36
2023-03-14,Tuesday,17,50.72
2023-03-14,Tuesday,18,52.93
2023-03-14,Tuesday,19,51.5
2023-03-14,Tuesday,20,50.57
2023-03-14,Tuesday,21,32.0
2023-03-14,Tuesday,22,24.59
2023-03-14,Tuesday,23,31.36
2023-03-15,Wednesday,0,23.69
2023-03-15,Wednesday,1,21.34
2023-03-15,Wednesday,2,26.02
2023-03-15,Wednesday,3,27.75
2023-03-15,Wednesday,4,24.73
2023-03-15,Wednesday,5,26.91
2023-03-15,Wednesday,6,49.84
2023-03-15,Wednesday,7,48.94
2023-03-15,Wednesday,8,49.92
2023-03-15,Wednesday,9,78.71
2023-03-15,Wednesday,10,75.38
2023-03-15,Wednesday,11,66.99
2023-03-15,Wednesday,12,68.77
2023-03-15,Wednesday,13,65.78
2023-03-15,Wednesday,14,90.85
2023-03-15,Wednesday,15,79.12
2023-03-15,Wednesday,16,80.62
2023-03-15,Wednesday,17,51.65
2023-03-15,Wednesday,18,50.13
2023-03-15,Wednesday,19,55.09
2023-03-15,Wednesday,20,48.13
2023-03-15,Wednesday,21,30.39
2023-03-15,Wednesday,22,28.52
2023-03-15,Wednesday,23,27.36
2023-03-16,Thursday,0,23.78
2023-03-16,Thursday,1,24.93
2023-03-16,Thursday,2,24.14
2023-03-16,Thursday,3,23.62
2023-03-16,Thursday,4,22.19
2023-03-16,Thursday,5,24.83
2023-03-16,Thursday,6,40.49
2023-03-16,Thursday,7,47.28
2023-03-16,Thursday,8,45.25
2023-03-16,Thursday,9,67.71
2023-03-16,Thursday,10,73.45
2023-03-16,Thursday,11,71.24
2023-03-16,Thursday,12,71.6
2023-03-16,Thursday,13,76.7
2023-03-16,Thursday,14,70.62
2023-03-16,Thursday,15,80.58
2023-03-16,Thursday,16,79.2
2023-03-16,Thursday,17,52.01
2023-03-16,Thursday,18,50.64
2023-03-16,Thursday,19,47.74
2023-03-16,Thursday,20,49.04
2023-03-16,Thursday,21,28.41
2023-03-16,Thursday,22,32.15
2023-03-16,Thursday,23,30.04
2023-03-17,Friday,0,28.8
2023-03-17,Friday,1,24.88
2023-03-17,Friday,2,23.58
2023-03-17,Friday,3,21.97
2023-03-17,Friday,4,21.39
2023-03-17,Friday,5,21.83
2023-03-17,Friday,6,45.8
2023-03-17,Friday,7,46.53
2023-03-17,Friday,8,40.26
2023-03-17,Friday,9,79.48
2023-03-17,Friday,10,72.58
2023-03-17,Friday,11,75.73
2023-03-17,Friday,12,78.06
2023-03-17,Friday,13,74.48
2023-03-17,Friday,14,78.66
2023-03-17,Friday,15,75.54
2023-03-17,Friday,16,69.24
2023-03-17,Friday,17,47.84
2023-03-17,Friday,18,49.37
2023-03-17,Friday,19,47.04
2023-03-17,Friday,20,49.61
2023-03-17,Friday,21,30.15
2023-03-17,Friday,22,29.55
2023-03-17,Friday,23,28.7
2023-03-18,Saturday,0,15.34
2023-03-18,Saturday,1,15.88
2023-03-18,Saturday,2,12.82
2023-03-18,Saturday,3,17.82
2023-03-18,Saturday,4,14.8
2023-03-18,Saturday,5,15.04
2023-03-18,Saturday,6,21.42
2023-03-18,Saturday,7,20.47
2023-03-18,Saturday,8,21.91
2023-03-18,Saturday,9,35.86
2023-03-18,Saturday,10,33.16
2023-03-18,Saturday,11,36.08
2023-03-18,Saturday,12,31.57
2023-03-18,Saturday,13,35.33
2023-03-18,Saturday,14,34.9
2023-03-18,Saturday,15,34.38
2023-03-18,Saturday,16,34.61
2023-03-18,Saturday,17,36.24
2023-03-18,Saturday,18,38.9
2023-03-18,Saturday,19,40.19
2023-03-18,Saturday,20,40.32
2023-03-18,Saturday,21,17.94
2023-03-18,Saturday,22,22.53
2023-03-18,Saturday,23,18.27
2023-03-19,Sunday,0,16.94
2023-03-19,Sunday,1,15.85
2023-03-19,Sunday,2,13.71
2023-03-19,Sunday,3,18.55
2023-03-19,Sunday,4,12.61
2023-03-19,Sunday,5,16.84
2023-03-19,Sunday,6,22.0
2023-03-19,Sunday,7,18.66
2023-03-19,Sunday,8,22.78
2023-03-19,Sunday,9,34.25
2023-03-19,Sunday,10,35.87
2023-03-19,Sunday,11,35.78
2023-03-19,Sunday,12,34.6
2023-03-19,Sunday,13,37.43
2023-03-19,Sunday,14,37.38
2023-03-19,Sunday,15,29.75
2023-03-19,Sunday,16,38.91
2023-03-19,Sunday,17,36.68
2023-03-19,Sunday,18,42.07
2023-03-19,Sunday,19,42.25
2023-03-19,Sunday,20,37.82
2023-03-19,Sunday,21,19.18
2023-03-19,Sunday,22,17.79
2023-03-19,Sunday,23,19.57
2023-03-20,Monday,0,24.38
2023-03-20,Monday,1,26.56
2023-03-20,Monday,2,27.62
2023-03-20,Monday,3,27.79
2023-03-20,Monday,4,23.88
2023-03-20,Monday,5,24.58
2023-03-20,Monday,6,39.95
2023-03-20,Monday,7,42.58
2023-03-20,Monday,8,47.89
2023-03-20,Monday,9,83.08
2023-03-20,Monday,10,68.83
2023-03-20,Monday,11,72.04
2023-03-20,Monday,12,69.87
2023-03-20,Monday,13,71.4
2023-03-20,Monday,14,75.95
2023-03-20,Monday,15,82.12
2023-03-20,Monday,16,77.63
2023-03-20,Monday,17,49.96
2023-03-20,Monday,18,51.64
2023-03-20,Monday,19,50.02
2023-03-20,Monday,20,48.69
2023-03-20,Monday,21,29.78
2023-03-20,Monday,22,29.82
2023-03-20,Monday,23,29.26
2023-03-21,Tuesday,0,24.48
2023-03-21,Tuesday,1,28.2
2023-03-21,Tuesday,2,26.12
2023-03-21,Tuesday,3,24.41
2023-03-21,Tuesday,4,26.39
2023-03-21,Tuesday,5,24.33
2023-03-21,Tuesday,6,48.52
2023-03-21,Tuesday,7,46.11
2023-03-21,Tuesday,8,44.68
2023-03-21,Tuesday,9,77.24
2023-03-21,Tuesday,10,67.15
2023-03-21,Tuesday,11,69.37
2023-03-21,Tuesday,12,64.03
2023-03-21,Tuesday,13,70.71
2023-03-21,Tuesday,14,88.66
2023-03-21,Tuesday,15,91.16
2023-03-21,Tuesday,16,83.19
2023-03-21,Tuesday,17,51.5
2023-03-21,Tuesday,18,44.6
2023-03-21,Tuesday,19,48.37
2023-03-21,Tuesday,20,47.64
2023-03-21,Tuesday,21,28.76
2023-03-21,Tuesday,22,29.66
2023-03-21,Tuesday,23,29.06
2023-03-22,Wednesday,0,21.04
2023-03-22,Wednesday,1,26.5
2023-03-22,Wednesday,2,22.85
2023-03-22,Wednesday,3,25.48
2023-03-22,Wednesday,4,29.15
2023-03-22,Wednesday,5,23.16
2023-03-22,Wednesday,6,37.41
2023-03-22,Wednesday,7,44.14
2023-03-22,Wednesday,8,48.3
2023-03-22,Wednesday,9,84.79
2023-03-22,Wednesday,10,68.85
2023-03-22,Wednesday,11,77.48
2023-03-22,Wednesday,12,67.67
2023-03-22,Wednesday,13,69.47
2023-03-22,Wednesday,14,93.22
2023-03-22,Wednesday,15,72.49
2023-03-22,Wednesday,16,81.27
2023-03-22,Wednesday,17,51.4
2023-03-22,Wednesday,18,53.26
2023-03-22,Wednesday,19,50.29
2023-03-22,Wednesday,20,50.92
2023-03-22,Wednesday,21,29.22
2023-03-22,Wednesday,22,30.54
2023-03-22,Wednesday,23,29.31
2023-03-23,Thursday,0,26.24
2023-03-23,Thursday,1,24.26
2023-03-23,Thursday,2,25.75
2023-03-23,Thursday,3,24.94
2023-03-23,Thursday,4,27.25
2023-03-23,Thursday,5,24.9
2023-03-23,Thursday,6,39.68
2023-03-23,Thursday,7,48.79
2023-03-23,Thursday,8,42.28
2023-03-23,Thursday,9,71.73
2023-03-23,Thursday,10,72.02
2023-03-23,Thursday,11,81.87
2023-03-23,Thursday,12,59.32
2023-03-23,Thursday,13,85.69
2023-03-23,Thursday,14,85.28
2023-03-23,Thursday,15,81.12
2023-03-23,Thursday,16,79.73
2023-03-23,Thursday,17,50.86
2023-03-23,Thursday,18,51.56
2023-03-23,Thursday,19,51.94
2023-03-23,Thursday,20,51.67
2023-03-23,Thursday,21,30.18
2023-03-23,Thursday,22,29.61
2023-03-23,Thursday,23,29.7
2023-03-24,Friday,0,24.61
2023-03-24,Friday,1,27.27
2023-03-24,Friday,2,26.19
2023-03-24,Friday,3,19.12
2023-03-24,Friday,4,26.31
2023-03-24,Friday,5,25.39
2023-03-24,Friday,6,44.94
2023-03-24,Friday,7,43.83
2023-03-24,Friday,8,48.37
2023-03-24,Friday,9,79.74
2023-03-24,Friday,10,71.14
2023-03-24,Friday,11,77.04
2023-03-24,Friday,12,65.14
2023-03-24,Friday,13,63.1
2023-03-24,Friday,14,76.87
2023-03-24,Friday,15,84.31
2023-03-24,Friday,16,84.77
2023-03-24,Friday,17,51.54
2023-03-24,Friday,18,52.18
2023-03-24,Friday,19,51.55
2023-03-24,Friday,20,48.08
2023-03-24,Friday,21,30.86
2023-03-24,Friday,22,31.6
2023-03-24,Friday,23,31.51
2023-03-25,Saturday,0,17.38
2023-03-25,Saturday,1,16.42
2023-03-25,Saturday,2,15.7
2023-03-25,Saturday,3,17.14
2023-03-25,Saturday,4,14.95
2023-03-25,Saturday,5,13.24
2023-03-25,Saturday,6,19.67
2023-03-25,Saturday,7,18.51
2023-03-25,Saturday,8,18.65
2023-03-25,Saturday,9,34.57
2023-03-25,Saturday,10,32.62
2023-03-25,Saturday,11,34.08
2023-03-25,Saturday,12,29.32
2023-03-25,Saturday,13,35.64
2023-03-25,Saturday,14,35.0
2023-03-25,Saturday,15,32.55
2023-03-25,Saturday,16,36.98
2023-03-25,Saturday,17,41.88
2023-03-25,Saturday,18,36.78
2023-03-25,Saturday,19,38.47
2023-03-25,Saturday,20,38.46
2023-03-25,Saturday,21,18.12
2023-03-25,Saturday,22,21.66
2023-03-25,Saturday,23,19.61
2023-03-26,Sunday,0,14.47
2023-03-26,Sunday,1,10.99
2023-03-26,Sunday,2,16.27
2023-03-26,Sunday,3,12.52
2023-03-26,Sunday,4,15.12
2023-03-26,Sunday,5,15.55
2023-03-26,Sunday,6,22.72
2023-03-26,Sunday,7,17.38
2023-03-26,Sunday,8,13.96
2023-03-26,Sunday,9,35.55
2023-03-26,Sunday,10,40.4
2023-03-26,Sunday,11,38.72
2023-03-26,Sunday,12,35.63
2023-03-26,Sunday,13,33.53
2023-03-26,Sunday,14,37.42
2023-03-26,Sunday,15,32.08
2023-03-26,Sunday,16,36.43
2023-03-26,Sunday,17,41.01
2023-03-26,Sunday,18,42.12
2023-03-26,Sunday,19,45.52
2023-03-26,Sunday,20,40.78
2023-03-26,Sunday,21,18.98
2023-03-26,Sunday,22,19.95
2023-03-26,Sunday,23,16.46
2023-03-27,Monday,0,23.61
2023-03-27,Monday,1,24.18
2023-03-27,Monday,2,23.95
2023-03-27,Monday,3,25.3
2023-03-27,Monday,4,23.36
2023-03-27,Monday,5,27.24
2023-03-27,Monday,6,45.0
2023-03-27,Monday,7,44.97
2023-03-27,Monday,8,44.02
2023-03-27,Monday,9,75.78
2023-03-27,Monday,10,79.13
2023-03-27,Monday,11,70.66
2023-03-27,Monday,12,66.71
2023-03-27,Monday,13,68.48
2023-03-27,Monday,14,73.27
2023-03-27,Monday,15,75.9
2023-03-27,Monday,16,77.62
2023-03-27,Monday,17,52.62
2023-03-27,Monday,18,50.79
2023-03-27,Monday,19,50.58
2023-03-27,Monday,20,52.55
2023-03-27,Monday,21,29.73
2023-03-27,Monday,22,30.78
2023-03-27,Monday,23,29.79
2023-03-28,Tuesday,0,25.53
2023-03-28,Tuesday,1,23.83
2023-03-28,Tuesday,2,20.12
2023-03-28,Tuesday,3,24.73
2023-03-28,Tuesday,4,27.85
2023-03-28,Tuesday,5,26.85
2023-03-28,Tuesday,6,47.9
2023-03-28,Tuesday,7,48.71
2023-03-28,Tuesday,8,45.27
2023-03-28,Tuesday,9,75.99
2023-03-28,Tuesday,10,71.91
2023-03-28,Tuesday,11,73.42
2023-03-28,Tuesday,12,73.08
2023-03-28,Tuesday,13,76.02
2023-03-28,Tuesday,14,79.3
2023-03-28,Tuesday,15,77.75
2023-03-28,Tuesday,16,80.0
2023-03-28,Tuesday,17,51.8
2023-03-28,Tuesday,18,45.67
2023-03-28,Tuesday,19,43.11
2023-03-28,Tuesday,20,48.35
2023-03-28,Tuesday,21,27.56
2023-03-28,Tuesday,22,28.98
2023-03-28,Tuesday,23,29.7
2023-03-29,Wednesday,0,24.09
2023-03-29,Wednesday,1,27.9
2023-03-29,Wednesday,2,25.65
2023-03-29,Wednesday,3,25.6
2023-03-29,Wednesday,4,26.24
2023-03-29,Wednesday,5,22.72
2023-03-29,Wednesday,6,48.12
2023-03-29,Wednesday,7,44.77
2023-03-29,Wednesday,8,47.01
2023-03-29,Wednesday,9,69.64
2023-03-29,Wednesday,10,67.23
2023-03-29,Wednesday,11,79.09
2023-03-29,Wednesday,12,71.88
2023-03-29,Wednesday,13,65.49
2023-03-29,Wednesday,14,75.65
2023-03-29,Wednesday,15,85.63
2023-03-29,Wednesday,16,74.05
2023-03-29,Wednesday,17,54.93
2023-03-29,Wednesday,18,47.3
2023-03-29,Wednesday,19,51.92
2023-03-29,Wednesday,20,49.01
2023-03-29,Wednesday,21,31.21
2023-03-29,Wednesday,22,28.91
2023-03-29,Wednesday,23,29.67
2023-03-30,Thursday,0,25.08
2023-03-30,Thursday,1,23.0
2023-03-30,Thursday,2,26.48
2023-03-30,Thursday,3,23.97
2023-03-30,Thursday,4,24.54
2023-03-30,Thursday,5,23.01
2023-03-30,Thursday,6,37.31
2023-03-30,Thursday,7,44.43
2023-03-30,Thursday,8,52.24
2023-03-30,Thursday,9,78.92
2023-03-30,Thursday,10,74.9
2023-03-30,Thursday,11,73.69
2023-03-30,Thursday,12,70.11
2023-03-30,Thursday,13,72.74
2023-03-30,Thursday,14,74.1
2023-03-30,Thursday,15,85.57
2023-03-30,Thursday,16,83.58
2023-03-30,Thursday,17,52.15
2023-03-30,Thursday,18,51.32
2023-03-30,Thursday,19,50.06
2023-03-30,Thursday,20,52.02
2023-03-30,Thursday,21,31.18
2023-03-30,Thursday,22,29.29
2023-03-30,Thursday,23,28.85
2023-03-31,Friday,0,25.2
2023-03-31,Friday,1,28.1
2023-03-31,Friday,2,22.52
2023-03-31,Friday,3,22.06
2023-03-31,Friday,4,25.33
2023-03-31,Friday,5,25.1
2023-03-31,Friday,6,45.52
2023-03-31,Friday,7,45.73
2023-03-31,Friday,8,44.33
2023-03-31,Friday,9,82.45
2023-03-31,Friday,10,67.0
2023-03-31,Friday,11,70.86
2023-03-31,Friday,12,69.48
2023-03-31,Friday,13,61.78
2023-03-31,Friday,14,79.12
2023-03-31,Friday,15,88.31
2023-03-31,Friday,16,80.1
2023-03-31,Friday,17,50.69
2023-03-31,Friday,18,46.22
2023-03-31,Friday,19,48.15
2023-03-31,Friday,20,48.87
2023-03-31,Friday,21,29.36
2023-03-31,Friday,22,32.56
2023-03-31,Friday,23,31.12
2023-04-01,Saturday,0,12.78
2023-04-01,Saturday,1,15.49
2023-04-01,Saturday,2,16.0
2023-04-01,Saturday,3,17.28
2023-04-01,Saturday,4,18.16
2023-04-01,Saturday,5,12.97
2023-04-01,Saturday,6,18.38
2023-04-01,Saturday,7,17.48
2023-04-01,Saturday,8,19.53
2023-04-01,Saturday,9,36.4
2023-04-01,Saturday,10,37.96
2023-04-01,Saturday,11,34.77
2023-04-01,Saturday,12,34.04
2023-04-01,Saturday,13,35.46
2023-04-01,Saturday,14,32.49
2023-04-01,Saturday,15,41.27
2023-04-01,Saturday,16,30.18
2023-04-01,Saturday,17,40.37
2023-04-01,Saturday,18,44.05
2023-04-01,Saturday,19,40.01
2023-04-01,Saturday,20,39.62
2023-04-01,Saturday,21,19.29
2023-04-01,Saturday,22,19.64
2023-04-01,Saturday,23,22.75
2023-04-02,Sunday,0,10.58
2023-04-02,Sunday,1,18.07
2023-04-02,Sunday,2,12.15
2023-04-02,Sunday,3,14.47
2023-04-02,Sunday,4,14.14
2023-04-02,Sunday,5,16.18
2023-04-02,Sunday,6,16.8
2023-04-02,Sunday,7,20.92
2023-04-02,Sunday,8,24.05
2023-04-02,Sunday,9,30.91
2023-04-02,Sunday,10,35.57
2023-04-02,Sunday,11,33.01
2023-04-02,Sunday,12,36.28
2023-04-02,Sunday,13,35.06
2023-04-02,Sunday,14,33.08
2023-04-02,Sunday,15,36.46
2023-04-02,Sunday,16,40.41
2023-04-02,Sunday,17,39.62
2023-04-02,Sunday,18,41.44
2023-04-02,Sunday,19,37.41
2023-04-02,Sunday,20,38.09
2023-04-02,Sunday,21,20.94
2023-04-02,Sunday,22,22.97
2023-04-02,Sunday,23,20.71
2023-04-03,Monday,0,24.37
2023-04-03,Monday,1,25.0
2023-04-03,Monday,2,22.5
2023-04-03,Monday,3,26.21
2023-04-03,Monday,4,26.76
2023-04-03,Monday,5,24.1
2023-04-03,Monday,6,43.59
2023-04-03,Monday,7,45.8
2023-04-03,Monday,8,43.69
2023-04-03,Monday,9,74.67
2023-04-03,Monday,10,85.5
2023-04-03,Monday,11,73.76
2023-04-03,Monday,12,68.21
2023-04-03,Monday,13,66.76
2023-04-03,Monday,14,83.72
2023-04-03,Monday,15,79.09
2023-04-03,Monday,16,76.75
2023-04-03,Monday,17,53.96
2023-04-03,Monday,18,54.26
2023-04-03,Monday,19,48.2
2023-04-03,Monday,20,44.4
2023-04-03,Monday,21,32.02
2023-04-03,Monday,22,28.63
2023-04-03,Monday,23,31.58
2023-04-04,Tuesday,0,21.06
2023-04-04,Tuesday,1,26.79
2023-04-04,Tuesday,2,22.58
2023-04-04,Tuesday,3,26.46
2023-04-04,Tuesday,4,25.03
2023-04-04,Tuesday,5,23.09
2023-04-04,Tuesday,6,43.78
2023-04-04,Tuesday,7,47.06
2023-04-04,Tuesday,8,45.32
2023-04-04,Tuesday,9,77.92
2023-04-04,Tuesday,10,84.88
2023-04-04,Tuesday,11,67.18
2023-04-04,Tuesday,12,78.09
2023-04-04,Tuesday,13,70.52
2023-04-04,Tuesday,14,75.51
2023-04-04,Tuesday,15,73.35
2023-04-04,Tuesday,16,79.05
2023-04-04,Tuesday,17,52.76
2023-04-04,Tuesday,18,49.62
2023-04-04,Tuesday,19,54.53
2023-04-04,Tuesday,20,45.65
2023-04-04,Tuesday,21,29.98
2023-04-04,Tuesday,22,27.5
2023-04-04,Tuesday,23,30.73
2023-04-05,Wednesday,0,26.77
2023-04-05,Wednesday,1,24.16
2023-04-05,Wednesday,2,19.79
2023-04-05,Wednesday,3,25.4
2023-04-05,Wednesday,4,25.87
2023-04-05,Wednesday,5,25.81
2023-04-05,Wednesday,6,48.71
2023-04-05,Wednesday,7,41.79
2023-04-05,Wednesday,8,47.04
2023-04-05,Wednesday,9,80.96
2023-04-05,Wednesday,10,66.11
2023-04-05,Wednesday,11,76.6
2023-04-05,Wednesday,12,67.48
2023-04-05,Wednesday,13,69.59
2023-04-05,Wednesday,14,81.74
2023-04-05,Wednesday,15,77.56
2023-04-05,Wednesday,16,76.62
2023-04-05,Wednesday,17,50.1
2023-04-05,Wednesday,18,46.74
2023-04-05,Wednesday,19,46.74
2023-04-05,Wednesday,20,52.04
2023-04-05,Wednesday,21,27.7
2023-04-05,Wednesday,22,31.33
2023-04-05,Wednesday,23,30.93
2023-04-06,Thursday,0,21.55
2023-04-06,Thursday,1,23.64
2023-04-06,Thursday,2,27.39
2023-04-06,Thursday,3,23.04
2023-04-06,Thursday,4,24.07
2023-04-06,Thursday,5,25.92
2023-04-06,Thursday,6,47.35
2023-04-06,Thursday,7,44.25
2023-04-06,Thursday,8,43.21
2023-04-06,Thursday,9,82.11
2023-04-06,Thursday,10,83.69
2023-04-06,Thursday,11,79.89
2023-04-06,Thursday,12,70.43
2023-04-06,Thursday,13,65.96
2023-04-06,Thursday,14,75.85
2023-04-06,Thursday,15,82.61
2023-04-06,Thursday,16,82.09
2023-04-06,Thursday,17,54.2
2023-04-06,Thursday,18,51.95
2023-04-06,Thursday,19,45.49
2023-04-06,Thursday,20,53.16
2023-04-06,Thursday,21,28.0
2023-04-06,Thursday,22,29.23
2023-04-06,Thursday,23,30.5
2023-04-07,Friday,0,28.99
2023-04-07,Friday,1,31.22
2023-04-07,Friday,2,26.21
2023-04-07,Friday,3,24.63
2023-04-07,Friday,4,26.07
2023-04-07,Friday,5,26.78
2023-04-07,Friday,6,44.04
2023-04-07,Friday,7,50.39
2023-04-07,Friday,8,45.69
2023-04-07,Friday,9,77.49
2023-04-07,Friday,10,78.33
2023-04-07,Friday,11,77.11
2023-04-07,Friday,12,74.19
2023-04-07,Friday,13,66.91
2023-04-07,Friday,14,77.21
2023-04-07,Friday,15,74.5
2023-04-07,Friday,16,82.2
2023-04-07,Friday,17,52.34
2023-04-07,Friday,18,51.37
2023-04-07,Friday,19,55.02
2023-04-07,Friday,20,49.98
2023-04-07,Friday,21,31.34
2023-04-07,Friday,22,27.82
2023-04-07,Friday,23,29.23
2023-04-08,Saturday,0,16.39
2023-04-08,Saturday,1,16.7
2023-04-08,Saturday,2,14.41
2023-04-08,Saturday,3,14.86
2023-04-08,Saturday,4,11.96
2023-04-08,Saturday,5,14.29
2023-04-08,Saturday,6,21.78
2023-04-08,Saturday,7,21.15
2023-04-08,Saturday,8,21.0
2023-04-08,Saturday,9,35.15
2023-04-08,Saturday,10,35.02
2023-04-08,Saturday,11,33.02
2023-04-08,Saturday,12,37.1
2023-04-08,Saturday,13,36.26
2023-04-08,Saturday,14,36.48
2023-04-08,Saturday,15,33.42
2023-04-08,Saturday,16,28.54
2023-04-08,Saturday,17,42.19
2023-04-08,Saturday,18,39.04
2023-04-08,Saturday,19,38.27
2023-04-08,Saturday,20,41.39
2023-04-08,Saturday,21,19.22
2023-04-08,Saturday,22,22.12
2023-04-08,Saturday,23,21.23
2023-04-09,Sunday,0,16.37
2023-04-09,Sunday,1,12.27
2023-04-09,Sunday,2,17.42
2023-04-09,Sunday,3,15.52
2023-04-09,Sunday,4,14.26
2023-04-09,Sunday,5,15.29
2023-04-09,Sunday,6,16.45
2023-04-09,Sunday,7,20.82
2023-04-09,Sunday,8,17.94
2023-04-09,Sunday,9,30.94
2023-04-09,Sunday,10,30.43
2023-04-09,Sunday,11,38.34
2023-04-09,Sunday,12,33.11
2023-04-09,Sunday,13,39.6
2023-04-09,Sunday,14,33.39
2023-04-09,Sunday,15,29.88
2023-04-09,Sunday,16,31.65
2023-04-09,Sunday,17,42.47
2023-04-09,Sunday,18,39.69
2023-04-09,Sunday,19,38.9
2023-04-09,Sunday,20,40.32
2023-04-09,Sunday,21,21.0
2023-04-09,Sunday,22,22.23
2023-04-09,Sunday,23,22.9
2023-04-10,Monday,0,24.28
2023-04-10,Monday,1,22.35
2023-04-10,Monday,2,24.17
2023-04-10,Monday,3,25.52
2023-04-10,Monday,4,23.07
2023-04-10,Monday,5,23.09
2023-04-10,Monday,6,46.03
2023-04-10,Monday,7,44.85
2023-04-10,Monday,8,45.1
2023-04-10,Monday,9,71.21
2023-04-10,Monday,10,73.85
2023-04-10,Monday,11,70.38
2023-04-10,Monday,12,74.45
2023-04-10,Monday,13,75.18
2023-04-10,Monday,14,70.77
2023-04-10,Monday,15,75.35
2023-04-10,Monday,16,72.52
2023-04-10,Monday,17,48.05
2023-04-10,Monday,18,49.75
2023-04-10,Monday,19,45.65
2023-04-10,Monday,20,47.23
2023-04-10,Monday,21,27.99
2023-04-10,Monday,22,30.41
2023-04-10,Monday,23,30.14
2023-04-11,Tuesday,0,23.56
2023-04-11,Tuesday,1,25.35
2023-04-11,Tuesday,2,23.91
2023-04-11,Tuesday,3,24.46
2023-04-11,Tuesday,4,28.35
2023-04-11,Tuesday,5,27.68
2023-04-11,Tuesday,6,41.1
2023-04-11,Tuesday,7,47.49
2023-04-11,Tuesday,8,47.43
2023-04-11,Tuesday,9,69.26
2023-04-11,Tuesday,10,79.09
2023-04-11,Tuesday,11,82.69
2023-04-11,Tuesday,12,64.39
2023-04-11,Tuesday,13,65.41
2023-04-11,Tuesday,14,85.09
2023-04-11,Tuesday,15,81.36
2023-04-11,Tuesday,16,82.76
2023-04-11,Tuesday,17,51.02
2023-04-11,Tuesday,18,51.17
2023-04-11,Tuesday,19,46.02
2023-04-11,Tuesday,20,53.14
2023-04-11,Tuesday,21,32.34
2023-04-11,Tuesday,22,29.54
2023-04-11,Tuesday,23,29.91
2023-04-12,Wednesday,0,21.94
2023-04-12,Wednesday,1,26.03
2023-04-12,Wednesday,2,26.14
2023-04-12,Wednesday,3,24.88
2023-04-12,Wednesday,4,27.25
2023-04-12,Wednesday,5,24.33
2023-04-12,Wednesday,6,46.69
2023-04-12,Wednesday,7,41.94
2023-04-12,Wednesday,8,44.93
2023-04-12,Wednesday,9,74.13
2023-04-12,Wednesday,10,76.13
2023-04-12,Wednesday,11,73.15
2023-04-12,Wednesday,12,69.34
2023-04-12,Wednesday,13,74.13
2023-04-12,Wednesday,14,77.82
2023-04-12,Wednesday,15,71.97
2023-04-12,Wednesday,16,88.75
2023-04-12,Wednesday,17,54.14
2023-04-12,Wednesday,18,46.12
2023-04-12,Wednesday,19,52.07
2023-04-12,Wednesday,20,48.49
2023-04-12,Wednesday,21,30.53
2023-04-12,Wednesday,22,30.59
2023-04-12,Wednesday,23,29.53
2023-04-13,Thursday,0,23.43
2023-04-13,Thursday,1,23.62
2023-04-13,Thursday,2,23.17
2023-04-13,Thursday,3,23.34
2023-04-13,Thursday,4,24.87
2023-04-13,Thursday,5,23.57
2023-04-13,Thursday,6,47.05
2023-04-13,Thursday,7,49.46
2023-04-13,Thursday,8,43.26
2023-04-13,Thursday,9,76.2
2023-04-13,Thursday,10,77.5
2023-04-13,Thursday,11,77.36
2023-04-13,Thursday,12,70.38
2023-04-13,Thursday,13,73.71
2023-04-13,Thursday,14,82.41
2023-04-13,Thursday,15,73.81
2023-04-13,Thursday,16,84.35
2023-04-13,Thursday,17,52.66
2023-04-13,Thursday,18,47.71
2023-04-13,Thursday,19,50.11
2023-04-13,Thursday,20,52.05
2023-04-13,Thursday,21,29.58
2023-04-13,Thursday,22,32.15
2023-04-13,Thursday,23,34.73
2023-04-14,Friday,0,23.43
2023-04-14,Friday,1,22.24
2023-04-14,Friday,2,25.61
2023-04-14,Friday,3,26.44
2023-04-14,Friday,4,24.54
2023-04-14,Friday,5,27.91
2023-04-14,Friday,6,40.98
2023-04-14,Friday,7,47.08
2023-04-14,Friday,8,43.18
2023-04-14,Friday,9,83.6
2023-04-14,Friday,10,84.96
2023-04-14,Friday,11,71.17
2023-04-14,Friday,12,67.25
2023-04-14,Friday,13,74.3
2023-04-14,Friday,14,78.06
2023-04-14,Friday,15,79.77
2023-04-14,Friday,16,80.13
2023-04-14,Friday,17,44.24
2023-04-14,Friday,18,49.96
2023-04-14,Friday,19,47.93
2023-04-14,Friday,20,48.52
2023-04-14,Friday,21,32.89
2023-04-14,Friday,22,27.49
2023-04-14,Friday,23,31.63
2023-04-15,Saturday,0,14.44
2023-04-15,Saturday,1,14.44
2023-04-15,Saturday,2,16.58
2023-04-15,Saturday,3,15.68
2023-04-15,Saturday,4,16.14
2023-04-15,Saturday,5,16.94
2023-04-15,Saturday,6,19.34
2023-04-15,Saturday,7,18.78
2023-04-15,Saturday,8,17.83
2023-04-15,Saturday,9,32.52
2023-04-15,Saturday,10,43.85
2023-04-15,Saturday,11,38.73
2023-04-15,Saturday,12,30.95
2023-04-15,Saturday,13,31.03
2023-04-15,Saturday,14,36.45
2023-04-15,Saturday,15,36.64
2023-04-15,Saturday,16,36.65
2023-04-15,Saturday,17,39.49
2023-04-15,Saturday,18,39.75
2023-04-15,Saturday,19,40.66
2023-04-15,Saturday,20,40.17
2023-04-15,Saturday,21,15.56
2023-04-15,Saturday,22,19.54
2023-04-15,Saturday,23,18.3
2023-04-16,Sunday,0,15.35
2023-04-16,Sunday,1,20.97
2023-04-16,Sunday,2,15.73
2023-04-16,Sunday,3,14.37
2023-04-16,Sunday,4,16.84
2023-04-16,Sunday,5,15.97
2023-04-16,Sunday,6,20.84
2023-04-16,Sunday,7,21.21
2023-04-16,Sunday,8,24.11
2023-04-16,Sunday,9,31.61
2023-04-16,Sunday,10,36.42
2023-04-16,Sunday,11,32.22
2023-04-16,Sunday,12,36.67
2023-04-16,Sunday,13,32.24
2023-04-16,Sunday,14,33.75
2023-04-16,Sunday,15,34.11
2023-04-16,Sunday,16,37.93
2023-04-16,Sunday,17,41.84
2023-04-16,Sunday,18,37.51
2023-04-16,Sunday,19,40.11
2023-04-16,Sunday,20,38.58
2023-04-16,Sunday,21,17.48
2023-04-16,Sunday,22,19.57
2023-04-16,Sunday,23,19.38
2023-04-17,Monday,0,29.85
2023-04-17,Monday,1,25.87
2023-04-17,Monday,2,22.24
2023-04-17,Monday,3,23.87
2023-04-17,Monday,4,27.04
2023-04-17,Monday,5,29.18
2023-04-17,Monday,6,40.24
2023-04-17,Monday,7,39.36
2023-04-17,Monday,8,50.61
2023-04-17,Monday,9,76.95
2023-04-17,Monday,10,70.66
2023-04-17,Monday,11,77.67
2023-04-17,Monday,12,56.82
2023-04-17,Monday,13,70.02
2023-04-17,Monday,14,81.64
2023-04-17,Monday,15,84.62
2023-04-17,Monday,16,74.93
2023-04-17,Monday,17,50.26
2023-04-17,Monday,18,47.22
2023-04-17,Monday,19,50.77
2023-04-17,Monday,20,47.31
2023-04-17,Monday,21,29.18
2023-04-17,Monday,22,28.01
2023-04-17,Monday,23,31.3
2023-04-18,Tuesday,0,26.72
2023-04-18,Tuesday,1,24.53
2023-04-18,Tuesday,2,25.08
2023-04-18,Tuesday,3,22.1
2023-04-18,Tuesday,4,24.4
2023-04-18,Tuesday,5,24.9
2023-04-18,Tuesday,6,52.86
2023-04-18,Tuesday,7,41.66
2023-04-18,Tuesday,8,49.39
2023-04-18,Tuesday,9,79.98
2023-04-18,Tuesday,10,76.4
2023-04-18,Tuesday,11,83.79
2023-04-18,Tuesday,12,71.86
2023-04-18,Tuesday,13,71.95
2023-04-18,Tuesday,14,79.73
2023-04-18,Tuesday,15,86.12
2023-04-18,Tuesday,16,85.48
2023-04-18,Tuesday,17,48.12
2023-04-18,Tuesday,18,46.04
2023-04-18,Tuesday,19,49.39
2023-04-18,Tuesday,20,47.6
2023-04-18,Tuesday,21,29.87
2023-04-18,Tuesday,22,32.47
2023-04-18,Tuesday,23,29.09
2023-04-19,Wednesday,0,24.91
2023-04-19,Wednesday,1,25.12
2023-04-19,Wednesday,2,26.7
2023-04-19,Wednesday,3,20.51
2023-04-19,Wednesday,4,23.79
2023-04-19,Wednesday,5,25.42
2023-04-19,Wednesday,6,48.6
2023-04-19,Wednesday,7,43.52
2023-04-19,Wednesday,8,39.37
2023-04-19,Wednesday,9,78.1
2023-04-19,Wednesday,10,71.82
2023-04-19,Wednesday,11,69.05
2023-04-19,Wednesday,12,66.88
2023-04-19,Wednesday,13,69.08
2023-04-19,Wednesday,14,76.98
2023-04-19,Wednesday,15,68.97
2023-04-19,Wednesday,16,84.49
2023-04-19,Wednesday,17,53.82
2023-04-19,Wednesday,18,51.95
2023-04-19,Wednesday,19,46.59
2023-04-19,Wednesday,20,49.4
2023-04-19,Wednesday,21,29.99
2023-04-19,Wednesday,22,31.2
2023-04-19,Wednesday,23,31.34
2023-04-20,Thursday,0,23.53
2023-04-20,Thursday,1,25.16
2023-04-20,Thursday,2,25.91
2023-04-20,Thursday,3,27.91
2023-04-20,Thursday,4,26.41
2023-04-20,Thursday,5,26.58
2023-04-20,Thursday,6,45.25
2023-04-20,Thursday,7,49.23
2023-04-20,Thursday,8,46.23
2023-04-20,Thursday,9,70.69
2023-04-20,Thursday,10,82.02
2023-04-20,Thursday,11,78.49
2023-04-20,Thursday,12,67.78
2023-04-20,Thursday,13,67.6
2023-04-20,Thursday,14,81.48
2023-04-20,Thursday,15,82.32
2023-04-20,Thursday,16,80.99
2023-04-20,Thursday,17,50.93
2023-04-20,Thursday,18,55.1
2023-04-20,Thursday,19,53.21
2023-04-20,Thursday,20,50.57
2023-04-20,Thursday,21,31.88
2023-04-20,Thursday,22,27.93
2023-04-20,Thursday,23,30.8
2023-04-21,Friday,0,28.62
2023-04-21,Friday,1,24.56
2023-04-21,Friday,2,23.3
2023-04-21,Friday,3,23.7
2023-04-21,Friday,4,22.82
2023-04-21,Friday,5,23.43
2023-04-21,Friday,6,43.89
2023-04-21,Friday,7,40.78
2023-04-21,Friday,8,45.05
2023-04-21,Friday,9,79.51
2023-04-21,Friday,10,70.46
2023-04-21,Friday,11,82.6
2023-04-21,Friday,12,72.55
2023-04-21,Friday,13,75.15
2023-04-21,Friday,14,76.71
2023-04-21,Friday,15,84.27
2023-04-21,Friday,16,74.54
2023-04-21,Friday,17,52.67
2023-04-21,Friday,18,50.52
2023-04-21,Friday,19,51.66
2023-04-21,Friday,20,46.47
2023-04-21,Friday,21,28.21
2023-04-21,Friday,22,31.19
2023-04-21,Friday,23,28.1
2023-04-22,Saturday,0,15.93
2023-04-22,Saturday,1,12.27
2023-04-22,Saturday,2,16.7
2023-04-22,Saturday,3,12.53
2023-04-22,Saturday,4,16.1
2023-04-22,Saturday,5,16.25
2023-04-22,Saturday,6,18.61
2023-04-22,Saturday,7,21.16
2023-04-22,Saturday,8,20.52
2023-04-22,Saturday,9,33.38
2023-04-22,Saturday,10,31.97
2023-04-22,Saturday,11,29.11
2023-04-22,Saturday,12,36.05
2023-04-22,Saturday,13,30.31
2023-04-22,Saturday,14,35.29
2023-04-22,Saturday,15,34.21
2023-04-22,Saturday,16,37.04
2023-04-22,Saturday,17,39.4
2023-04-22,Saturday,18,39.34
2023-04-22,Saturday,19,41.46
2023-04-22,Saturday,20,40.67
2023-04-22,Saturday,21,20.63
2023-04-22,Saturday,22,20.94
2023-04-22,Saturday,23,16.93
2023-04-23,Sunday,0,16.51
2023-04-23,Sunday,1,16.22
2023-04-23,Sunday,2,12.97
2023-04-23,Sunday,3,14.51
2023-04-23,Sunday,4,14.92
2023-04-23,Sunday,5,14.73
2023-04-23,Sunday,6,20.67
2023-04-23,Sunday,7,22.86
2023-04-23,Sunday,8,22.16
2023-04-23,Sunday,9,31.06
2023-04-23,Sunday,10,36.87
2023-04-23,Sunday,11,38.99
2023-04-23,Sunday,12,36.16
2023-04-23,Sunday,13,38.27
2023-04-23,Sunday,14,41.04
2023-04-23,Sunday,15,38.07
2023-04-23,Sunday,16,35.75
2023-04-23,Sunday,17,42.09
2023-04-23,Sunday,18,40.29
2023-04-23,Sunday,19,40.05
2023-04-23,Sunday,20,39.3
2023-04-23,Sunday,21,23.13
2023-04-23,Sunday,22,18.36
2023-04-23,Sunday,23,23.06
2023-04-24,Monday,0,26.0
2023-04-24,Monday,1,22.2
2023-04-24,Monday,2,25.74
2023-04-24,Monday,3,20.8
2023-04-24,Monday,4,26.25
2023-04-24,Monday,5,26.77
2023-04-24,Monday,6,43.22
2023-04-24,Monday,7,45.37
2023-04-24,Monday,8,50.86
2023-04-24,Monday,9,72.47
2023-04-24,Monday,10,69.71
2023-04-24,Monday,11,82.41
2023-04-24,Monday,12,79.81
2023-04-24,Monday,13,70.02
2023-04-24,Monday,14,85.06
2023-04-24,Monday,15,86.71
2023-04-24,Monday,16,76.29
2023-04-24,Monday,17,48.54
2023-04-24,Monday,18,53.69
2023-04-24,Monday,19,55.06
2023-04-24,Monday,20,51.69
2023-04-24,Monday,21,28.24
2023-04-24,Monday,22,33.97
2023-04-24,Monday,23,28.94
2023-04-25,Tuesday,0,24.33
2023-04-25,Tuesday,1,25.68
2023-04-25,Tuesday,2,28.11
2023-04-25,Tuesday,3,26.71
2023-04-25,Tuesday,4,25.83
2023-04-25,Tuesday,5,25.93
2023-04-25,Tuesday,6,45.13
2023-04-25,Tuesday,7,46.67
2023-04-25,Tuesday,8,37.41
2023-04-25,Tuesday,9,73.52
2023-04-25,Tuesday,10,76.21
2023-04-25,Tuesday,11,69.24
2023-04-25,Tuesday,12,71.93
2023-04-25,Tuesday,13,68.98
2023-04-25,Tuesday,14,88.78
2023-04-25,Tuesday,15,87.87
2023-04-25,Tuesday,16,77.67
2023-04-25,Tuesday,17,49.55
2023-04-25,Tuesday,18,49.78
2023-04-25,Tuesday,19,48.65
2023-04-25,Tuesday,20,50.59
2023-04-25,Tuesday,21,28.48
2023-04-25,Tuesday,22,27.74
2023-04-25,Tuesday,23,31.25
2023-04-26,Wednesday,0,26.26
2023-04-26,Wednesday,1,23.39
2023-04-26,Wednesday,2,26.79
2023-04-26,Wednesday,3,23.74
2023-04-26,Wednesday,4,25.51
2023-04-26,Wednesday,5,26.64
2023-04-26,Wednesday,6,44.9
2023-04-26,Wednesday,7,46.36
2023-04-26,Wednesday,8,43.45
2023-04-26,Wednesday,9,74.02
2023-04-26,Wednesday,10,73.97
2023-04-26,Wednesday,11,71.27
2023-04-26,Wednesday,12,69.12
2023-04-26,Wednesday,13,62.26
2023-04-26,Wednesday,14,77.54
2023-04-26,Wednesday,15,78.58
2023-04-26,Wednesday,16,78.72
2023-04-26,Wednesday,17,49.28
2023-04-26,Wednesday,18,49.81
2023-04-26,Wednesday,19,51.44
2023-04-26,Wednesday,20,52.62
2023-04-26,Wednesday,21,28.7
2023-04-26,Wednesday,22,27.59
2023-04-26,Wednesday,23,27.92
2023-04-27,Thursday,0,24.03
2023-04-27,Thursday,1,24.3
2023-04-27,Thursday,2,23.46
2023-04-27,Thursday,3,22.41
2023-04-27,Thursday,4,24.09
2023-04-27,Thursday,5,25.36
2023-04-27,Thursday,6,46.79
2023-04-27,Thursday,7,43.33
2023-04-27,Thursday,8,43.76
2023-04-27,Thursday,9,70.37
2023-04-27,Thursday,10,74.84
2023-04-27,Thursday,11,70.76
2023-04-27,Thursday,12,72.87
2023-04-27,Thursday,13,61.07
2023-04-27,Thursday,14,78.2
2023-04-27,Thursday,15,81.51
2023-04-27,Thursday,16,80.92
2023-04-27,Thursday,17,58.08
2023-04-27,Thursday,18,51.05
2023-04-27,Thursday,19,46.99
2023-04-27,Thursday,20,49.71
2023-04-27,Thursday,21,26.45
2023-04-27,Thursday,22,29.84
2023-04-27,Thursday,23,28.33
2023-04-28,Friday,0,26.83
2023-04-28,Friday,1,23.9
2023-04-28,Friday,2,24.77
2023-04-28,Friday,3,23.73
2023-04-28,Friday,4,28.48
2023-04-28,Friday,5,24.36
2023-04-28,Friday,6,50.5
2023-04-28,Friday,7,47.44
2023-04-28,Friday,8,46.45
2023-04-28,Friday,9,76.84
2023-04-28,Friday,10,76.97
2023-04-28,Friday,11,65.36
2023-04-28,Friday,12,68.61
2023-04-28,Friday,13,74.23
2023-04-28,Friday,14,79.76
2023-04-28,Friday,15,72.97
2023-04-28,Friday,16,79.74
2023-04-28,Friday,17,55.11
2023-04-28,Friday,18,53.74
2023-04-28,Friday,19,49.81
2023-04-28,Friday,20,52.85
2023-04-28,Friday,21,29.27
2023-04-28,Friday,22,26.59
2023-04-28,Friday,23,28.15
2023-04-29,Saturday,0,18.13
2023-04-29,Saturday,1,14.45
2023-04-29,Saturday,2,14.51
2023-04-29,Saturday,3,14.4
2023-04-29,Saturday,4,18.81
2023-04-29,Saturday,5,18.25
2023-04-29,Saturday,6,24.44
2023-04-29,Saturday,7,19.68
2023-04-29,Saturday,8,20.59
2023-04-29,Saturday,9,30.45
2023-04-29,Saturday,10,39.43
2023-04-29,Saturday,11,31.5
2023-04-29,Saturday,12,35.65
2023-04-29,Saturday,13,31.71
2023-04-29,Saturday,14,33.23
2023-04-29,Saturday,15,32.49
2023-04-29,Saturday,16,33.18
2023-04-29,Saturday,17,38.92
2023-04-29,Saturday,18,38.9
2023-04-29,Saturday,19,41.67
2023-04-29,Saturday,20,37.79
2023-04-29,Saturday,21,20.44
2023-04-29,Saturday,22,22.44
2023-04-29,Saturday,23,18.97
2023-04-30,Sunday,0,13.56
2023-04-30,Sunday,1,14.54
2023-04-30,Sunday,2,17.36
2023-04-30,Sunday,3,15.39
2023-04-30,Sunday,4,13.94
2023-04-30,Sunday,5,15.97
2023-04-30,Sunday,6,17.8
2023-04-30,Sunday,7,21.36
2023-04-30,Sunday,8,20.82
2023-04-30,Sunday,9,34.08
2023-04-30,Sunday,10,32.48
2023-04-30,Sunday,11,32.34
2023-04-30,Sunday,12,36.6
2023-04-30,Sunday,13,38.69
2023-04-30,Sunday,14,33.09
2023-04-30,Sunday,15,36.38
2023-04-30,Sunday,16,28.74
2023-04-30,Sunday,17,38.83
2023-04-30,Sunday,18,39.94
2023-04-30,Sunday,19,38.18
2023-04-30,Sunday,20,38.13
2023-04-30,Sunday,21,18.66
2023-04-30,Sunday,22,20.58
2023-04-30,Sunday,23,19.63
2023-05-01,Monday,0,20.52
2023-05-01,Monday,1,20.76
2023-05-01,Monday,2,23.79
2023-05-01,Monday,3,25.92
2023-05-01,Monday,4,19.5
2023-05-01,Monday,5,24.0
2023-05-01,Monday,6,43.42
2023-05-01,Monday,7,49.17
2023-05-01,Monday,8,43.84
2023-05-01,Monday,9,76.91
2023-05-01,Monday,10,75.71
2023-05-01,Monday,11,64.35
2023-05-01,Monday,12,73.84
2023-05-01,Monday,13,71.08
2023-05-01,Monday,14,82.54
2023-05-01,Monday,15,99.63
2023-05-01,Monday,16,69.58
2023-05-01,Monday,17,55.17
2023-05-01,Monday,18,49.14
2023-05-01,Monday,19,50.86
2023-05-01,Monday,20,49.86
2023-05-01,Monday,21,29.15
2023-05-01,Monday,22,28.86
2023-05-01,Monday,23,30.66
2023-05-02,Tuesday,0,21.97
2023-05-02,Tuesday,1,26.5
2023-05-02,Tuesday,2,24.17
2023-05-02,Tuesday,3,22.74
2023-05-02,Tuesday,4,24.1
2023-05-02,Tuesday,5,27.51
2023-05-02,Tuesday,6,43.39
2023-05-02,Tuesday,7,46.08
2023-05-02,Tuesday,8,42.81
2023-05-02,Tuesday,9,78.79
2023-05-02,Tuesday,10,78.43
2023-05-02,Tuesday,11,84.24
2023-05-02,Tuesday,12,69.12
2023-05-02,Tuesday,13,73.34
2023-05-02,Tuesday,14,80.49
2023-05-02,Tuesday,15,86.48
2023-05-02,Tuesday,16,76.41
2023-05-02,Tuesday,17,52.24
2023-05-02,Tuesday,18,49.42
2023-05-02,Tuesday,19,49.81
2023-05-02,Tuesday,20,50.28
2023-05-02,Tuesday,21,30.5
2023-05-02,Tuesday,22,29.77
2023-05-02,Tuesday,23,30.43
2023-05-03,Wednesday,0,28.16
2023-05-03,Wednesday,1,26.97
2023-05-03,Wednesday,2,26.74
2023-05-03,Wednesday,3,24.09
2023-05-03,Wednesday,4,23.22
2023-05-03,Wednesday,5,26.91
2023-05-03,Wednesday,6,47.63
2023-05-03,Wednesday,7,49.42
2023-05-03,Wednesday,8,43.19
2023-05-03,Wednesday,9,73.85
2023-05-03,Wednesday,10,66.8
2023-05-03,Wednesday,11,73.04
2023-05-03,Wednesday,12,74.98
2023-05-03,Wednesday,13,67.67
2023-05-03,Wednesday,14,83.2
2023-05-03,Wednesday,15,79.05
2023-05-03,Wednesday,16,81.62
2023-05-03,Wednesday,17,46.56
2023-05-03,Wednesday,18,50.26
2023-05-03,Wednesday,19,41.03
2023-05-03,Wednesday,20,49.44
2023-05-03,Wednesday,21,26.74
2023-05-03,Wednesday,22,32.41
2023-05-03,Wednesday,23,31.55
2023-05-04,Thursday,0,25.93
2023-05-04,Thursday,1,28.04
2023-05-04,Thursday,2,23.1
2023-05-04,Thursday,3,28.49
2023-05-04,Thursday,4,26.86
2023-05-04,Thursday,5,24.53
2023-05-04,Thursday,6,48.41
2023-05-04,Thursday,7,41.68
2023-05-04,Thursday,8,42.53
2023-05-04,Thursday,9,71.96
2023-05-04,Thursday,10,72.36
2023-05-04,Thursday,11,69.72
2023-05-04,Thursday,12,76.12
2023-05-04,Thursday,13,68.71
2023-05-04,Thursday,14,81.76
2023-05-04,Thursday,15,77.15
2023-05-04,Thursday,16,70.9
2023-05-04,Thursday,17,50.81
2023-05-04,Thursday,18,44.26
2023-05-04,Thursday,19,49.79
2023-05-04,Thursday,20,45.9
2023-05-04,Thursday,21,33.97
2023-05-04,Thursday,22,31.82
2023-05-04,Thursday,23,30.21
2023-05-05,Friday,0,27.53
2023-05-05,Friday,1,23.31
2023-05-05,Friday,2,26.09
2023-05-05,Friday,3,25.4
2023-05-05,Friday,4,25.53
2023-05-05,Friday,5,27.54
2023-05-05,Friday,6,47.2
2023-05-05,Friday,7,45.87
2023-05-05,Friday,8,40.04
2023-05-05,Friday,9,70.2
2023-05-05,Friday,10,74.39
2023-05-05,Friday,11,75.47
2023-05-05,Friday,12,64.35
2023-05-05,Friday,13,82.06
2023-05-05,Friday,14,87.58
2023-05-05,Friday,15,83.01
2023-05-05,Friday,16,80.36
2023-05-05,Friday,17,49.36
2023-05-05,Friday,18,47.14
2023-05-05,Friday,19,50.23
2023-05-05,Friday,20,50.77
2023-05-05,Friday,21,27.52
2023-05-05,Friday,22,30.67
2023-05-05,Friday,23,29.69
2023-05-06,Saturday,0,11.18
2023-05-06,Saturday,1,13.28
2023-05-06,Saturday,2,14.17
2023-05-06,Saturday,3,18.78
2023-05-06,Saturday,4,16.11
2023-05-06,Saturday,5,12.33
2023-05-06,Saturday,6,20.97
2023-05-06,Saturday,7,16.91
2023-05-06,Saturday,8,22.17
2023-05-06,Saturday,9,33.59
2023-05-06,Saturday,10,34.72
2023-05-06,Saturday,11,38.98
2023-05-06,Saturday,12,31.14
2023-05-06,Saturday,13,30.81
2023-05-06,Saturday,14,33.25
2023-05-06,Saturday,15,38.12
2023-05-06,Saturday,16,30.44
2023-05-06,Saturday,17,34.34
2023-05-06,Saturday,18,39.1
2023-05-06,Saturday,19,41.1
2023-05-06,Saturday,20,42.4
2023-05-06,Saturday,21,19.07
2023-05-06,Saturday,22,19.18
2023-05-06,Saturday,23,22.31
2023-05-07,Sunday,0,11.26
2023-05-07,Sunday,1,14.22
2023-05-07,Sunday,2,15.38
2023-05-07,Sunday,3,15.9
2023-05-07,Sunday,4,13.98
2023-05-07,Sunday,5,15.07
2023-05-07,Sunday,6,15.02
2023-05-07,Sunday,7,18.68
2023-05-07,Sunday,8,20.91
2023-05-07,Sunday,9,32.05
2023-05-07,Sunday,10,35.18
2023-05-07,Sunday,11,36.34
2023-05-07,Sunday,12,33.97
2023-05-07,Sunday,13,35.51
2023-05-07,Sunday,14,32.11
2023-05-07,Sunday,15,34.38
2023-05-07,Sunday,16,36.83
2023-05-07,Sunday,17,40.31
2023-05-07,Sunday,18,38.83
2023-05-07,Sunday,19,40.45
2023-05-07,Sunday,20,41.43
2023-05-07,Sunday,21,15.9
2023-05-07,Sunday,22,22.32
2023-05-07,Sunday,23,19.33
2023-05-08,Monday,0,25.85
2023-05-08,Monday,1,27.39
2023-05-08,Monday,2,22.26
2023-05-08,Monday,3,23.58
2023-05-08,Monday,4,24.42
2023-05-08,Monday,5,23.43
2023-05-08,Monday,6,50.2
2023-05-08,Monday,7,42.43
2023-05-08,Monday,8,43.33
2023-05-08,Monday,9,76.02
2023-05-08,Monday,10,68.99
2023-05-08,Monday,11,73.02
2023-05-08,Monday,12,71.59
2023-05-08,Monday,13,68.34
2023-05-08,Monday,14,79.53
2023-05-08,Monday,15,77.35
2023-05-08,Monday,16,72.43
2023-05-08,Monday,17,50.96
2023-05-08,Monday,18,55.26
2023-05-08,Monday,19,50.06
2023-05-08,Monday,20,50.68
2023-05-08,Monday,21,31.39
2023-05-08,Monday,22,27.46
2023-05-08,Monday,23,33.41
2023-05-09,Tuesday,0,25.4
2023-05-09,Tuesday,1,28.26
2023-05-09,Tuesday,2,23.53
2023-05-09,Tuesday,3,28.64
2023-05-09,Tuesday,4,26.55
2023-05-09,Tuesday,5,26.11
2023-05-09,Tuesday,6,45.7
2023-05-09,Tuesday,7,44.25
2023-05-09,Tuesday,8,48.6
2023-05-09,Tuesday,9,75.7
2023-05-09,Tuesday,10,65.16
2023-05-09,Tuesday,11,69.41
2023-05-09,Tuesday,12,69.07
2023-05-09,Tuesday,13,71.55
2023-05-09,Tuesday,14,79.72
2023-05-09,Tuesday,15,86.09
2023-05-09,Tuesday,16,70.24
2023-05-09,Tuesday,17,50.43
2023-05-09,Tuesday,18,44.55
2023-05-09,Tuesday,19,52.28
2023-05-09,Tuesday,20,49.72
2023-05-09,Tuesday,21,30.84
2023-05-09,Tuesday,22,28.27
2023-05-09,Tuesday,23,32.56
2023-05-10,Wednesday,0,27.08
2023-05-10,Wednesday,1,26.17
2023-05-10,Wednesday,2,24.74
2023-05-10,Wednesday,3,26.16
2023-05-10,Wednesday,4,23.59
2023-05-10,Wednesday,5,26.71
2023-05-10,Wednesday,6,49.95
2023-05-10,Wednesday,7,48.21
2023-05-10,Wednesday,8,42.81
2023-05-10,Wednesday,9,76.81
2023-05-10,Wednesday,10,68.53
2023-05-10,Wednesday,11,77.86
2023-05-10,Wednesday,12,72.25
2023-05-10,Wednesday,13,60.65
2023-05-10,Wednesday,14,74.19
2023-05-10,Wednesday,15,78.58
2023-05-10,Wednesday,16,78.5
2023-05-10,Wednesday,17,46.37
2023-05-10,Wednesday,18,51.17
2023-05-10,Wednesday,19,50.75
2023-05-10,Wednesday,20,49.42
2023-05-10,Wednesday,21,28.49
2023-05-10,Wednesday,22,32.1
2023-05-10,Wednesday,23,33.31
2023-05-11,Thursday,0,24.03
2023-05-11,Thursday,1,23.78
2023-05-11,Thursday,2,25.98
2023-05-11,Thursday,3,24.28
2023-05-11,Thursday,4,24.72
2023-05-11,Thursday,5,26.48
2023-05-11,Thursday,6,39.27
2023-05-11,Thursday,7,48.95
2023-05-11,Thursday,8,45.22
2023-05-11,Thursday,9,72.94
2023-05-11,Thursday,10,74.55
2023-05-11,Thursday,11,74.81
2023-05-11,Thursday,12,61.34
2023-05-11,Thursday,13,77.47
2023-05-11,Thursday,14,80.21
2023-05-11,Thursday,15,82.22
2023-05-11,Thursday,16,84.76
2023-05-11,Thursday,17,46.94
2023-05-11,Thursday,18,51.42
2023-05-11,Thursday,19,49.2
2023-05-11,Thursday,20,52.54
2023-05-11,Thursday,21,25.75
2023-05-11,Thursday,22,29.8
2023-05-11,Thursday,23,28.79
2023-05-12,Friday,0,25.86
2023-05-12,Friday,1,25.94
2023-05-12,Friday,2,23.58
2023-05-12,Friday,3,23.58
2023-05-12,Friday,4,24.78
2023-05-12,Friday,5,23.21
2023-05-12,Friday,6,47.53
2023-05-12,Friday,7,43.89
2023-05-12,Friday,8,36.28
2023-05-12,Friday,9,73.13
2023-05-12,Friday,10,69.81
2023-05-12,Friday,11,66.84
2023-05-12,Friday,12,63.81
2023-05-12,Friday,13,70.55
2023-05-12,Friday,14,86.64
2023-05-12,Friday,15,81.57
2023-05-12,Friday,16,76.97
2023-05-12,Friday,17,51.37
2023-05-12,Friday,18,48.62
2023-05-12,Friday,19,47.92
2023-05-12,Friday,20,46.54
2023-05-12,Friday,21,26.5
2023-05-12,Friday,22,29.22
2023-05-12,Friday,23,30.32
2023-05-13,Saturday,0,14.81
2023-05-13,Saturday,1,14.17
2023-05-13,Saturday,2,13.11
2023-05-13,Saturday,3,16.22
2023-05-13,Saturday,4,12.37
2023-05-13,Saturday,5,16.55
2023-05-13,Saturday,6,18.0
2023-05-13,Saturday,7,18.5
2023-05-13,Saturday,8,17.07
2023-05-13,Saturday,9,33.5
2023-05-13,Saturday,10,37.93
2023-05-13,Saturday,11,36.55
2023-05-13,Saturday,12,37.94
2023-05-13,Saturday,13,36.57
2023-05-13,Saturday,14,31.69
2023-05-13,Saturday,15,34.01
2023-05-13,Saturday,16,32.66
2023-05-13,Saturday,17,42.66
2023-05-13,Saturday,18,37.61
2023-05-13,Saturday,19,41.79
2023-05-13,Saturday,20,41.79
2023-05-13,Saturday,21,23.66
2023-05-13,Saturday,22,19.18
2023-05-13,Saturday,23,21.42
2023-05-14,Sunday,0,19.56
2023-05-14,Sunday,1,13.76
2023-05-14,Sunday,2,11.93
2023-05-14,Sunday,3,11.24
2023-05-14,Sunday,4,16.43
2023-05-14,Sunday,5,11.23
2023-05-14,Sunday,6,19.26
2023-05-14,Sunday,7,20.87
2023-05-14,Sunday,8,20.37
2023-05-14,Sunday,9,36.28
2023-05-14,Sunday,10,35.67
2023-05-14,Sunday,11,38.84
2023-05-14,Sunday,12,32.14
2023-05-14,Sunday,13,32.97
2023-05-14,Sunday,14,32.68
2023-05-14,Sunday,15,37.49
2023-05-14,Sunday,16,37.7
2023-05-14,Sunday,17,40.9
2023-05-14,Sunday,18,42.37
2023-05-14,Sunday,19,37.64
2023-05-14,Sunday,20,43.33
2023-05-14,Sunday,21,23.05
2023-05-14,Sunday,22,21.47
2023-05-14,Sunday,23,23.56
2023-05-15,Monday,0,21.69
2023-05-15,Monday,1,23.95
2023-05-15,Monday,2,23.53
2023-05-15,Monday,3,26.44
2023-05-15,Monday,4,22.9
2023-05-15,Monday,5,26.51
2023-05-15,Monday,6,49.11
2023-05-15,Monday,7,47.09
2023-05-15,Monday,8,45.85
2023-05-15,Monday,9,70.06
2023-05-15,Monday,10,70.77
2023-05-15,Monday,11,81.25
2023-05-15,Monday,12,73.9
2023-05-15,Monday,13,69.8
2023-05-15,Monday,14,77.91
2023-05-15,Monday,15,69.87
2023-05-15,Monday,16,74.65
2023-05-15,Monday,17,55.73
2023-05-15,Monday,18,46.16
2023-05-15,Monday,19,50.57
2023-05-15,Monday,20,53.02
2023-05-15,Monday,21,27.49
2023-05-15,Monday,22,30.37
2023-05-15,Monday,23,31.88
2023-05-16,Tuesday,0,25.02
2023-05-16,Tuesday,1,30.74
2023-05-16,Tuesday,2,21.66
2023-05-16,Tuesday,3,27.12
2023-05-16,Tuesday,4,24.65
2023-05-16,Tuesday,5,26.54
2023-05-16,Tuesday,6,46.32
2023-05-16,Tuesday,7,42.8
2023-05-16,Tuesday,8,45.69
2023-05-16,Tuesday,9,65.71
2023-05-16,Tuesday,10,78.02
2023-05-16,Tuesday,11,76.49
2023-05-16,Tuesday,12,73.19
2023-05-16,Tuesday,13,75.29
2023-05-16,Tuesday,14,81.84
2023-05-16,Tuesday,15,80.74
2023-05-16,Tuesday,16,75.59
2023-05-16,Tuesday,17,47.86
2023-05-16,Tuesday,18,53.56
2023-05-16,Tuesday,19,54.31
2023-05-16,Tuesday,20,49.29
2023-05-16,Tuesday,21,30.09
2023-05-16,Tuesday,22,28.19
2023-05-16,Tuesday,23,32.35
2023-05-17,Wednesday,0,26.33
2023-05-17,Wednesday,1,28.88
2023-05-17,Wednesday,2,23.24
2023-05-17,Wednesday,3,24.24
2023-05-17,Wednesday,4,25.46
2023-05-17,Wednesday,5,26.29
2023-05-17,Wednesday,6,44.35
2023-05-17,Wednesday,7,42.38
2023-05-17,Wednesday,8,47.64
2023-05-17,Wednesday,9,78.61
2023-05-17,Wednesday,10,70.42
2023-05-17,Wednesday,11,81.78
2023-05-17,Wednesday,12,75.85
2023-05-17,Wednesday,13,70.67
2023-05-17,Wednesday,14,80.4
2023-05-17,Wednesday,15,82.77
2023-05-17,Wednesday,16,75.69
2023-05-17,Wednesday,17,50.09
2023-05-17,Wednesday,18,43.54
2023-05-17,Wednesday,19,52.63
2023-05-17,Wednesday,20,45.32
2023-05-17,Wednesday,21,33.01
2023-05-17,Wednesday,22,29.34
2023-05-17,Wednesday,23,29.58
2023-05-18,Thursday,0,23.74
2023-05-18,Thursday,1,24.42
2023-05-18,Thursday,2,27.84
2023-05-18,Thursday,3,20.02
2023-05-18,Thursday,4,27.55
2023-05-18,Thursday,5,25.68
2023-05-18,Thursday,6,41.38
2023-05-18,Thursday,7,41.77
2023-05-18,Thursday,8,50.03
2023-05-18,Thursday,9,70.27
2023-05-18,Thursday,10,69.23
2023-05-18,Thursday,11,80.69
2023-05-18,Thursday,12,71.69
2023-05-18,Thursday,13,65.31
2023-05-18,Thursday,14,81.08
2023-05-18,Thursday,15,74.87
2023-05-18,Thursday,16,85.5
2023-05-18,Thursday,17,53.18
2023-05-18,Thursday,18,51.6
2023-05-18,Thursday,19,51.08
2023-05-18,Thursday,20,55.28
2023-05-18,Thursday,21,30.0
2023-05-18,Thursday,22,27.64
2023-05-18,Thursday,23,30.9
2023-05-19,Friday,0,29.17
2023-05-19,Friday,1,22.97
2023-05-19,Friday,2,24.28
2023-05-19,Friday,3,25.83
2023-05-19,Friday,4,24.89
2023-05-19,Friday,5,23.04
2023-05-19,Friday,6,48.37
2023-05-19,Friday,7,51.96
2023-05-19,Friday,8,45.59
2023-05-19,Friday,9,70.48
2023-05-19,Friday,10,67.26
2023-05-19,Friday,11,76.29
2023-05-19,Friday,12,75.52
2023-05-19,Friday,13,72.38
2023-05-19,Friday,14,79.99
2023-05-19,Friday,15,77.05
2023-05-19,Friday,16,74.54
2023-05-19,Friday,17,52.5
2023-05-19,Friday,18,52.74
2023-05-19,Friday,19,45.36
2023-05-19,Friday,20,54.77
2023-05-19,Friday,21,31.15
2023-05-19,Friday,22,32.8
2023-05-19,Friday,23,27.32
2023-05-20,Saturday,0,12.27
2023-05-20,Saturday,1,14.7
2023-05-20,Saturday,2,16.01
2023-05-20,Saturday,3,18.59
2023-05-20,Saturday,4,16.41
2023-05-20,Saturday,5,14.51
2023-05-20,Saturday,6,17.95
2023-05-20,Saturday,7,22.46
2023-05-20,Saturday,8,18.07
2023-05-20,Saturday,9,39.89
2023-05-20,Saturday,10,34.15
2023-05-20,Saturday,11,39.77
2023-05-20,Saturday,12,37.04
2023-05-20,Saturday,13,34.59
2023-05-20,Saturday,14,33.44
2023-05-20,Saturday,15,33.98
2023-05-20,Saturday,16,36.28
2023-05-20,Saturday,17,40.15
2023-05-20,Saturday,18,38.81
2023-05-20,Saturday,19,39.67
2023-05-20,Saturday,20,40.16
2023-05-20,Saturday,21,15.74
2023-05-20,Saturday,22,20.92
2023-05-20,Saturday,23,18.04
2023-05-21,Sunday,0,12.69
2023-05-21,Sunday,1,11.63
2023-05-21,Sunday,2,11.41
2023-05-21,Sunday,3,12.29
2023-05-21,Sunday,4,13.58
2023-05-21,Sunday,5,18.91
2023-05-21,Sunday,6,18.95
2023-05-21,Sunday,7,20.36
2023-05-21,Sunday,8,20.8
2023-05-21,Sunday,9,35.39
2023-05-21,Sunday,10,34.77
2023-05-21,Sunday,11,31.41
2023-05-21,Sunday,12,39.35
2023-05-21,Sunday,13,40.42
2023-05-21,Sunday,14,29.95
2023-05-21,Sunday,15,31.93
2023-05-21,Sunday,16,34.16
2023-05-21,Sunday,17,38.07
2023-05-21,Sunday,18,41.01
2023-05-21,Sunday,19,38.54
2023-05-21,Sunday,20,44.33
2023-05-21,Sunday,21,22.38
2023-05-21,Sunday,22,20.43
2023-05-21,Sunday,23,22.05
2023-05-22,Monday,0,27.21
2023-05-22,Monday,1,23.87
2023-05-22,Monday,2,23.37
2023-05-22,Monday,3,25.16
2023-05-22,Monday,4,26.72
2023-05-22,Monday,5,25.28
2023-05-22,Monday,6,40.27
2023-05-22,Monday,7,42.59
2023-05-22,Monday,8,44.78
2023-05-22,Monday,9,74.62
2023-05-22,Monday,10,84.86
2023-05-22,Monday,11,68.07
2023-05-22,Monday,12,72.53
2023-05-22,Monday,13,77.45
2023-05-22,Monday,14,91.36
2023-05-22,Monday,15,77.98
2023-05-22,Monday,16,82.46
2023-05-22,Monday,17,51.71
2023-05-22,Monday,18,50.59
2023-05-22,Monday,19,49.7
2023-05-22,Monday,20,51.31
2023-05-22,Monday,21,24.94
2023-05-22,Monday,22,31.36
2023-05-22,Monday,23,30.25
2023-05-23,Tuesday,0,24.56
2023-05-23,Tuesday,1,29.09
2023-05-23,Tuesday,2,23.65
2023-05-23,Tuesday,3,24.19
2023-05-23,Tuesday,4,28.98
2023-05-23,Tuesday,5,23.34
2023-05-23,Tuesday,6,43.35
2023-05-23,Tuesday,7,44.56
2023-05-23,Tuesday,8,47.52
2023-05-23,Tuesday,9,76.04
2023-05-23,Tuesday,10,68.54
2023-05-23,Tuesday,11,72.34
2023-05-23,Tuesday,12,66.96
2023-05-23,Tuesday,13,69.61
2023-05-23,Tuesday,14,82.13
2023-05-23,Tuesday,15,82.09
2023-05-23,Tuesday,16,71.12
2023-05-23,Tuesday,17,53.19
2023-05-23,Tuesday,18,50.76
2023-05-23,Tuesday,19,54.15
2023-05-23,Tuesday,20,51.33
2023-05-23,Tuesday,21,32.2
2023-05-23,Tuesday,22,30.93
2023-05-23,Tuesday,23,32.69
2023-05-24,Wednesday,0,26.04
2023-05-24,Wednesday,1,24.8
2023-05-24,Wednesday,2,29.54
2023-05-24,Wednesday,3,26.78
2023-05-24,Wednesday,4,26.15
2023-05-24,Wednesday,5,22.45
2023-05-24,Wednesday,6,41.14
2023-05-24,Wednesday,7,45.88
2023-05-24,Wednesday,8,45.44
2023-05-24,Wednesday,9,71.93
2023-05-24,Wednesday,10,75.7
2023-05-24,Wednesday,11,82.94
2023-05-24,Wednesday,12,73.48
2023-05-24,Wednesday,13,64.29
2023-05-24,Wednesday,14,79.44
2023-05-24,Wednesday,15,75.98
2023-05-24,Wednesday,16,78.06
2023-05-24,Wednesday,17,48.76
2023-05-24,Wednesday,18,48.57
2023-05-24,Wednesday,19,46.23
2023-05-24,Wednesday,20,49.62
2023-05-24,Wednesday,21,28.88
2023-05-24,Wednesday,22,24.14
2023-05-24,Wednesday,23,34.11
2023-05-25,Thursday,0,27.18
2023-05-25,Thursday,1,24.25
2023-05-25,Thursday,2,25.04
2023-05-25,Thursday,3,22.66
2023-05-25,Thursday,4,28.39
2023-05-25,Thursday,5,28.79
2023-05-25,Thursday,6,45.47
2023-05-25,Thursday,7,48.07
2023-05-25,Thursday,8,45.53
2023-05-25,Thursday,9,68.32
2023-05-25,Thursday,10,72.94
2023-05-25,Thursday,11,75.66
2023-05-25,Thursday,12,67.73
2023-05-25,Thursday,13,68.91
2023-05-25,Thursday,14,79.54
2023-05-25,Thursday,15,79.6
2023-05-25,Thursday,16,80.26
2023-05-25,Thursday,17,46.82
2023-05-25,Thursday,18,47.85
2023-05-25,Thursday,19,46.15
2023-05-25,Thursday,20,52.93
2023-05-25,Thursday,21,25.79
2023-05-25,Thursday,22,32.31
2023-05-25,Thursday,23,32.77
2023-05-26,Friday,0,24.4
2023-05-26,Friday,1,19.79
2023-05-26,Friday,2,24.28
2023-05-26,Friday,3,24.87
2023-05-26,Friday,4,22.98
2023-05-26,Friday,5,23.97
2023-05-26,Friday,6,49.59
2023-05-26,Friday,7,46.99
2023-05-26,Friday,8,42.23
2023-05-26,Friday,9,67.01
2023-05-26,Friday,10,73.36
2023-05-26,Friday,11,73.93
2023-05-26,Friday,12,72.48
2023-05-26,Friday,13,67.32
2023-05-26,Friday,14,82.56
2023-05-26,Friday,15,89.68
2023-05-26,Friday,16,84.08
2023-05-26,Friday,17,49.86
2023-05-26,Friday,18,49.45
2023-05-26,Friday,19,48.93
2023-05-26,Friday,20,53.54
2023-05-26,Friday,21,28.75
2023-05-26,Friday,22,30.09
2023-05-26,Friday,23,30.1
2023-05-27,Saturday,0,14.0
2023-05-27,Saturday,1,12.26
2023-05-27,Saturday,2,15.65
2023-05-27,Saturday,3,14.88
2023-05-27,Saturday,4,16.0
2023-05-27,Saturday,5,13.93
2023-05-27,Saturday,6,22.44
2023-05-27,Saturday,7,18.25
2023-05-27,Saturday,8,23.42
2023-05-27,Saturday,9,29.76
2023-05-27,Saturday,10,36.3
2023-05-27,Saturday,11,36.43
2023-05-27,Saturday,12,32.61
2023-05-27,Saturday,13,36.27
2023-05-27,Saturday,14,38.84
2023-05-27,Saturday,15,28.35
2023-05-27,Saturday,16,36.51
2023-05-27,Saturday,17,35.01
2023-05-27,Saturday,18,38.07
2023-05-27,Saturday,19,43.26
2023-05-27,Saturday,20,38.84
2023-05-27,Saturday,21,17.65
2023-05-27,Saturday,22,19.6
2023-05-27,Saturday,23,24.14
2023-05-28,Sunday,0,11.34
2023-05-28,Sunday,1,12.9
2023-05-28,Sunday,2,17.99
2023-05-28,Sunday,3,18.72
2023-05-28,Sunday,4,14.79
2023-05-28,Sunday,5,12.52
2023-05-28,Sunday,6,24.19
2023-05-28,Sunday,7,23.19
2023-05-28,Sunday,8,21.36
2023-05-28,Sunday,9,32.56
2023-05-28,Sunday,10,34.85
2023-05-28,Sunday,11,34.52
2023-05-28,Sunday,12,35.99
2023-05-28,Sunday,13,39.35
2023-05-28,Sunday,14,37.64
2023-05-28,Sunday,15,31.77
2023-05-28,Sunday,16,39.13
2023-05-28,Sunday,17,40.63
2023-05-28,Sunday,18,41.37
2023-05-28,Sunday,19,42.93
2023-05-28,Sunday,20,37.78
2023-05-28,Sunday,21,19.93
2023-05-28,Sunday,22,18.94
2023-05-28,Sunday,23,16.86
2023-05-29,Monday,0,25.69
2023-05-29,Monday,1,30.02
2023-05-29,Monday,2,21.32
2023-05-29,Monday,3,24.94
2023-05-29,Monday,4,26.28
2023-05-29,Monday,5,25.25
2023-05-29,Monday,6,44.66
2023-05-29,Monday,7,41.1
2023-05-29,Monday,8,45.7
2023-05-29,Monday,9,71.22
2023-05-29,Monday,10,64.05
2023-05-29,Monday,11,80.97
2023-05-29,Monday,12,74.79
2023-05-29,Monday,13,70.26
2023-05-29,Monday,14,81.15
2023-05-29,Monday,15,85.37
2023-05-29,Monday,16,81.12
2023-05-29,Monday,17,52.71
2023-05-29,Monday,18,49.11
2023-05-29,Monday,19,53.94
2023-05-29,Monday,20,50.96
2023-05-29,Monday,21,30.39
2023-05-29,Monday,22,27.46
2023-05-29,Monday,23,30.57
2023-05-30,Tuesday,0,23.34
2023-05-30,Tuesday,1,23.72
2023-05-30,Tuesday,2,23.37
2023-05-30,Tuesday,3,22.87
2023-05-30,Tuesday,4,29.25
2023-05-30,Tuesday,5,27.66
2023-05-30,Tuesday,6,50.76
2023-05-30,Tuesday,7,41.33
2023-05-30,Tuesday,8,45.21
2023-05-30,Tuesday,9,68.53
2023-05-30,Tuesday,10,71.52
2023-05-30,Tuesday,11,70.41
2023-05-30,Tuesday,12,76.2
2023-05-30,Tuesday,13,68.02
2023-05-30,Tuesday,14,85.34
2023-05-30,Tuesday,15,83.02
2023-05-30,Tuesday,16,91.52
2023-05-30,Tuesday,17,45.56
2023-05-30,Tuesday,18,53.78
2023-05-30,Tuesday,19,53.44
2023-05-30,Tuesday,20,47.08
2023-05-30,Tuesday,21,32.01
2023-05-30,Tuesday,22,30.67
2023-05-30,Tuesday,23,29.55
2023-05-31,Wednesday,0,23.35
2023-05-31,Wednesday,1,23.56
2023-05-31,Wednesday,2,29.1
2023-05-31,Wednesday,3,25.0
2023-05-31,Wednesday,4,26.56
2023-05-31,Wednesday,5,23.42
2023-05-31,Wednesday,6,42.66
2023-05-31,Wednesday,7,48.25
2023-05-31,Wednesday,8,40.95
2023-05-31,Wednesday,9,72.92
2023-05-31,Wednesday,10,75.17
2023-05-31,Wednesday,11,75.56
2023-05-31,Wednesday,12,69.1
2023-05-31,Wednesday,13,71.98
2023-05-31,Wednesday,14,83.46
2023-05-31,Wednesday,15,83.67
2023-05-31,Wednesday,16,75.07
2023-05-31,Wednesday,17,49.15
2023-05-31,Wednesday,18,53.58
2023-05-31,Wednesday,19,52.68
2023-05-31,Wednesday,20,45.88
2023-05-31,Wednesday,21,30.7
2023-05-31,Wednesday,22,26.04
2023-05-31,Wednesday,23,30.09
2023-06-01,Thursday,0,28.8
2023-06-01,Thursday,1,23.1
2023-06-01,Thursday,2,23.33
2023-06-01,Thursday,3,26.53
2023-06-01,Thursday,4,21.91
2023-06-01,Thursday,5,23.73
2023-06-01,Thursday,6,46.79
2023-06-01,Thursday,7,43.1
2023-06-01,Thursday,8,44.29
2023-06-01,Thursday,9,78.72
2023-06-01,Thursday,10,77.11
2023-06-01,Thursday,11,76.33
2023-06-01,Thursday,12,68.3
2023-06-01,Thursday,13,71.85
2023-06-01,Thursday,14,79.38
2023-06-01,Thursday,15,82.29
2023-06-01,Thursday,16,77.52
2023-06-01,Thursday,17,49.45
2023-06-01,Thursday,18,47.03
2023-06-01,Thursday,19,49.89
2023-06-01,Thursday,20,47.57
2023-06-01,Thursday,21,27.77
2023-06-01,Thursday,22,30.52
2023-06-01,Thursday,23,30.43
2023-06-02,Friday,0,26.57
2023-06-02,Friday,1,24.14
2023-06-02,Friday,2,25.82
2023-06-02,Friday,3,26.1
2023-06-02,Friday,4,25.89
2023-06-02,Friday,5,23.35
2023-06-02,Friday,6,45.45
2023-06-02,Friday,7,46.09
2023-06-02,Friday,8,45.02
2023-06-02,Friday,9,64.57
2023-06-02,Friday,10,75.8
2023-06-02,Friday,11,86.06
2023-06-02,Friday,12,68.2
2023-06-02,Friday,13,66.36
2023-06-02,Friday,14,81.87
2023-06-02,Friday,15,81.56
2023-06-02,Friday,16,85.96
2023-06-02,Friday,17,46.23
2023-06-02,Friday,18,52.19
2023-06-02,Friday,19,51.77
2023-06-02,Friday,20,49.57
2023-06-02,Friday,21,30.68
2023-06-02,Friday,22,32.06
2023-06-02,Friday,23,31.74
2023-06-03,Saturday,0,12.71
2023-06-03,Saturday,1,16.64
2023-06-03,Saturday,2,14.87
2023-06-03,Saturday,3,15.15
2023-06-03,Saturday,4,15.15
2023-06-03,Saturday,5,14.7
2023-06-03,Saturday,6,22.38
2023-06-03,Saturday,7,19.83
2023-06-03,Saturday,8,17.76
2023-06-03,Saturday,9,33.82
2023-06-03,Saturday,10,35.54
2023-06-03,Saturday,11,38.69
2023-06-03,Saturday,12,36.81
2023-06-03,Saturday,13,32.45
2023-06-03,Saturday,14,42.46
2023-06-03,Saturday,15,35.79
2023-06-03,Saturday,16,38.83
2023-06-03,Saturday,17,39.7
2023-06-03,Saturday,18,41.07
2023-06-03,Saturday,19,41.68
2023-06-03,Saturday,20,42.44
2023-06-03,Saturday,21,22.11
2023-06-03,Saturday,22,21.74
2023-06-03,Saturday,23,19.37
2023-06-04,Sunday,0,13.86
2023-06-04,Sunday,1,15.67
2023-06-04,Sunday,2,16.87
2023-06-04,Sunday,3,14.55
2023-06-04,Sunday,4,17.13
2023-06-04,Sunday,5,17.91
2023-06-04,Sunday,6,18.17
2023-06-04,Sunday,7,18.33
2023-06-04,Sunday,8,19.72
2023-06-04,Sunday,9,35.92
2023-06-04,Sunday,10,33.43
2023-06-04,Sunday,11,39.06
2023-06-04,Sunday,12,36.27
2023-06-04,Sunday,13,35.12
2023-06-04,Sunday,14,30.69
2023-06-04,Sunday,15,31.05
2023-06-04,Sunday,16,35.84
2023-06-04,Sunday,17,35.73
2023-06-04,Sunday,18,42.03
2023-06-04,Sunday,19,39.68
2023-06-04,Sunday,20,46.49
2023-06-04,Sunday,21,24.62
2023-06-04,Sunday,22,19.64
2023-06-04,Sunday,23,19.79
2023-06-05,Monday,0,26.99
2023-06-05,Monday,1,28.41
2023-06-05,Monday,2,21.72
2023-06-05,Monday,3,21.43
2023-06-05,Monday,4,23.76
2023-06-05,Monday,5,26.17
2023-06-05,Monday,6,46.49
2023-06-05,Monday,7,48.21
2023-06-05,Monday,8,41.4
2023-06-05,Monday,9,63.42
2023-06-05,Monday,10,79.29
2023-06-05,Monday,11,70.86
2023-06-05,Monday,12,59.91
2023-06-05,Monday,13,70.73
2023-06-05,Monday,14,83.97
2023-06-05,Monday,15,79.39
2023-06-05,Monday,16,77.71
2023-06-05,Monday,17,49.52
2023-06-05,Monday,18,48.89
2023-06-05,Monday,19,45.96
2023-06-05,Monday,20,47.86
2023-06-05,Monday,21,31.04
2023-06-05,Monday,22,30.64
2023-06-05,Monday,23,30.34
2023-06-06,Tuesday,0,23.01
2023-06-06,Tuesday,1,24.64
2023-06-06,Tuesday,2,20.65
2023-06-06,Tuesday,3,25.36
2023-06-06,Tuesday,4,27.86
2023-06-06,Tuesday,5,22.05
2023-06-06,Tuesday,6,43.24
2023-06-06,Tuesday,7,45.99
2023-06-06,Tuesday,8,48.76
2023-06-06,Tuesday,9,72.76
2023-06-06,Tuesday,10,71.54
2023-06-06,Tuesday,11,65.16
2023-06-06,Tuesday,12,70.52
2023-06-06,Tuesday,13,80.21
2023-06-06,Tuesday,14,81.39
2023-06-06,Tuesday,15,79.89
2023-06-06,Tuesday,16,81.61
2023-06-06,Tuesday,17,49.97
2023-06-06,Tuesday,18,47.56
2023-06-06,Tuesday,19,52.47
2023-06-06,Tuesday,20,50.68
2023-06-06,Tuesday,21,30.04
2023-06-06,Tuesday,22,28.05
2023-06-06,Tuesday,23,32.61
2023-06-07,Wednesday,0,26.33
2023-06-07,Wednesday,1,23.89
2023-06-07,Wednesday,2,27.0
2023-06-07,Wednesday,3,24.0
2023-06-07,Wednesday,4,23.44
2023-06-07,Wednesday,5,23.48
2023-06-07,Wednesday,6,39.69
2023-06-07,Wednesday,7,46.41
2023-06-07,Wednesday,8,39.51
2023-06-07,Wednesday,9,68.86
2023-06-07,Wednesday,10,64.62
2023-06-07,Wednesday,11,74.57
2023-06-07,Wednesday,12,69.25
2023-06-07,Wednesday,13,68.37
2023-06-07,Wednesday,14,74.79
2023-06-07,Wednesday,15,74.14
2023-06-07,Wednesday,16,82.32
2023-06-07,Wednesday,17,48.35
2023-06-07,Wednesday,18,50.95
2023-06-07,Wednesday,19,47.34
2023-06-07,Wednesday,20,50.54
2023-06-07,Wednesday,21,32.61
2023-06-07,Wednesday,22,31.17
2023-06-07,Wednesday,23,29.18
2023-06-08,Thursday,0,25.51
2023-06-08,Thursday,1,24.52
2023-06-08,Thursday,2,25.02
2023-06-08,Thursday,3,24.35
2023-06-08,Thursday,4,24.67
2023-06-08,Thursday,5,25.42
2023-06-08,Thursday,6,42.02
2023-06-08,Thursday,7,41.95
2023-06-08,Thursday,8,40.83
2023-06-08,Thursday,9,67.0
2023-06-08,Thursday,10,68.91
2023-06-08,Thursday,11,75.8
2023-06-08,Thursday,12,65.54
2023-06-08,Thursday,13,72.57
2023-06-08,Thursday,14,80.17
2023-06-08,Thursday,15,70.16
2023-06-08,Thursday,16,83.27
2023-06-08,Thursday,17,52.43
2023-06-08,Thursday,18,47.02
2023-06-08,Thursday,19,51.26
2023-06-08,Thursday,20,47.43
2023-06-08,Thursday,21,30.2
2023-06-08,Thursday,22,27.47
2023-06-08,Thursday,23,26.41
2023-06-09,Friday,0,24.23
2023-06-09,Friday,1,24.75
2023-06-09,Friday,2,24.2
2023-06-09,Friday,3,22.63
2023-06-09,Friday,4,24.2
2023-06-09,Friday,5,25.54
2023-06-09,Friday,6,44.87
2023-06-09,Friday,7,45.55
2023-06-09,Friday,8,42.99
2023-06-09,Friday,9,80.86
2023-06-09,Friday,10,69.12
2023-06-09,Friday,11,77.44
2023-06-09,Friday,12,75.91
2023-06-09,Friday,13,72.4
2023-06-09,Friday,14,78.99
2023-06-09,Friday,15,77.36
2023-06-09,Friday,16,85.18
2023-06-09,Friday,17,45.73
2023-06-09,Friday,18,47.09
2023-06-09,Friday,19,48.81
2023-06-09,Friday,20,53.71
2023-06-09,Friday,21,30.76
2023-06-09,Friday,22,28.06
2023-06-09,Friday,23,29.38
2023-06-10,Saturday,0,13.77
2023-06-10,Saturday,1,13.58
2023-06-10,Saturday,2,16.96
2023-06-10,Saturday,3,12.26
2023-06-10,Saturday,4,18.22
2023-06-10,Saturday,5,16.66
2023-06-10,Saturday,6,22.18
2023-06-10,Saturday,7,19.07
2023-06-10,Saturday,8,19.7
2023-06-10,Saturday,9,30.7
2023-06-10,Saturday,10,33.43
2023-06-10,Saturday,11,36.48
2023-06-10,Saturday,12,38.89
2023-06-10,Saturday,13,31.68
2023-06-10,Saturday,14,33.9
2023-06-10,Saturday,15,34.55
2023-06-10,Saturday,16,30.81
2023-06-10,Saturday,17,41.18
2023-06-10,Saturday,18,38.55
2023-06-10,Saturday,19,39.61
2023-06-10,Saturday,20,39.1
2023-06-10,Saturday,21,18.42
2023-06-10,Saturday,22,19.99
2023-06-10,Saturday,23,19.57
2023-06-11,Sunday,0,14.26
2023-06-11,Sunday,1,13.54
2023-06-11,Sunday,2,15.64
2023-06-11,Sunday,3,18.31
2023-06-11,Sunday,4,15.28
2023-06-11,Sunday,5,16.99
2023-06-11,Sunday,6,17.22
2023-06-11,Sunday,7,20.32
2023-06-11,Sunday,8,17.81
2023-06-11,Sunday,9,30.57
2023-06-11,Sunday,10,32.78
2023-06-11,Sunday,11,38.58
2023-06-11,Sunday,12,37.85
2023-06-11,Sunday,13,35.73
2023-06-11,Sunday,14,30.4
2023-06-11,Sunday,15,34.41
2023-06-11,Sunday,16,35.91
2023-06-11,Sunday,17,40.35
2023-06-11,Sunday,18,36.31
2023-06-11,Sunday,19,38.22
2023-06-11,Sunday,20,39.87
2023-06-11,Sunday,21,21.07
2023-06-11,Sunday,22,15.61
2023-06-11,Sunday,23,19.68
2023-06-12,Monday,0,25.29
2023-06-12,Monday,1,26.7
2023-06-12,Monday,2,26.39
2023-06-12,Monday,3,26.17
2023-06-12,Monday,4,23.4
2023-06-12,Monday,5,21.18
2023-06-12,Monday,6,43.82
2023-06-12,Monday,7,48.0
2023-06-12,Monday,8,49.18
2023-06-12,Monday,9,78.55
2023-06-12,Monday,10,77.15
2023-06-12,Monday,11,76.9
2023-06-12,Monday,12,67.22
2023-06-12,Monday,13,69.35
2023-06-12,Monday,14,88.35
2023-06-12,Monday,15,75.29
2023-06-12,Monday,16,88.07
2023-06-12,Monday,17,49.03
2023-06-12,Monday,18,53.98
2023-06-12,Monday,19,45.78
2023-06-12,Monday,20,51.76
2023-06-12,Monday,21,28.53
2023-06-12,Monday,22,27.17
2023-06-12,Monday,23,30.44
2023-06-13,Tuesday,0,27.02
2023-06-13,Tuesday,1,23.31
2023-06-13,Tuesday,2,22.0
2023-06-13,Tuesday,3,24.82
2023-06-13,Tuesday,4,24.83
2023-06-13,Tuesday,5,26.1
2023-06-13,Tuesday,6,47.85
2023-06-13,Tuesday,7,44.82
2023-06-13,Tuesday,8,50.57
2023-06-13,Tuesday,9,76.12
2023-06-13,Tuesday,10,73.27
2023-06-13,Tuesday,11,66.94
2023-06-13,Tuesday,12,68.69
2023-06-13,Tuesday,13,68.32
2023-06-13,Tuesday,14,84.8
2023-06-13,Tuesday,15,82.31
2023-06-13,Tuesday,16,74.1
2023-06-13,Tuesday,17,50.52
2023-06-13,Tuesday,18,52.01
2023-06-13,Tuesday,19,54.58
2023-06-13,Tuesday,20,52.66
2023-06-13,Tuesday,21,31.52
2023-06-13,Tuesday,22,30.12
2023-06-13,Tuesday,23,30.78
2023-06-14,Wednesday,0,27.5
2023-06-14,Wednesday,1,22.33
2023-06-14,Wednesday,2,24.3
2023-06-14,Wednesday,3,23.45
2023-06-14,Wednesday,4,25.76
2023-06-14,Wednesday,5,27.46
2023-06-14,Wednesday,6,43.21
2023-06-14,Wednesday,7,37.83
2023-06-14,Wednesday,8,43.76
2023-06-14,Wednesday,9,79.57
2023-06-14,Wednesday,10,77.69
2023-06-14,Wednesday,11,77.14
2023-06-14,Wednesday,12,68.6
2023-06-14,Wednesday,13,63.6
2023-06-14,Wednesday,14,82.58
2023-06-14,Wednesday,15,75.83
2023-06-14,Wednesday,16,90.92
2023-06-14,Wednesday,17,51.71
2023-06-14,Wednesday,18,48.26
2023-06-14,Wednesday,19,48.17
2023-06-14,Wednesday,20,49.72
2023-06-14,Wednesday,21,29.52
2023-06-14,Wednesday,22,32.23
2023-06-14,Wednesday,23,30.37
2023-06-15,Thursday,0,23.54
2023-06-15,Thursday,1,28.78
2023-06-15,Thursday,2,25.1
2023-06-15,Thursday,3,26.54
2023-06-15,Thursday,4,23.78
2023-06-15,Thursday,5,25.73
2023-06-15,Thursday,6,45.93
2023-06-15,Thursday,7,39.33
2023-06-15,Thursday,8,51.05
2023-06-15,Thursday,9,81.45
2023-06-15,Thursday,10,73.01
2023-06-15,Thursday,11,69.49
2023-06-15,Thursday,12,71.74
2023-06-15,Thursday,13,70.43
2023-06-15,Thursday,14,81.78
2023-06-15,Thursday,15,80.96
2023-06-15,Thursday,16,82.53
2023-06-15,Thursday,17,54.34
2023-06-15,Thursday,18,51.7
2023-06-15,Thursday,19,46.85
2023-06-15,Thursday,20,54.09
2023-06-15,Thursday,21,33.28
2023-06-15,Thursday,22,36.3
2023-06-15,Thursday,23,27.75
2023-06-16,Friday,0,25.49
2023-06-16,Friday,1,20.84
2023-06-16,Friday,2,26.11
2023-06-16,Friday,3,23.9
2023-06-16,Friday,4,28.85
2023-06-16,Friday,5,23.45
2023-06-16,Friday,6,39.93
2023-06-16,Friday,7,43.59
2023-06-16,Friday,8,39.07
2023-06-16,Friday,9,78.76
2023-06-16,Friday,10,64.67
2023-06-16,Friday,11,75.14
2023-06-16,Friday,12,59.61
2023-06-16,Friday,13,68.4
2023-06-16,Friday,14,88.22
2023-06-16,Friday,15,81.8
2023-06-16,Friday,16,75.68
2023-06-16,Friday,17,49.91
2023-06-16,Friday,18,50.05
2023-06-16,Friday,19,51.42
2023-06-16,Friday,20,45.9
2023-06-16,Friday,21,31.19
2023-06-16,Friday,22,24.59
2023-06-16,Friday,23,28.74
2023-06-17,Saturday,0,14.02
2023-06-17,Saturday,1,16.27
2023-06-17,Saturday,2,15.05
2023-06-17,Saturday,3,12.19
2023-06-17,Saturday,4,13.03
2023-06-17,Saturday,5,15.4
2023-06-17,Saturday,6,19.84
2023-06-17,Saturday,7,18.84
2023-06-17,Saturday,8,19.04
2023-06-17,Saturday,9,37.09
2023-06-17,Saturday,10,33.45
2023-06-17,Saturday,11,34.74
2023-06-17,Saturday,12,41.51
2023-06-17,Saturday,13,30.73
2023-06-17,Saturday,14,29.44
2023-06-17,Saturday,15,37.35
2023-06-17,Saturday,16,32.96
2023-06-17,Saturday,17,39.36
2023-06-17,Saturday,18,38.44
2023-06-17,Saturday,19,39.48
2023-06-17,Saturday,20,43.2
2023-06-17,Saturday,21,21.6
2023-06-17,Saturday,22,21.72
2023-06-17,Saturday,23,17.17
2023-06-18,Sunday,0,12.7
2023-06-18,Sunday,1,10.0
2023-06-18,Sunday,2,13.38
2023-06-18,Sunday,3,16.91
2023-06-18,Sunday,4,16.03
2023-06-18,Sunday,5,14.56
2023-06-18,Sunday,6,19.96
2023-06-18,Sunday,7,18.62
2023-06-18,Sunday,8,20.41
2023-06-18,Sunday,9,37.3
2023-06-18,Sunday,10,30.15
2023-06-18,Sunday,11,35.9
2023-06-18,Sunday,12,37.8
2023-06-18,Sunday,13,33.75
2023-06-18,Sunday,14,37.1
2023-06-18,Sunday,15,43.44
2023-06-18,Sunday,16,34.69
2023-06-18,Sunday,17,40.79
2023-06-18,Sunday,18,38.52
2023-06-18,Sunday,19,40.36
2023-06-18,Sunday,20,40.92
2023-06-18,Sunday,21,20.39
2023-06-18,Sunday,22,17.96
2023-06-18,Sunday,23,20.41
2023-06-19,Monday,0,27.92
2023-06-19,Monday,1,25.9
2023-06-19,Monday,2,26.92
2023-06-19,Monday,3,24.53
2023-06-19,Monday,4,26.5
2023-06-19,Monday,5,25.56
2023-06-19,Monday,6,42.15
2023-06-19,Monday,7,45.96
2023-06-19,Monday,8,42.02
2023-06-19,Monday,9,71.84
2023-06-19,Monday,10,75.95
2023-06-19,Monday,11,76.49
2023-06-19,Monday,12,64.05
2023-06-19,Monday,13,75.27
2023-06-19,Monday,14,82.86
2023-06-19,Monday,15,76.48
2023-06-19,Monday,16,72.31
2023-06-19,Monday,17,49.57
2023-06-19,Monday,18,48.66
2023-06-19,Monday,19,50.34
2023-06-19,Monday,20,48.91
2023-06-19,Monday,21,25.99
2023-06-19,Monday,22,29.22
2023-06-19,Monday,23,29.39
2023-06-20,Tuesday,0,26.27
2023-06-20,Tuesday,1,23.6
2023-06-20,Tuesday,2,28.36
2023-06-20,Tuesday,3,21.18
2023-06-20,Tuesday,4,27.62
2023-06-20,Tuesday,5,24.55
2023-06-20,Tuesday,6,47.58
2023-06-20,Tuesday,7,45.24
2023-06-20,Tuesday,8,48.42
2023-06-20,Tuesday,9,73.06
2023-06-20,Tuesday,10,69.51
2023-06-20,Tuesday,11,82.1
2023-06-20,Tuesday,12,69.43
2023-06-20,Tuesday,13,71.11
2023-06-20,Tuesday,14,86.17
2023-06-20,Tuesday,15,74.84
2023-06-20,Tuesday,16,82.98
2023-06-20,Tuesday,17,48.23
2023-06-20,Tuesday,18,49.6
2023-06-20,Tuesday,19,50.22
2023-06-20,Tuesday,20,45.5
2023-06-20,Tuesday,21,28.44
2023-06-20,Tuesday,22,32.7
2023-06-20,Tuesday,23,31.77
2023-06-21,Wednesday,0,24.87
2023-06-21,Wednesday,1,25.49
2023-06-21,Wednesday,2,24.41
2023-06-21,Wednesday,3,27.71
2023-06-21,Wednesday,4,24.6
2023-06-21,Wednesday,5,25.46
2023-06-21,Wednesday,6,48.44
2023-06-21,Wednesday,7,42.67
2023-06-21,Wednesday,8,49.68
2023-06-21,Wednesday,9,67.35
2023-06-21,Wednesday,10,83.15
2023-06-21,Wednesday,11,73.14
2023-06-21,Wednesday,12,68.79
2023-06-21,Wednesday,13,60.55
2023-06-21,Wednesday,14,77.73
2023-06-21,Wednesday,15,74.8
2023-06-21,Wednesday,16,76.96
2023-06-21,Wednesday,17,49.59
2023-06-21,Wednesday,18,52.87
2023-06-21,Wednesday,19,50.62
2023-06-21,Wednesday,20,50.92
2023-06-21,Wednesday,21,27.81
2023-06-21,Wednesday,22,28.24
2023-06-21,Wednesday,23,33.6
2023-06-22,Thursday,0,23.53
2023-06-22,Thursday,1,28.31
2023-06-22,Thursday,2,24.51
2023-06-22,Thursday,3,25.0
2023-06-22,Thursday,4,27.14
2023-06-22,Thursday,5,27.54
2023-06-22,Thursday,6,44.67
2023-06-22,Thursday,7,43.84
2023-06-22,Thursday,8,44.83
2023-06-22,Thursday,9,76.69
2023-06-22,Thursday,10,79.46
2023-06-22,Thursday,11,75.02
2023-06-22,Thursday,12,73.09
2023-06-22,Thursday,13,78.19
2023-06-22,Thursday,14,81.91
2023-06-22,Thursday,15,81.56
2023-06-22,Thursday,16,72.41
2023-06-22,Thursday,17,42.11
2023-06-22,Thursday,18,51.17
2023-06-22,Thursday,19,49.72
2023-06-22,Thursday,20,48.46
2023-06-22,Thursday,21,30.49
2023-06-22,Thursday,22,29.88
2023-06-22,Thursday,23,32.26
2023-06-23,Friday,0,25.17
2023-06-23,Friday,1,23.51
2023-06-23,Friday,2,26.98
2023-06-23,Friday,3,24.57
2023-06-23,Friday,4,26.05
2023-06-23,Friday,5,24.05
2023-06-23,Friday,6,43.05
2023-06-23,Friday,7,45.25
2023-06-23,Friday,8,45.04
2023-06-23,Friday,9,77.4
2023-06-23,Friday,10,73.66
2023-06-23,Friday,11,65.82
2023-06-23,Friday,12,67.84
2023-06-23,Friday,13,73.97
2023-06-23,Friday,14,78.51
2023-06-23,Friday,15,78.77
2023-06-23,Friday,16,84.93
2023-06-23,Friday,17,47.86
2023-06-23,Friday,18,45.37
2023-06-23,Friday,19,49.52
2023-06-23,Friday,20,48.55
2023-06-23,Friday,21,28.07
2023-06-23,Friday,22,29.65
2023-06-23,Friday,23,30.98
2023-06-24,Saturday,0,14.98
2023-06-24,Saturday,1,15.61
2023-06-24,Saturday,2,18.63
2023-06-24,Saturday,3,14.31
2023-06-24,Saturday,4,15.56
2023-06-24,Saturday,5,13.98
2023-06-24,Saturday,6,18.31
2023-06-24,Saturday,7,18.83
2023-06-24,Saturday,8,19.04
2023-06-24,Saturday,9,36.08
2023-06-24,Saturday,10,42.05
2023-06-24,Saturday,11,32.85
2023-06-24,Saturday,12,33.75
2023-06-24,Saturday,13,34.81
2023-06-24,Saturday,14,36.19
2023-06-24,Saturday,15,35.79
2023-06-24,Saturday,16,38.85
2023-06-24,Saturday,17,35.15
2023-06-24,Saturday,18,35.23
2023-06-24,Saturday,19,39.01
2023-06-24,Saturday,20,42.19
2023-06-24,Saturday,21,16.87
2023-06-24,Saturday,22,13.98
2023-06-24,Saturday,23,21.14
2023-06-25,Sunday,0,15.49
2023-06-25,Sunday,1,12.82
2023-06-25,Sunday,2,13.03
2023-06-25,Sunday,3,13.06
2023-06-25,Sunday,4,15.22
2023-06-25,Sunday,5,13.75
2023-06-25,Sunday,6,20.99
2023-06-25,Sunday,7,14.29
2023-06-25,Sunday,8,18.29
2023-06-25,Sunday,9,31.62
2023-06-25,Sunday,10,34.23
2023-06-25,Sunday,11,33.39
2023-06-25,Sunday,12,37.39
2023-06-25,Sunday,13,29.42
2023-06-25,Sunday,14,35.14
2023-06-25,Sunday,15,36.68
2023-06-25,Sunday,16,40.57
2023-06-25,Sunday,17,39.04
2023-06-25,Sunday,18,40.65
2023-06-25,Sunday,19,36.39
2023-06-25,Sunday,20,35.22
2023-06-25,Sunday,21,21.69
2023-06-25,Sunday,22,19.99
2023-06-25,Sunday,23,22.36
2023-06-26,Monday,0,22.25
2023-06-26,Monday,1,26.04
2023-06-26,Monday,2,28.74
2023-06-26,Monday,3,25.84
2023-06-26,Monday,4,25.55
2023-06-26,Monday,5,25.02
2023-06-26,Monday,6,40.29
2023-06-26,Monday,7,49.07
2023-06-26,Monday,8,43.17
2023-06-26,Monday,9,77.52
2023-06-26,Monday,10,67.18
2023-06-26,Monday,11,69.1
2023-06-26,Monday,12,77.18
2023-06-26,Monday,13,68.26
2023-06-26,Monday,14,87.27
2023-06-26,Monday,15,79.61
2023-06-26,Monday,16,70.79
2023-06-26,Monday,17,52.68
2023-06-26,Monday,18,48.23
2023-06-26,Monday,19,52.1
2023-06-26,Monday,20,50.08
2023-06-26,Monday,21,26.91
2023-06-26,Monday,22,30.33
2023-06-26,Monday,23,34.39
2023-06-27,Tuesday,0,25.99
2023-06-27,Tuesday,1,24.88
2023-06-27,Tuesday,2,27.15
2023-06-27,Tuesday,3,25.42
2023-06-27,Tuesday,4,25.42
2023-06-27,Tuesday,5,22.82
2023-06-27,Tuesday,6,45.7
2023-06-27,Tuesday,7,48.11
2023-06-27,Tuesday,8,42.49
2023-06-27,Tuesday,9,82.12
2023-06-27,Tuesday,10,74.54
2023-06-27,Tuesday,11,70.56
2023-06-27,Tuesday,12,74.99
2023-06-27,Tuesday,13,68.57
2023-06-27,Tuesday,14,83.8
2023-06-27,Tuesday,15,78.54
2023-06-27,Tuesday,16,79.7
2023-06-27,Tuesday,17,51.48
2023-06-27,Tuesday,18,50.87
2023-06-27,Tuesday,19,44.01
2023-06-27,Tuesday,20,46.64
2023-06-27,Tuesday,21,31.86
2023-06-27,Tuesday,22,29.74
2023-06-27,Tuesday,23,28.95
2023-06-28,Wednesday,0,22.28
2023-06-28,Wednesday,1,22.84
2023-06-28,Wednesday,2,20.96
2023-06-28,Wednesday,3,24.8
2023-06-28,Wednesday,4,23.8
2023-06-28,Wednesday,5,23.07
2023-06-28,Wednesday,6,44.8
2023-06-28,Wednesday,7,46.09
2023-06-28,Wednesday,8,51.28
2023-06-28,Wednesday,9,67.44
2023-06-28,Wednesday,10,80.8
2023-06-28,Wednesday,11,79.87
2023-06-28,Wednesday,12,66.1
2023-06-28,Wednesday,13,71.02
2023-06-28,Wednesday,14,77.71
2023-06-28,Wednesday,15,80.93
2023-06-28,Wednesday,16,87.55
2023-06-28,Wednesday,17,51.82
2023-06-28,Wednesday,18,51.53
2023-06-28,Wednesday,19,48.71
2023-06-28,Wednesday,20,45.55
2023-06-28,Wednesday,21,29.58
2023-06-28,Wednesday,22,32.41
2023-06-28,Wednesday,23,26.95
2023-06-29,Thursday,0,22.89
2023-06-29,Thursday,1,25.25
2023-06-29,Thursday,2,23.03
2023-06-29,Thursday,3,23.41
2023-06-29,Thursday,4,24.15
2023-06-29,Thursday,5,22.27
2023-06-29,Thursday,6,42.08
2023-06-29,Thursday,7,47.11
2023-06-29,Thursday,8,41.08
2023-06-29,Thursday,9,67.01
2023-06-29,Thursday,10,71.85
2023-06-29,Thursday,11,78.66
2023-06-29,Thursday,12,69.02
2023-06-29,Thursday,13,67.68
2023-06-29,Thursday,14,80.22
2023-06-29,Thursday,15,71.27
2023-06-29,Thursday,16,82.47
2023-06-29,Thursday,17,51.15
2023-06-29,Thursday,18,48.77
2023-06-29,Thursday,19,53.02
2023-06-29,Thursday,20,46.62
2023-06-29,Thursday,21,32.26
2023-06-29,Thursday,22,30.31
2023-06-29,Thursday,23,29.33
2023-06-30,Friday,0,24.96
2023-06-30,Friday,1,24.79
2023-06-30,Friday,2,27.44
2023-06-30,Friday,3,22.85
2023-06-30,Friday,4,23.47
2023-06-30,Friday,5,27.07
2023-06-30,Friday,6,43.21
2023-06-30,Friday,7,47.7
2023-06-30,Friday,8,50.1
2023-06-30,Friday,9,72.99
2023-06-30,Friday,10,78.41
2023-06-30,Friday,11,69.23
2023-06-30,Friday,12,73.77
2023-06-30,Friday,13,71.0
2023-06-30,Friday,14,82.37
2023-06-30,Friday,15,76.77
2023-06-30,Friday,16,71.69
2023-06-30,Friday,17,51.51
2023-06-30,Friday,18,43.81
2023-06-30,Friday,19,49.05
2023-06-30,Friday,20,52.82
2023-06-30,Friday,21,30.38
2023-06-30,Friday,22,33.9
2023-06-30,Friday,23,32.05
2023-07-01,Saturday,0,13.69
2023-07-01,Saturday,1,15.05
2023-07-01,Saturday,2,14.91
2023-07-01,Saturday,3,11.84
2023-07-01,Saturday,4,13.12
2023-07-01,Saturday,5,13.88
2023-07-01,Saturday,6,15.93
2023-07-01,Saturday,7,20.09
2023-07-01,Saturday,8,19.5
2023-07-01,Saturday,9,29.98
2023-07-01,Saturday,10,36.21
2023-07-01,Saturday,11,37.15
2023-07-01,Saturday,12,35.68
2023-07-01,Saturday,13,34.03
2023-07-01,Saturday,14,36.77
2023-07-01,Saturday,15,37.04
2023-07-01,Saturday,16,35.92
2023-07-01,Saturday,17,38.35
2023-07-01,Saturday,18,40.55
2023-07-01,Saturday,19,42.39
2023-07-01,Saturday,20,38.81
2023-07-01,Saturday,21,24.2
2023-07-01,Saturday,22,18.95
2023-07-01,Saturday,23,20.06
2023-07-02,Sunday,0,13.66
2023-07-02,Sunday,1,15.45
2023-07-02,Sunday,2,11.52
2023-07-02,Sunday,3,13.91
2023-07-02,Sunday,4,12.82
2023-07-02,Sunday,5,15.27
2023-07-02,Sunday,6,21.99
2023-07-02,Sunday,7,21.29
2023-07-02,Sunday,8,15.26
2023-07-02,Sunday,9,41.13
2023-07-02,Sunday,10,35.89
2023-07-02,Sunday,11,32.67
2023-07-02,Sunday,12,35.47
2023-07-02,Sunday,13,35.53
2023-07-02,Sunday,14,33.0
2023-07-02,Sunday,15,35.59
2023-07-02,Sunday,16,33.18
2023-07-02,Sunday,17,39.19
2023-07-02,Sunday,18,38.63
2023-07-02,Sunday,19,37.13
2023-07-02,Sunday,20,40.29
2023-07-02,Sunday,21,21.17
2023-07-02,Sunday,22,21.03
2023-07-02,Sunday,23,21.64
2023-07-03,Monday,0,25.65
2023-07-03,Monday,1,23.93
2023-07-03,Monday,2,26.68
2023-07-03,Monday,3,22.28
2023-07-03,Monday,4,23.2
2023-07-03,Monday,5,23.07
2023-07-03,Monday,6,48.24
2023-07-03,Monday,7,47.83
2023-07-03,Monday,8,46.46
2023-07-03,Monday,9,80.36
2023-07-03,Monday,10,70.6
2023-07-03,Monday,11,76.74
2023-07-03,Monday,12,69.37
2023-07-03,Monday,13,74.23
2023-07-03,Monday,14,79.42
2023-07-03,Monday,15,78.08
2023-07-03,Monday,16,82.7
2023-07-03,Monday,17,52.63
2023-07-03,Monday,18,47.99
2023-07-03,Monday,19,49.82
2023-07-03,Monday,20,46.82
2023-07-03,Monday,21,25.0
2023-07-03,Monday,22,30.4
2023-07-03,Monday,23,31.22
2023-07-04,Tuesday,0,25.52
2023-07-04,Tuesday,1,21.1
2023-07-04,Tuesday,2,24.3
2023-07-04,Tuesday,3,20.56
2023-07-04,Tuesday,4,27.74
2023-07-04,Tuesday,5,22.83
2023-07-04,Tuesday,6,48.77
2023-07-04,Tuesday,7,47.84
2023-07-04,Tuesday,8,42.3
2023-07-04,Tuesday,9,69.34
2023-07-04,Tuesday,10,76.75
2023-07-04,Tuesday,11,70.78
2023-07-04,Tuesday,12,70.51
2023-07-04,Tuesday,13,67.59
2023-07-04,Tuesday,14,71.09
2023-07-04,Tuesday,15,68.85
2023-07-04,Tuesday,16,81.13
2023-07-04,Tuesday,17,48.32
2023-07-04,Tuesday,18,48.34
2023-07-04,Tuesday,19,52.09
2023-07-04,Tuesday,20,53.52
2023-07-04,Tuesday,21,29.45
2023-07-04,Tuesday,22,29.32
2023-07-04,Tuesday,23,31.0
2023-07-05,Wednesday,0,22.29
2023-07-05,Wednesday,1,25.45
2023-07-05,Wednesday,2,26.1
2023-07-05,Wednesday,3,26.36
2023-07-05,Wednesday,4,21.13
2023-07-05,Wednesday,5,23.48
2023-07-05,Wednesday,6,42.37
2023-07-05,Wednesday,7,45.3
2023-07-05,Wednesday,8,46.44
2023-07-05,Wednesday,9,82.48
2023-07-05,Wednesday,10,72.53
2023-07-05,Wednesday,11,72.51
2023-07-05,Wednesday,12,75.75
2023-07-05,Wednesday,13,71.48
2023-07-05,Wednesday,14,86.34
2023-07-05,Wednesday,15,81.44
2023-07-05,Wednesday,16,74.21
2023-07-05,Wednesday,17,46.0
2023-07-05,Wednesday,18,45.35
2023-07-05,Wednesday,19,51.99
2023-07-05,Wednesday,20,53.57
2023-07-05,Wednesday,21,33.7
2023-07-05,Wednesday,22,31.69
2023-07-05,Wednesday,23,32.33
2023-07-06,Thursday,0,23.84
2023-07-06,Thursday,1,22.69
2023-07-06,Thursday,2,26.7
2023-07-06,Thursday,3,25.84
2023-07-06,Thursday,4,25.21
2023-07-06,Thursday,5,25.77
2023-07-06,Thursday,6,45.97
2023-07-06,Thursday,7,48.85
2023-07-06,Thursday,8,48.88
2023-07-06,Thursday,9,77.72
2023-07-06,Thursday,10,79.23
2023-07-06,Thursday,11,77.57
2023-07-06,Thursday,12,67.69
2023-07-06,Thursday,13,73.78
2023-07-06,Thursday,14,73.03
2023-07-06,Thursday,15,85.27
2023-07-06,Thursday,16,74.03
2023-07-06,Thursday,17,50.86
2023-07-06,Thursday,18,47.46
2023-07-06,Thursday,19,51.66
2023-07-06,Thursday,20,49.9
2023-07-06,Thursday,21,26.81
2023-07-06,Thursday,22,30.84
2023-07-06,Thursday,23,28.84
2023-07-07,Friday,0,26.76
2023-07-07,Friday,1,25.0
2023-07-07,Friday,2,25.79
2023-07-07,Friday,3,23.08
2023-07-07,Friday,4,23.82
2023-07-07,Friday,5,24.08
2023-07-07,Friday,6,47.57
2023-07-07,Friday,7,50.03
2023-07-07,Friday,8,42.58
2023-07-07,Friday,9,80.38
2023-07-07,Friday,10,64.15
2023-07-07,Friday,11,69.03
2023-07-07,Friday,12,65.21
2023-07-07,Friday,13,63.24
2023-07-07,Friday,14,72.08
2023-07-07,Friday,15,82.06
2023-07-07,Friday,16,78.93
2023-07-07,Friday,17,51.14
2023-07-07,Friday,18,52.07
2023-07-07,Friday,19,50.8
2023-07-07,Friday,20,51.97
2023-07-07,Friday,21,29.86
2023-07-07,Friday,22,27.63
2023-07-07,Friday,23,32.12
2023-07-08,Saturday,0,13.82
2023-07-08,Saturday,1,13.13
2023-07-08,Saturday,2,14.64
2023-07-08,Saturday,3,13.17
2023-07-08,Saturday,4,14.17
2023-07-08,Saturday,5,15.69
2023-07-08,Saturday,6,20.7
2023-07-08,Saturday,7,18.2
2023-07-08,Saturday,8,19.02
2023-07-08,Saturday,9,38.22
2023-07-08,Saturday,10,36.49
2023-07-08,Saturday,11,41.23
2023-07-08,Saturday,12,38.54
2023-07-08,Saturday,13,38.43
2023-07-08,Saturday,14,30.84
2023-07-08,Saturday,15,37.29
2023-07-08,Saturday,16,34.84
2023-07-08,Saturday,17,38.9
2023-07-08,Saturday,18,40.34
2023-07-08,Saturday,19,41.89
2023-07-08,Saturday,20,41.0
2023-07-08,Saturday,21,18.24
2023-07-08,Saturday,22,21.48
2023-07-08,Saturday,23,18.72
2023-07-09,Sunday,0,15.43
2023-07-09,Sunday,1,14.39
2023-07-09,Sunday,2,14.56
2023-07-09,Sunday,3,16.53
2023-07-09,Sunday,4,12.92
2023-07-09,Sunday,5,18.89
2023-07-09,Sunday,6,16.36
2023-07-09,Sunday,7,18.8
2023-07-09,Sunday,8,20.74
2023-07-09,Sunday,9,36.75
2023-07-09,Sunday,10,34.7
2023-07-09,Sunday,11,34.83
2023-07-09,Sunday,12,36.23
2023-07-09,Sunday,13,34.31
2023-07-09,Sunday,14,39.18
2023-07-09,Sunday,15,37.52
2023-07-09,Sunday,16,37.62
2023-07-09,Sunday,17,38.07
2023-07-09,Sunday,18,39.84
2023-07-09,Sunday,19,39.4
2023-07-09,Sunday,20,37.99
2023-07-09,Sunday,21,20.72
2023-07-09,Sunday,22,18.92
2023-07-09,Sunday,23,21.31
2023-07-10,Monday,0,22.86
2023-07-10,Monday,1,28.44
2023-07-10,Monday,2,23.21
2023-07-10,Monday,3,25.44
2023-07-10,Monday,4,26.58
2023-07-10,Monday,5,23.86
2023-07-10,Monday,6,47.56
2023-07-10,Monday,7,41.31
2023-07-10,Monday,8,49.36
2023-07-10,Monday,9,75.07
2023-07-10,Monday,10,72.02
2023-07-10,Monday,11,73.5
2023-07-10,Monday,12,74.04
2023-07-10,Monday,13,67.08
2023-07-10,Monday,14,76.25
2023-07-10,Monday,15,78.89
2023-07-10,Monday,16,74.12
2023-07-10,Monday,17,55.46
2023-07-10,Monday,18,48.3
2023-07-10,Monday,19,52.49
2023-07-10,Monday,20,50.63
2023-07-10,Monday,21,28.03
2023-07-10,Monday,22,29.99
2023-07-10,Monday,23,31.57
2023-07-11,Tuesday,0,24.62
2023-07-11,Tuesday,1,27.39
2023-07-11,Tuesday,2,27.04
2023-07-11,Tuesday,3,26.84
2023-07-11,Tuesday,4,24.08
2023-07-11,Tuesday,5,22.84
2023-07-11,Tuesday,6,43.16
2023-07-11,Tuesday,7,45.59
2023-07-11,Tuesday,8,46.64
2023-07-11,Tuesday,9,64.14
2023-07-11,Tuesday,10,74.96
2023-07-11,Tuesday,11,75.79
2023-07-11,Tuesday,12,68.61
2023-07-11,Tuesday,13,76.46
2023-07-11,Tuesday,14,82.11
2023-07-11,Tuesday,15,86.55
2023-07-11,Tuesday,16,78.92
2023-07-11,Tuesday,17,52.81
2023-07-11,Tuesday,18,54.91
2023-07-11,Tuesday,19,53.94
2023-07-11,Tuesday,20,46.72
2023-07-11,Tuesday,21,29.49
2023-07-11,Tuesday,22,29.31
2023-07-11,Tuesday,23,30.98
2023-07-12,Wednesday,0,26.37
2023-07-12,Wednesday,1,23.32
2023-07-12,Wednesday,2,25.14
2023-07-12,Wednesday,3,20.96
2023-07-12,Wednesday,4,27.88
2023-07-12,Wednesday,5,23.98
2023-07-12,Wednesday,6,45.17
2023-07-12,Wednesday,7,44.07
2023-07-12,Wednesday,8,48.44
2023-07-12,Wednesday,9,60.81
2023-07-12,Wednesday,10,74.92
2023-07-12,Wednesday,11,74.47
2023-07-12,Wednesday,12,67.73
2023-07-12,Wednesday,13,78.63
2023-07-12,Wednesday,14,75.56
2023-07-12,Wednesday,15,83.86
2023-07-12,Wednesday,16,81.78
2023-07-12,Wednesday,17,53.78
2023-07-12,Wednesday,18,48.0
2023-07-12,Wednesday,19,47.8
2023-07-12,Wednesday,20,53.29
2023-07-12,Wednesday,21,30.85
2023-07-12,Wednesday,22,26.91
2023-07-12,Wednesday,23,28.92
2023-07-13,Thursday,0,25.77
2023-07-13,Thursday,1,26.68
2023-07-13,Thursday,2,23.64
2023-07-13,Thursday,3,19.17
2023-07-13,Thursday,4,26.05
2023-07-13,Thursday,5,22.56
2023-07-13,Thursday,6,38.95
2023-07-13,Thursday,7,36.5
2023-07-13,Thursday,8,47.44
2023-07-13,Thursday,9,75.64
2023-07-13,Thursday,10,73.87
2023-07-13,Thursday,11,81.95
2023-07-13,Thursday,12,73.19
2023-07-13,Thursday,13,78.08
2023-07-13,Thursday,14,73.04
2023-07-13,Thursday,15,79.83
2023-07-13,Thursday,16,71.92
2023-07-13,Thursday,17,49.31
2023-07-13,Thursday,18,49.25
2023-07-13,Thursday,19,51.88
2023-07-13,Thursday,20,50.14
2023-07-13,Thursday,21,31.25
2023-07-13,Thursday,22,31.41
2023-07-13,Thursday,23,34.31
2023-07-14,Friday,0,24.37
2023-07-14,Friday,1,23.12
2023-07-14,Friday,2,25.49
2023-07-14,Friday,3,23.4
2023-07-14,Friday,4,27.96
2023-07-14,Friday,5,24.43
2023-07-14,Friday,6,43.3
2023-07-14,Friday,7,43.59
2023-07-14,Friday,8,47.16
2023-07-14,Friday,9,74.21
2023-07-14,Friday,10,71.79
2023-07-14,Friday,11,83.33
2023-07-14,Friday,12,65.72
2023-07-14,Friday,13,70.18
2023-07-14,Friday,14,83.26
2023-07-14,Friday,15,71.84
2023-07-14,Friday,16,82.4
2023-07-14,Friday,17,46.83
2023-07-14,Friday,18,52.47
2023-07-14,Friday,19,47.11
2023-07-14,Friday,20,52.08
2023-07-14,Friday,21,32.21
2023-07-14,Friday,22,31.72
2023-07-14,Friday,23,30.5
2023-07-15,Saturday,0,14.54
2023-07-15,Saturday,1,13.85
2023-07-15,Saturday,2,17.94
2023-07-15,Saturday,3,13.6
2023-07-15,Saturday,4,12.93
2023-07-15,Saturday,5,16.33
2023-07-15,Saturday,6,18.41
2023-07-15,Saturday,7,18.1
2023-07-15,Saturday,8,17.11
2023-07-15,Saturday,9,33.55
2023-07-15,Saturday,10,34.75
2023-07-15,Saturday,11,35.73
2023-07-15,Saturday,12,37.85
2023-07-15,Saturday,13,36.58
2023-07-15,Saturday,14,34.43
2023-07-15,Saturday,15,34.41
2023-07-15,Saturday,16,36.53
2023-07-15,Saturday,17,42.55
2023-07-15,Saturday,18,40.25
2023-07-15,Saturday,19,39.06
2023-07-15,Saturday,20,38.01
2023-07-15,Saturday,21,17.11
2023-07-15,Saturday,22,21.33
2023-07-15,Saturday,23,21.16
2023-07-16,Sunday,0,16.15
2023-07-16,Sunday,1,14.74
2023-07-16,Sunday,2,17.81
2023-07-16,Sunday,3,14.03
2023-07-16,Sunday,4,16.91
2023-07-16,Sunday,5,14.92
2023-07-16,Sunday,6,18.78
2023-07-16,Sunday,7,21.19
2023-07-16,Sunday,8,20.82
2023-07-16,Sunday,9,36.07
2023-07-16,Sunday,10,35.24
2023-07-16,Sunday,11,34.89
2023-07-16,Sunday,12,42.17
2023-07-16,Sunday,13,38.55
2023-07-16,Sunday,14,37.17
2023-07-16,Sunday,15,35.34
2023-07-16,Sunday,16,38.02
2023-07-16,Sunday,17,41.04
2023-07-16,Sunday,18,40.05
2023-07-16,Sunday,19,39.39
2023-07-16,Sunday,20,39.84
2023-07-16,Sunday,21,13.66
2023-07-16,Sunday,22,20.42
2023-07-16,Sunday,23,19.02
2023-07-17,Monday,0,28.19
2023-07-17,Monday,1,25.04
2023-07-17,Monday,2,22.62
2023-07-17,Monday,3,24.9
2023-07-17,Monday,4,22.91
2023-07-17,Monday,5,25.95
2023-07-17,Monday,6,45.87
2023-07-17,Monday,7,47.87
2023-07-17,Monday,8,42.63
2023-07-17,Monday,9,75.17
2023-07-17,Monday,10,68.17
2023-07-17,Monday,11,78.51
2023-07-17,Monday,12,72.59
2023-07-17,Monday,13,72.48
2023-07-17,Monday,14,80.01
2023-07-17,Monday,15,82.07
2023-07-17,Monday,16,88.02
2023-07-17,Monday,17,49.14
2023-07-17,Monday,18,50.42
2023-07-17,Monday,19,46.74
2023-07-17,Monday,20,47.4
2023-07-17,Monday,21,30.2
2023-07-17,Monday,22,32.21
2023-07-17,Monday,23,29.49
2023-07-18,Tuesday,0,24.53
2023-07-18,Tuesday,1,24.19
2023-07-18,Tuesday,2,23.93
2023-07-18,Tuesday,3,25.59
2023-07-18,Tuesday,4,22.01
2023-07-18,Tuesday,5,27.56
2023-07-18,Tuesday,6,43.0
2023-07-18,Tuesday,7,47.17
2023-07-18,Tuesday,8,41.19
2023-07-18,Tuesday,9,78.34
2023-07-18,Tuesday,10,78.36
2023-07-18,Tuesday,11,76.92
2023-07-18,Tuesday,12,65.03
2023-07-18,Tuesday,13,71.25
2023-07-18,Tuesday,14,74.08
2023-07-18,Tuesday,15,78.74
2023-07-18,Tuesday,16,85.15
2023-07-18,Tuesday,17,52.39
2023-07-18,Tuesday,18,50.05
2023-07-18,Tuesday,19,47.08
2023-07-18,Tuesday,20,51.94
2023-07-18,Tuesday,21,30.04
2023-07-18,Tuesday,22,25.36
2023-07-18,Tuesday,23,31.57
2023-07-19,Wednesday,0,24.95
2023-07-19,Wednesday,1,27.4
2023-07-19,Wednesday,2,22.81
2023-07-19,Wednesday,3,18.65
2023-07-19,Wednesday,4,25.56
2023-07-19,Wednesday,5,25.58
2023-07-19,Wednesday,6,39.93
2023-07-19,Wednesday,7,42.06
2023-07-19,Wednesday,8,53.27
2023-07-19,Wednesday,9,73.47
2023-07-19,Wednesday,10,78.65
2023-07-19,Wednesday,11,71.75
2023-07-19,Wednesday,12,59.55
2023-07-19,Wednesday,13,69.15
2023-07-19,Wednesday,14,78.67
2023-07-19,Wednesday,15,78.0
2023-07-19,Wednesday,16,79.43
2023-07-19,Wednesday,17,50.79
2023-07-19,Wednesday,18,49.55
2023-07-19,Wednesday,19,46.21
2023-07-19,Wednesday,20,51.46
2023-07-19,Wednesday,21,26.1
2023-07-19,Wednesday,22,25.9
2023-07-19,Wednesday,23,31.48
2023-07-20,Thursday,0,26.01
2023-07-20,Thursday,1,24.89
2023-07-20,Thursday,2,22.21
2023-07-20,Thursday,3,23.58
2023-07-20,Thursday,4,24.47
2023-07-20,Thursday,5,21.81
2023-07-20,Thursday,6,42.78
2023-07-20,Thursday,7,46.96
2023-07-20,Thursday,8,49.28
2023-07-20,Thursday,9,72.9
2023-07-20,Thursday,10,78.78
2023-07-20,Thursday,11,65.43
2023-07-20,Thursday,12,73.3
2023-07-20,Thursday,13,65.98
2023-07-20,Thursday,14,81.54
2023-07-20,Thursday,15,78.76
2023-07-20,Thursday,16,86.6
2023-07-20,Thursday,17,47.38
2023-07-20,Thursday,18,51.88
2023-07-20,Thursday,19,49.16
2023-07-20,Thursday,20,49.53
2023-07-20,Thursday,21,29.63
2023-07-20,Thursday,22,28.31
2023-07-20,Thursday,23,29.97
2023-07-21,Friday,0,24.87
2023-07-21,Friday,1,25.48
2023-07-21,Friday,2,25.17
2023-07-21,Friday,3,26.6
2023-07-21,Friday,4,26.85
2023-07-21,Friday,5,22.9
2023-07-21,Friday,6,47.61
2023-07-21,Friday,7,41.44
2023-07-21,Friday,8,46.76
2023-07-21,Friday,9,78.1
2023-07-21,Friday,10,65.44
2023-07-21,Friday,11,75.46
2023-07-21,Friday,12,67.66
2023-07-21,Friday,13,66.21
2023-07-21,Friday,14,86.75
2023-07-21,Friday,15,76.73
2023-07-21,Friday,16,75.97
2023-07-21,Friday,17,50.23
2023-07-21,Friday,18,52.06
2023-07-21,Friday,19,49.58
2023-07-21,Friday,20,53.5
2023-07-21,Friday,21,31.06
2023-07-21,Friday,22,25.64
2023-07-21,Friday,23,28.94
2023-07-22,Saturday,0,13.88
2023-07-22,Saturday,1,15.96
2023-07-22,Saturday,2,10.0
2023-07-22,Saturday,3,20.1
2023-07-22,Saturday,4,16.06
2023-07-22,Saturday,5,15.3
2023-07-22,Saturday,6,22.36
2023-07-22,Saturday,7,24.69
2023-07-22,Saturday,8,21.74
2023-07-22,Saturday,9,37.85
2023-07-22,Saturday,10,35.39
2023-07-22,Saturday,11,34.58
2023-07-22,Saturday,12,33.57
2023-07-22,Saturday,13,32.52
2023-07-22,Saturday,14,32.94
2023-07-22,Saturday,15,30.95
2023-07-22,Saturday,16,34.77
2023-07-22,Saturday,17,36.63
2023-07-22,Saturday,18,40.38
2023-07-22,Saturday,19,39.93
2023-07-22,Saturday,20,40.29
2023-07-22,Saturday,21,18.96
2023-07-22,Saturday,22,26.15
2023-07-22,Saturday,23,22.72
2023-07-23,Sunday,0,12.51
2023-07-23,Sunday,1,15.47
2023-07-23,Sunday,2,13.78
2023-07-23,Sunday,3,12.97
2023-07-23,Sunday,4,12.32
2023-07-23,Sunday,5,15.86
2023-07-23,Sunday,6,18.64
2023-07-23,Sunday,7,21.94
2023-07-23,Sunday,8,21.99
2023-07-23,Sunday,9,39.12
2023-07-23,Sunday,10,32.44
2023-07-23,Sunday,11,36.43
2023-07-23,Sunday,12,36.9
2023-07-23,Sunday,13,33.58
2023-07-23,Sunday,14,32.68
2023-07-23,Sunday,15,39.83
2023-07-23,Sunday,16,35.68
2023-07-23,Sunday,17,41.27
2023-07-23,Sunday,18,38.36
2023-07-23,Sunday,19,37.56
2023-07-23,Sunday,20,38.86
2023-07-23,Sunday,21,19.75
2023-07-23,Sunday,22,17.87
2023-07-23,Sunday,23,19.98
2023-07-24,Monday,0,21.62
2023-07-24,Monday,1,22.76
2023-07-24,Monday,2,26.34
2023-07-24,Monday,3,26.21
2023-07-24,Monday,4,24.22
2023-07-24,Monday,5,22.96
2023-07-24,Monday,6,41.92
2023-07-24,Monday,7,43.88
2023-07-24,Monday,8,46.93
2023-07-24,Monday,9,79.64
2023-07-24,Monday,10,72.52
2023-07-24,Monday,11,69.23
2023-07-24,Monday,12,71.34
2023-07-24,Monday,13,65.88
2023-07-24,Monday,14,77.41
2023-07-24,Monday,15,86.63
2023-07-24,Monday,16,84.14
2023-07-24,Monday,17,50.47
2023-07-24,Monday,18,46.18
2023-07-24,Monday,19,50.63
2023-07-24,Monday,20,53.19
2023-07-24,Monday,21,29.25
2023-07-24,Monday,22,32.7
2023-07-24,Monday,23,32.59
2023-07-25,Tuesday,0,28.33
2023-07-25,Tuesday,1,25.61
2023-07-25,Tuesday,2,26.17
2023-07-25,Tuesday,3,27.83
2023-07-25,Tuesday,4,25.89
2023-07-25,Tuesday,5,24.0
2023-07-25,Tuesday,6,43.65
2023-07-25,Tuesday,7,45.72
2023-07-25,Tuesday,8,41.13
2023-07-25,Tuesday,9,74.28
2023-07-25,Tuesday,10,80.48
2023-07-25,Tuesday,11,64.04
2023-07-25,Tuesday,12,77.67
2023-07-25,Tuesday,13,75.61
2023-07-25,Tuesday,14,77.7
2023-07-25,Tuesday,15,82.72
2023-07-25,Tuesday,16,80.02
2023-07-25,Tuesday,17,53.69
2023-07-25,Tuesday,18,52.95
2023-07-25,Tuesday,19,45.8
2023-07-25,Tuesday,20,51.76
2023-07-25,Tuesday,21,29.59
2023-07-25,Tuesday,22,30.17
2023-07-25,Tuesday,23,28.54
2023-07-26,Wednesday,0,28.5
2023-07-26,Wednesday,1,27.08
2023-07-26,Wednesday,2,23.52
2023-07-26,Wednesday,3,22.33
2023-07-26,Wednesday,4,24.23
2023-07-26,Wednesday,5,25.87
2023-07-26,Wednesday,6,45.72
2023-07-26,Wednesday,7,48.76
2023-07-26,Wednesday,8,47.37
2023-07-26,Wednesday,9,79.85
2023-07-26,Wednesday,10,76.63
2023-07-26,Wednesday,11,68.05
2023-07-26,Wednesday,12,69.02
2023-07-26,Wednesday,13,75.3
2023-07-26,Wednesday,14,79.74
2023-07-26,Wednesday,15,82.52
2023-07-26,Wednesday,16,78.41
2023-07-26,Wednesday,17,46.91
2023-07-26,Wednesday,18,49.63
2023-07-26,Wednesday,19,50.93
2023-07-26,Wednesday,20,48.03
2023-07-26,Wednesday,21,29.53
2023-07-26,Wednesday,22,28.12
2023-07-26,Wednesday,23,32.24
2023-07-27,Thursday,0,24.41
2023-07-27,Thursday,1,27.91
2023-07-27,Thursday,2,28.06
2023-07-27,Thursday,3,24.84
2023-07-27,Thursday,4,22.98
2023-07-27,Thursday,5,20.83
2023-07-27,Thursday,6,40.58
2023-07-27,Thursday,7,40.88
2023-07-27,Thursday,8,49.14
2023-07-27,Thursday,9,75.58
2023-07-27,Thursday,10,76.95
2023-07-27,Thursday,11,63.9
2023-07-27,Thursday,12,64.01
2023-07-27,Thursday,13,74.44
2023-07-27,Thursday,14,81.43
2023-07-27,Thursday,15,79.26
2023-07-27,Thursday,16,82.82
2023-07-27,Thursday,17,54.91
2023-07-27,Thursday,18,49.34
2023-07-27,Thursday,19,50.21
2023-07-27,Thursday,20,50.58
2023-07-27,Thursday,21,34.78
2023-07-27,Thursday,22,25.8
2023-07-27,Thursday,23,31.37
2023-07-28,Friday,0,24.77
2023-07-28,Friday,1,26.13
2023-07-28,Friday,2,23.69
2023-07-28,Friday,3,24.9
2023-07-28,Friday,4,26.42
2023-07-28,Friday,5,31.23
2023-07-28,Friday,6,47.42
2023-07-28,Friday,7,42.46
2023-07-28,Friday,8,43.73
2023-07-28,Friday,9,72.73
2023-07-28,Friday,10,66.02
2023-07-28,Friday,11,73.35
2023-07-28,Friday,12,73.66
2023-07-28,Friday,13,63.63
2023-07-28,Friday,14,85.24
2023-07-28,Friday,15,82.44
2023-07-28,Friday,16,76.33
2023-07-28,Friday,17,49.58
2023-07-28,Friday,18,54.79
2023-07-28,Friday,19,52.2
2023-07-28,Friday,20,50.03
2023-07-28,Friday,21,29.52
2023-07-28,Friday,22,30.15
2023-07-28,Friday,23,28.98
2023-07-29,Saturday,0,10.79
2023-07-29,Saturday,1,19.08
2023-07-29,Saturday,2,15.31
2023-07-29,Saturday,3,15.8
2023-07-29,Saturday,4,14.88
2023-07-29,Saturday,5,13.53
2023-07-29,Saturday,6,19.63
2023-07-29,Saturday,7,16.8
2023-07-29,Saturday,8,24.55
2023-07-29,Saturday,9,31.3
2023-07-29,Saturday,10,31.9
2023-07-29,Saturday,11,33.68
2023-07-29,Saturday,12,38.86
2023-07-29,Saturday,13,35.04
2023-07-29,Saturday,14,31.29
2023-07-29,Saturday,15,38.76
2023-07-29,Saturday,16,37.19
2023-07-29,Saturday,17,41.08
2023-07-29,Saturday,18,41.43
2023-07-29,Saturday,19,44.79
2023-07-29,Saturday,20,44.37
2023-07-29,Saturday,21,18.63
2023-07-29,Saturday,22,23.25
2023-07-29,Saturday,23,20.77
2023-07-30,Sunday,0,16.0
2023-07-30,Sunday,1,11.62
2023-07-30,Sunday,2,14.66
2023-07-30,Sunday,3,13.37
2023-07-30,Sunday,4,16.66
2023-07-30,Sunday,5,17.14
2023-07-30,Sunday,6,15.85
2023-07-30,Sunday,7,19.96
2023-07-30,Sunday,8,22.24
2023-07-30,Sunday,9,34.44
2023-07-30,Sunday,10,37.19
2023-07-30,Sunday,11,36.05
2023-07-30,Sunday,12,36.02
2023-07-30,Sunday,13,34.19
2023-07-30,Sunday,14,31.35
2023-07-30,Sunday,15,31.64
2023-07-30,Sunday,16,37.13
2023-07-30,Sunday,17,40.04
2023-07-30,Sunday,18,39.72
2023-07-30,Sunday,19,39.15
2023-07-30,Sunday,20,39.39
2023-07-30,Sunday,21,22.09
2023-07-30,Sunday,22,19.33
2023-07-30,Sunday,23,17.32
2023-07-31,Monday,0,26.49
2023-07-31,Monday,1,24.59
2023-07-31,Monday,2,25.06
2023-07-31,Monday,3,28.22
2023-07-31,Monday,4,24.96
2023-07-31,Monday,5,25.58
2023-07-31,Monday,6,41.46
2023-07-31,Monday,7,44.34
2023-07-31,Monday,8,46.83
2023-07-31,Monday,9,67.22
2023-07-31,Monday,10,76.0
2023-07-31,Monday,11,75.5
2023-07-31,Monday,12,70.21
2023-07-31,Monday,13,75.19
2023-07-31,Monday,14,81.67
2023-07-31,Monday,15,87.39
2023-07-31,Monday,16,75.03
2023-07-31,Monday,17,50.41
2023-07-31,Monday,18,50.25
2023-07-31,Monday,19,46.79
2023-07-31,Monday,20,52.87
2023-07-31,Monday,21,34.65
2023-07-31,Monday,22,29.97
2023-07-31,Monday,23,31.01
2023-08-01,Tuesday,0,25.17
2023-08-01,Tuesday,1,23.57
2023-08-01,Tuesday,2,21.36
2023-08-01,Tuesday,3,23.59
2023-08-01,Tuesday,4,22.22
2023-08-01,Tuesday,5,28.41
2023-08-01,Tuesday,6,44.65
2023-08-01,Tuesday,7,43.96
2023-08-01,Tuesday,8,47.67
2023-08-01,Tuesday,9,69.39
2023-08-01,Tuesday,10,71.17
2023-08-01,Tuesday,11,75.34
2023-08-01,Tuesday,12,75.14
2023-08-01,Tuesday,13,72.51
2023-08-01,Tuesday,14,81.24
2023-08-01,Tuesday,15,80.39
2023-08-01,Tuesday,16,82.0
2023-08-01,Tuesday,17,50.6
2023-08-01,Tuesday,18,46.91
2023-08-01,Tuesday,19,50.14
2023-08-01,Tuesday,20,46.78
2023-08-01,Tuesday,21,30.16
2023-08-01,Tuesday,22,29.04
2023-08-01,Tuesday,23,35.08
2023-08-02,Wednesday,0,24.92
2023-08-02,Wednesday,1,22.19
2023-08-02,Wednesday,2,24.73
2023-08-02,Wednesday,3,26.04
2023-08-02,Wednesday,4,28.35
2023-08-02,Wednesday,5,23.82
2023-08-02,Wednesday,6,40.25
2023-08-02,Wednesday,7,47.45
2023-08-02,Wednesday,8,40.86
2023-08-02,Wednesday,9,72.82
2023-08-02,Wednesday,10,73.71
2023-08-02,Wednesday,11,74.65
2023-08-02,Wednesday,12,73.45
2023-08-02,Wednesday,13,66.58
2023-08-02,Wednesday,14,78.63
2023-08-02,Wednesday,15,79.93
2023-08-02,Wednesday,16,80.75
2023-08-02,Wednesday,17,50.29
2023-08-02,Wednesday,18,51.31
2023-08-02,Wednesday,19,52.53
2023-08-02,Wednesday,20,51.18
2023-08-02,Wednesday,21,30.91
2023-08-02,Wednesday,22,26.84
2023-08-02,Wednesday,23,30.1
2023-08-03,Thursday,0,25.96
2023-08-03,Thursday,1,26.46
2023-08-03,Thursday,2,23.62
2023-08-03,Thursday,3,23.68
2023-08-03,Thursday,4,23.85
2023-08-03,Thursday,5,26.07
2023-08-03,Thursday,6,48.1
2023-08-03,Thursday,7,43.78
2023-08-03,Thursday,8,47.72
2023-08-03,Thursday,9,75.62
2023-08-03,Thursday,10,74.38
2023-08-03,Thursday,11,73.94
2023-08-03,Thursday,12,73.73
2023-08-03,Thursday,13,71.63
2023-08-03,Thursday,14,91.38
2023-08-03,Thursday,15,75.74
2023-08-03,Thursday,16,82.59
2023-08-03,Thursday,17,48.41
2023-08-03,Thursday,18,47.39
2023-08-03,Thursday,19,49.97
2023-08-03,Thursday,20,50.41
2023-08-03,Thursday,21,35.84
2023-08-03,Thursday,22,29.63
2023-08-03,Thursday,23,27.74
2023-08-04,Friday,0,25.55
2023-08-04,Friday,1,20.85
2023-08-04,Friday,2,24.82
2023-08-04,Friday,3,25.03
2023-08-04,Friday,4,26.59
2023-08-04,Friday,5,26.95
2023-08-04,Friday,6,43.49
2023-08-04,Friday,7,44.55
2023-08-04,Friday,8,42.7
2023-08-04,Friday,9,69.36
2023-08-04,Friday,10,76.55
2023-08-04,Friday,11,68.63
2023-08-04,Friday,12,67.93
2023-08-04,Friday,13,65.02
2023-08-04,Friday,14,82.75
2023-08-04,Friday,15,89.01
2023-08-04,Friday,16,73.49
2023-08-04,Friday,17,44.44
2023-08-04,Friday,18,49.63
2023-08-04,Friday,19,50.05
2023-08-04,Friday,20,50.66
2023-08-04,Friday,21,29.11
2023-08-04,Friday,22,29.6
2023-08-04,Friday,23,30.74
2023-08-05,Saturday,0,17.08
2023-08-05,Saturday,1,11.09
2023-08-05,Saturday,2,14.26
2023-08-05,Saturday,3,15.43
2023-08-05,Saturday,4,13.16
2023-08-05,Saturday,5,18.46
2023-08-05,Saturday,6,18.73
2023-08-05,Saturday,7,19.92
2023-08-05,Saturday,8,21.11
2023-08-05,Saturday,9,33.23
2023-08-05,Saturday,10,29.46
2023-08-05,Saturday,11,33.71
2023-08-05,Saturday,12,38.09
2023-08-05,Saturday,13,33.99
2023-08-05,Saturday,14,32.46
2023-08-05,Saturday,15,37.78
2023-08-05,Saturday,16,34.01
2023-08-05,Saturday,17,38.98
2023-08-05,Saturday,18,40.3
2023-08-05,Saturday,19,41.54
2023-08-05,Saturday,20,44.76
2023-08-05,Saturday,21,21.65
2023-08-05,Saturday,22,22.32
2023-08-05,Saturday,23,18.99
2023-08-06,Sunday,0,12.95
2023-08-06,Sunday,1,15.12
2023-08-06,Sunday,2,15.21
2023-08-06,Sunday,3,12.84
2023-08-06,Sunday,4,14.65
2023-08-06,Sunday,5,15.8
2023-08-06,Sunday,6,20.72
2023-08-06,Sunday,7,21.01
2023-08-06,Sunday,8,20.58
2023-08-06,Sunday,9,33.48
2023-08-06,Sunday,10,33.46
2023-08-06,Sunday,11,31.4
2023-08-06,Sunday,12,40.35
2023-08-06,Sunday,13,35.04
2023-08-06,Sunday,14,34.33
2023-08-06,Sunday,15,32.21
2023-08-06,Sunday,16,43.81
2023-08-06,Sunday,17,37.85
2023-08-06,Sunday,18,39.14
2023-08-06,Sunday,19,40.83
2023-08-06,Sunday,20,41.2
2023-08-06,Sunday,21,21.92
2023-08-06,Sunday,22,23.62
2023-08-06,Sunday,23,21.01
2023-08-07,Monday,0,22.89
2023-08-07,Monday,1,24.49
2023-08-07,Monday,2,25.62
2023-08-07,Monday,3,29.14
2023-08-07,Monday,4,22.2
2023-08-07,Monday,5,27.41
2023-08-07,Monday,6,45.54
2023-08-07,Monday,7,47.51
2023-08-07,Monday,8,44.69
2023-08-07,Monday,9,70.79
2023-08-07,Monday,10,78.75
2023-08-07,Monday,11,78.27
2023-08-07,Monday,12,74.86
2023-08-07,Monday,13,69.93
2023-08-07,Monday,14,77.0
2023-08-07,Monday,15,72.21
2023-08-07,Monday,16,84.1
2023-08-07,Monday,17,51.27
2023-08-07,Monday,18,47.1
2023-08-07,Monday,19,48.38
2023-08-07,Monday,20,48.6
2023-08-07,Monday,21,27.03
2023-08-07,Monday,22,28.36
2023-08-07,Monday,23,27.73
2023-08-08,Tuesday,0,24.18
2023-08-08,Tuesday,1,23.52
2023-08-08,Tuesday,2,21.75
2023-08-08,Tuesday,3,29.05
2023-08-08,Tuesday,4,27.51
2023-08-08,Tuesday,5,23.44
2023-08-08,Tuesday,6,45.82
2023-08-08,Tuesday,7,46.25
2023-08-08,Tuesday,8,48.57
2023-08-08,Tuesday,9,70.91
2023-08-08,Tuesday,10,80.46
2023-08-08,Tuesday,11,72.26
2023-08-08,Tuesday,12,63.32
2023-08-08,Tuesday,13,73.62
2023-08-08,Tuesday,14,86.45
2023-08-08,Tuesday,15,92.94
2023-08-08,Tuesday,16,74.0
2023-08-08,Tuesday,17,52.1
2023-08-08,Tuesday,18,48.77
2023-08-08,Tuesday,19,52.35
2023-08-08,Tuesday,20,45.59
2023-08-08,Tuesday,21,27.47
2023-08-08,Tuesday,22,28.45
2023-08-08,Tuesday,23,30.16
2023-08-09,Wednesday,0,23.72
2023-08-09,Wednesday,1,26.32
2023-08-09,Wednesday,2,27.05
2023-08-09,Wednesday,3,26.2
2023-08-09,Wednesday,4,28.24
2023-08-09,Wednesday,5,25.83
2023-08-09,Wednesday,6,41.35
2023-08-09,Wednesday,7,49.09
2023-08-09,Wednesday,8,43.18
2023-08-09,Wednesday,9,79.55
2023-08-09,Wednesday,10,82.87
2023-08-09,Wednesday,11,77.28
2023-08-09,Wednesday,12,62.52
2023-08-09,Wednesday,13,65.41
2023-08-09,Wednesday,14,86.61
2023-08-09,Wednesday,15,79.15
2023-08-09,Wednesday,16,80.4
2023-08-09,Wednesday,17,52.28
2023-08-09,Wednesday,18,52.09
2023-08-09,Wednesday,19,50.84
2023-08-09,Wednesday,20,49.37
2023-08-09,Wednesday,21,29.37
2023-08-09,Wednesday,22,31.72
2023-08-09,Wednesday,23,31.11
2023-08-10,Thursday,0,24.49
2023-08-10,Thursday,1,27.16
2023-08-10,Thursday,2,24.74
2023-08-10,Thursday,3,23.3
2023-08-10,Thursday,4,23.48
2023-08-10,Thursday,5,23.04
2023-08-10,Thursday,6,44.18
2023-08-10,Thursday,7,48.7
2023-08-10,Thursday,8,42.58
2023-08-10,Thursday,9,75.94
2023-08-10,Thursday,10,71.72
2023-08-10,Thursday,11,73.7
2023-08-10,Thursday,12,62.45
2023-08-10,Thursday,13,68.9
2023-08-10,Thursday,14,79.03
2023-08-10,Thursday,15,82.7
2023-08-10,Thursday,16,81.12
2023-08-10,Thursday,17,46.4
2023-08-10,Thursday,18,53.25
2023-08-10,Thursday,19,50.63
2023-08-10,Thursday,20,50.6
2023-08-10,Thursday,21,29.98
2023-08-10,Thursday,22,28.96
2023-08-10,Thursday,23,30.44
2023-08-11,Friday,0,25.95
2023-08-11,Friday,1,21.51
2023-08-11,Friday,2,23.92
2023-08-11,Friday,3,24.49
2023-08-11,Friday,4,25.51
2023-08-11,Friday,5,27.39
2023-08-11,Friday,6,42.68
2023-08-11,Friday,7,43.51
2023-08-11,Friday,8,43.46
2023-08-11,Friday,9,70.99
2023-08-11,Friday,10,73.26
2023-08-11,Friday,11,78.85
2023-08-11,Friday,12,64.73
2023-08-11,Friday,13,72.14
2023-08-11,Friday,14,71.49
2023-08-11,Friday,15,77.19
2023-08-11,Friday,16,78.35
2023-08-11,Friday,17,55.02
2023-08-11,Friday,18,49.18
2023-08-11,Friday,19,43.4
2023-08-11,Friday,20,44.0
2023-08-11,Friday,21,30.07
2023-08-11,Friday,22,31.23
2023-08-11,Friday,23,30.75
2023-08-12,Saturday,0,15.34
2023-08-12,Saturday,1,17.32
2023-08-12,Saturday,2,13.92
2023-08-12,Saturday,3,16.79
2023-08-12,Saturday,4,11.74
2023-08-12,Saturday,5,13.19
2023-08-12,Saturday,6,16.39
2023-08-12,Saturday,7,19.45
2023-08-12,Saturday,8,19.91
2023-08-12,Saturday,9,35.34
2023-08-12,Saturday,10,35.19
2023-08-12,Saturday,11,32.22
2023-08-12,Saturday,12,34.43
2023-08-12,Saturday,13,30.51
2023-08-12,Saturday,14,39.09
2023-08-12,Saturday,15,34.09
2023-08-12,Saturday,16,33.53
2023-08-12,Saturday,17,43.18
2023-08-12,Saturday,18,37.52
2023-08-12,Saturday,19,37.75
2023-08-12,Saturday,20,37.81
2023-08-12,Saturday,21,19.86
2023-08-12,Saturday,22,20.86
2023-08-12,Saturday,23,21.48
2023-08-13,Sunday,0,20.14
2023-08-13,Sunday,1,10.5
2023-08-13,Sunday,2,16.22
2023-08-13,Sunday,3,13.89
2023-08-13,Sunday,4,13.83
2023-08-13,Sunday,5,13.76
2023-08-13,Sunday,6,18.18
2023-08-13,Sunday,7,23.37
2023-08-13,Sunday,8,21.68
2023-08-13,Sunday,9,35.07
2023-08-13,Sunday,10,39.05
2023-08-13,Sunday,11,30.46
2023-08-13,Sunday,12,31.01
2023-08-13,Sunday,13,28.47
2023-08-13,Sunday,14,32.9
2023-08-13,Sunday,15,35.49
2023-08-13,Sunday,16,35.31
2023-08-13,Sunday,17,40.3
2023-08-13,Sunday,18,37.18
2023-08-13,Sunday,19,41.61
2023-08-13,Sunday,20,40.48
2023-08-13,Sunday,21,21.47
2023-08-13,Sunday,22,16.21
2023-08-13,Sunday,23,20.62
2023-08-14,Monday,0,22.62
2023-08-14,Monday,1,24.21
2023-08-14,Monday,2,26.07
2023-08-14,Monday,3,25.18
2023-08-14,Monday,4,23.3
2023-08-14,Monday,5,25.01
2023-08-14,Monday,6,40.41
2023-08-14,Monday,7,48.45
2023-08-14,Monday,8,44.38
2023-08-14,Monday,9,80.59
2023-08-14,Monday,10,72.37
2023-08-14,Monday,11,72.38
2023-08-14,Monday,12,66.18
2023-08-14,Monday,13,74.38
2023-08-14,Monday,14,76.45
2023-08-14,Monday,15,83.22
2023-08-14,Monday,16,78.09
2023-08-14,Monday,17,44.07
2023-08-14,Monday,18,48.29
2023-08-14,Monday,19,46.46
2023-08-14,Monday,20,50.1
2023-08-14,Monday,21,27.62
2023-08-14,Monday,22,31.85
2023-08-14,Monday,23,29.82
2023-08-15,Tuesday,0,24.64
2023-08-15,Tuesday,1,26.31
2023-08-15,Tuesday,2,26.93
2023-08-15,Tuesday,3,24.96
2023-08-15,Tuesday,4,23.46
2023-08-15,Tuesday,5,21.45
2023-08-15,Tuesday,6,42.94
2023-08-15,Tuesday,7,43.15
2023-08-15,Tuesday,8,45.32
2023-08-15,Tuesday,9,73.27
2023-08-15,Tuesday,10,78.44
2023-08-15,Tuesday,11,71.94
2023-08-15,Tuesday,12,69.71
2023-08-15,Tuesday,13,75.92
2023-08-15,Tuesday,14,81.71
2023-08-15,Tuesday,15,79.7
2023-08-15,Tuesday,16,76.99
2023-08-15,Tuesday,17,48.1
2023-08-15,Tuesday,18,47.45
2023-08-15,Tuesday,19,48.38
2023-08-15,Tuesday,20,52.27
2023-08-15,Tuesday,21,29.56
2023-08-15,Tuesday,22,27.3
2023-08-15,Tuesday,23,33.54
2023-08-16,Wednesday,0,25.64
2023-08-16,Wednesday,1,22.19
2023-08-16,Wednesday,2,24.12
2023-08-16,Wednesday,3,25.22
2023-08-16,Wednesday,4,28.41
2023-08-16,Wednesday,5,22.78
2023-08-16,Wednesday,6,47.93
2023-08-16,Wednesday,7,49.2
2023-08-16,Wednesday,8,43.11
2023-08-16,Wednesday,9,73.61
2023-08-16,Wednesday,10,69.82
2023-08-16,Wednesday,11,73.98
2023-08-16,Wednesday,12,69.82
2023-08-16,Wednesday,13,73.3
2023-08-16,Wednesday,14,85.45
2023-08-16,Wednesday,15,76.26
2023-08-16,Wednesday,16,70.16
2023-08-16,Wednesday,17,49.94
2023-08-16,Wednesday,18,50.88
2023-08-16,Wednesday,19,50.75
2023-08-16,Wednesday,20,49.02
2023-08-16,Wednesday,21,30.25
2023-08-16,Wednesday,22,33.03
2023-08-16,Wednesday,23,30.76
2023-08-17,Thursday,0,24.25
2023-08-17,Thursday,1,24.0
2023-08-17,Thursday,2,24.66
2023-08-17,Thursday,3,28.27
2023-08-17,Thursday,4,24.63
2023-08-17,Thursday,5,24.96
2023-08-17,Thursday,6,43.55
2023-08-17,Thursday,7,48.3
2023-08-17,Thursday,8,50.88
2023-08-17,Thursday,9,77.25
2023-08-17,Thursday,10,75.41
2023-08-17,Thursday,11,75.18
2023-08-17,Thursday,12,58.08
2023-08-17,Thursday,13,73.73
2023-08-17,Thursday,14,80.67
2023-08-17,Thursday,15,82.14
2023-08-17,Thursday,16,76.44
2023-08-17,Thursday,17,48.85
2023-08-17,Thursday,18,48.77
2023-08-17,Thursday,19,53.06
2023-08-17,Thursday,20,48.86
2023-08-17,Thursday,21,34.17
2023-08-17,Thursday,22,30.86
2023-08-17,Thursday,23,27.45
2023-08-18,Friday,0,24.74
2023-08-18,Friday,1,23.7
2023-08-18,Friday,2,20.61
2023-08-18,Friday,3,28.2
2023-08-18,Friday,4,26.41
2023-08-18,Friday,5,26.07
2023-08-18,Friday,6,45.5
2023-08-18,Friday,7,40.85
2023-08-18,Friday,8,43.55
2023-08-18,Friday,9,79.21
2023-08-18,Friday,10,69.74
2023-08-18,Friday,11,62.34
2023-08-18,Friday,12,68.86
2023-08-18,Friday,13,69.29
2023-08-18,Friday,14,80.68
2023-08-18,Friday,15,83.64
2023-08-18,Friday,16,83.19
2023-08-18,Friday,17,50.78
2023-08-18,Friday,18,53.59
2023-08-18,Friday,19,45.44
2023-08-18,Friday,20,51.51
2023-08-18,Friday,21,31.25
2023-08-18,Friday,22,27.52
2023-08-18,Friday,23,26.99
2023-08-19,Saturday,0,13.51
2023-08-19,Saturday,1,13.68
2023-08-19,Saturday,2,16.51
2023-08-19,Saturday,3,13.77
2023-08-19,Saturday,4,13.29
2023-08-19,Saturday,5,13.78
2023-08-19,Saturday,6,22.24
2023-08-19,Saturday,7,20.03
2023-08-19,Saturday,8,19.64
2023-08-19,Saturday,9,34.67
2023-08-19,Saturday,10,38.88
2023-08-19,Saturday,11,32.75
2023-08-19,Saturday,12,38.95
2023-08-19,Saturday,13,35.63
2023-08-19,Saturday,14,34.52
2023-08-19,Saturday,15,42.5
2023-08-19,Saturday,16,31.83
2023-08-19,Saturday,17,39.29
2023-08-19,Saturday,18,37.54
2023-08-19,Saturday,19,41.9
2023-08-19,Saturday,20,43.38
2023-08-19,Saturday,21,23.34
2023-08-19,Saturday,22,22.45
2023-08-19,Saturday,23,19.6
2023-08-20,Sunday,0,14.27
2023-08-20,Sunday,1,11.66
2023-08-20,Sunday,2,19.07
2023-08-20,Sunday,3,15.94
2023-08-20,Sunday,4,14.02
2023-08-20,Sunday,5,17.66
2023-08-20,Sunday,6,18.05
2023-08-20,Sunday,7,20.81
2023-08-20,Sunday,8,19.65
2023-08-20,Sunday,9,36.92
2023-08-20,Sunday,10,34.81
2023-08-20,Sunday,11,30.65
2023-08-20,Sunday,12,35.23
2023-08-20,Sunday,13,38.15
2023-08-20,Sunday,14,34.91
2023-08-20,Sunday,15,37.33
2023-08-20,Sunday,16,31.86
2023-08-20,Sunday,17,39.95
2023-08-20,Sunday,18,38.75
2023-08-20,Sunday,19,41.49
2023-08-20,Sunday,20,40.06
2023-08-20,Sunday,21,21.38
2023-08-20,Sunday,22,22.18
2023-08-20,Sunday,23,21.38
2023-08-21,Monday,0,25.55
2023-08-21,Monday,1,23.0
2023-08-21,Monday,2,24.99
2023-08-21,Monday,3,23.93
2023-08-21,Monday,4,24.31
2023-08-21,Monday,5,24.25
2023-08-21,Monday,6,42.06
2023-08-21,Monday,7,39.13
2023-08-21,Monday,8,43.0
2023-08-21,Monday,9,75.97
2023-08-21,Monday,10,68.26
2023-08-21,Monday,11,75.08
2023-08-21,Monday,12,79.5
2023-08-21,Monday,13,75.12
2023-08-21,Monday,14,88.22
2023-08-21,Monday,15,81.96
2023-08-21,Monday,16,85.84
2023-08-21,Monday,17,47.83
2023-08-21,Monday,18,48.07
2023-08-21,Monday,19,41.78
2023-08-21,Monday,20,53.56
2023-08-21,Monday,21,33.08
2023-08-21,Monday,22,28.89
2023-08-21,Monday,23,29.49
2023-08-22,Tuesday,0,23.49
2023-08-22,Tuesday,1,25.77
2023-08-22,Tuesday,2,27.25
2023-08-22,Tuesday,3,21.51
2023-08-22,Tuesday,4,25.82
2023-08-22,Tuesday,5,24.45
2023-08-22,Tuesday,6,45.34
2023-08-22,Tuesday,7,46.38
2023-08-22,Tuesday,8,44.44
2023-08-22,Tuesday,9,74.48
2023-08-22,Tuesday,10,73.93
2023-08-22,Tuesday,11,79.85
2023-08-22,Tuesday,12,72.09
2023-08-22,Tuesday,13,71.1
2023-08-22,Tuesday,14,73.65
2023-08-22,Tuesday,15,78.11
2023-08-22,Tuesday,16,84.49
2023-08-22,Tuesday,17,50.11
2023-08-22,Tuesday,18,51.98
2023-08-22,Tuesday,19,55.3
2023-08-22,Tuesday,20,53.12
2023-08-22,Tuesday,21,30.19
2023-08-22,Tuesday,22,28.98
2023-08-22,Tuesday,23,24.89
2023-08-23,Wednesday,0,24.66
2023-08-23,Wednesday,1,24.35
2023-08-23,Wednesday,2,25.78
2023-08-23,Wednesday,3,24.69
2023-08-23,Wednesday,4,24.36
2023-08-23,Wednesday,5,21.44
2023-08-23,Wednesday,6,42.18
2023-08-23,Wednesday,7,46.43
2023-08-23,Wednesday,8,50.15
2023-08-23,Wednesday,9,74.51
2023-08-23,Wednesday,10,76.64
2023-08-23,Wednesday,11,79.76
2023-08-23,Wednesday,12,65.95
2023-08-23,Wednesday,13,71.83
2023-08-23,Wednesday,14,76.3
2023-08-23,Wednesday,15,84.32
2023-08-23,Wednesday,16,80.76
2023-08-23,Wednesday,17,50.9
2023-08-23,Wednesday,18,47.65
2023-08-23,Wednesday,19,52.12
2023-08-23,Wednesday,20,56.25
2023-08-23,Wednesday,21,27.98
2023-08-23,Wednesday,22,29.32
2023-08-23,Wednesday,23,30.46
2023-08-24,Thursday,0,26.57
2023-08-24,Thursday,1,23.88
2023-08-24,Thursday,2,19.33
2023-08-24,Thursday,3,27.72
2023-08-24,Thursday,4,26.52
2023-08-24,Thursday,5,21.51
2023-08-24,Thursday,6,43.18
2023-08-24,Thursday,7,49.7
2023-08-24,Thursday,8,49.34
2023-08-24,Thursday,9,79.69
2023-08-24,Thursday,10,74.12
2023-08-24,Thursday,11,75.41
2023-08-24,Thursday,12,69.35
2023-08-24,Thursday,13,75.64
2023-08-24,Thursday,14,75.62
2023-08-24,Thursday,15,75.97
2023-08-24,Thursday,16,85.05
2023-08-24,Thursday,17,49.87
2023-08-24,Thursday,18,54.14
2023-08-24,Thursday,19,47.99
2023-08-24,Thursday,20,49.84
2023-08-24,Thursday,21,28.16
2023-08-24,Thursday,22,30.01
2023-08-24,Thursday,23,27.04
2023-08-25,Friday,0,24.02
2023-08-25,Friday,1,22.13
2023-08-25,Friday,2,26.39
2023-08-25,Friday,3,26.43
2023-08-25,Friday,4,21.54
2023-08-25,Friday,5,27.67
2023-08-25,Friday,6,52.49
2023-08-25,Friday,7,45.14
2023-08-25,Friday,8,43.08
2023-08-25,Friday,9,89.12
2023-08-25,Friday,10,68.41
2023-08-25,Friday,11,75.1
2023-08-25,Friday,12,70.9
2023-08-25,Friday,13,76.73
2023-08-25,Friday,14,81.8
2023-08-25,Friday,15,77.51
2023-08-25,Friday,16,75.24
2023-08-25,Friday,17,48.97
2023-08-25,Friday,18,46.98
2023-08-25,Friday,19,50.14
2023-08-25,Friday,20,48.31
2023-08-25,Friday,21,27.01
2023-08-25,Friday,22,32.51
2023-08-25,Friday,23,29.0
2023-08-26,Saturday,0,12.46
2023-08-26,Saturday,1,14.66
2023-08-26,Saturday,2,15.14
2023-08-26,Saturday,3,11.51
2023-08-26,Saturday,4,15.66
2023-08-26,Saturday,5,12.91
2023-08-26,Saturday,6,23.42
2023-08-26,Saturday,7,21.05
2023-08-26,Saturday,8,19.2
2023-08-26,Saturday,9,32.76
2023-08-26,Saturday,10,34.69
2023-08-26,Saturday,11,36.84
2023-08-26,Saturday,12,34.92
2023-08-26,Saturday,13,34.35
2023-08-26,Saturday,14,35.18
2023-08-26,Saturday,15,33.19
2023-08-26,Saturday,16,33.97
2023-08-26,Saturday,17,35.83
2023-08-26,Saturday,18,41.95
2023-08-26,Saturday,19,40.6
2023-08-26,Saturday,20,38.45
2023-08-26,Saturday,21,23.8
2023-08-26,Saturday,22,20.17
2023-08-26,Saturday,23,17.93
2023-08-27,Sunday,0,16.71
2023-08-27,Sunday,1,15.8
2023-08-27,Sunday,2,15.79
2023-08-27,Sunday,3,14.15
2023-08-27,Sunday,4,15.9
2023-08-27,Sunday,5,14.48
2023-08-27,Sunday,6,21.11
2023-08-27,Sunday,7,16.19
2023-08-27,Sunday,8,19.13
2023-08-27,Sunday,9,40.17
2023-08-27,Sunday,10,32.7
2023-08-27,Sunday,11,33.19
2023-08-27,Sunday,12,33.66
2023-08-27,Sunday,13,31.36
2023-08-27,Sunday,14,28.38
2023-08-27,Sunday,15,34.31
2023-08-27,Sunday,16,35.41
2023-08-27,Sunday,17,39.89
2023-08-27,Sunday,18,39.71
2023-08-27,Sunday,19,40.09
2023-08-27,Sunday,20,42.05
2023-08-27,Sunday,21,19.62
2023-08-27,Sunday,22,18.85
2023-08-27,Sunday,23,19.44
2023-08-28,Monday,0,26.16
2023-08-28,Monday,1,27.82
2023-08-28,Monday,2,23.74
2023-08-28,Monday,3,25.2
2023-08-28,Monday,4,25.68
2023-08-28,Monday,5,23.01
2023-08-28,Monday,6,45.06
2023-08-28,Monday,7,40.6
2023-08-28,Monday,8,39.69
2023-08-28,Monday,9,76.83
2023-08-28,Monday,10,73.08
2023-08-28,Monday,11,76.01
2023-08-28,Monday,12,69.91
2023-08-28,Monday,13,65.12
2023-08-28,Monday,14,79.77
2023-08-28,Monday,15,73.83
2023-08-28,Monday,16,86.95
2023-08-28,Monday,17,45.93
2023-08-28,Monday,18,49.41
2023-08-28,Monday,19,46.87
2023-08-28,Monday,20,51.71
2023-08-28,Monday,21,29.34
2023-08-28,Monday,22,28.96
2023-08-28,Monday,23,31.71
2023-08-29,Tuesday,0,25.06
2023-08-29,Tuesday,1,26.03
2023-08-29,Tuesday,2,23.04
2023-08-29,Tuesday,3,22.19
2023-08-29,Tuesday,4,25.21
2023-08-29,Tuesday,5,24.36
2023-08-29,Tuesday,6,46.88
2023-08-29,Tuesday,7,44.76
2023-08-29,Tuesday,8,45.62
2023-08-29,Tuesday,9,66.88
2023-08-29,Tuesday,10,84.44
2023-08-29,Tuesday,11,74.18
2023-08-29,Tuesday,12,73.49
2023-08-29,Tuesday,13,65.82
2023-08-29,Tuesday,14,81.54
2023-08-29,Tuesday,15,73.49
2023-08-29,Tuesday,16,82.26
2023-08-29,Tuesday,17,48.93
2023-08-29,Tuesday,18,50.09
2023-08-29,Tuesday,19,52.09
2023-08-29,Tuesday,20,46.3
2023-08-29,Tuesday,21,28.63
2023-08-29,Tuesday,22,30.91
2023-08-29,Tuesday,23,34.2
2023-08-30,Wednesday,0,24.72
2023-08-30,Wednesday,1,26.18
2023-08-30,Wednesday,2,24.79
2023-08-30,Wednesday,3,28.88
2023-08-30,Wednesday,4,21.51
2023-08-30,Wednesday,5,25.19
2023-08-30,Wednesday,6,40.12
2023-08-30,Wednesday,7,37.48
2023-08-30,Wednesday,8,45.89
2023-08-30,Wednesday,9,75.7
2023-08-30,Wednesday,10,73.58
2023-08-30,Wednesday,11,74.47
2023-08-30,Wednesday,12,85.49
2023-08-30,Wednesday,13,68.71
2023-08-30,Wednesday,14,82.55
2023-08-30,Wednesday,15,76.75
2023-08-30,Wednesday,16,81.48
2023-08-30,Wednesday,17,49.29
2023-08-30,Wednesday,18,48.77
2023-08-30,Wednesday,19,55.46
2023-08-30,Wednesday,20,53.53
2023-08-30,Wednesday,21,30.27
2023-08-30,Wednesday,22,25.39
2023-08-30,Wednesday,23,29.28
2023-08-31,Thursday,0,30.41
2023-08-31,Thursday,1,24.54
2023-08-31,Thursday,2,27.21
2023-08-31,Thursday,3,27.88
2023-08-31,Thursday,4,25.44
2023-08-31,Thursday,5,23.32
2023-08-31,Thursday,6,37.69
2023-08-31,Thursday,7,47.05
2023-08-31,Thursday,8,42.56
2023-08-31,Thursday,9,75.88
2023-08-31,Thursday,10,68.75
2023-08-31,Thursday,11,73.67
2023-08-31,Thursday,12,70.17
2023-08-31,Thursday,13,71.34
2023-08-31,Thursday,14,74.43
2023-08-31,Thursday,15,85.98
2023-08-31,Thursday,16,77.02
2023-08-31,Thursday,17,44.98
2023-08-31,Thursday,18,49.67
2023-08-31,Thursday,19,50.1
2023-08-31,Thursday,20,50.48
2023-08-31,Thursday,21,32.72
2023-08-31,Thursday,22,29.53
2023-08-31,Thursday,23,29.76
2023-09-01,Friday,0,22.79
2023-09-01,Friday,1,26.64
2023-09-01,Friday,2,25.37
2023-09-01,Friday,3,24.16
2023-09-01,Friday,4,21.19
2023-09-01,Friday,5,27.89
2023-09-01,Friday,6,41.32
2023-09-01,Friday,7,43.23
2023-09-01,Friday,8,46.08
2023-09-01,Friday,9,69.02
2023-09-01,Friday,10,67.53
2023-09-01,Friday,11,64.38
2023-09-01,Friday,12,73.6
2023-09-01,Friday,13,67.27
2023-09-01,Friday,14,94.64
2023-09-01,Friday,15,75.03
2023-09-01,Friday,16,75.39
2023-09-01,Friday,17,48.3
2023-09-01,Friday,18,50.73
2023-09-01,Friday,19,48.59
2023-09-01,Friday,20,51.84
2023-09-01,Friday,21,28.04
2023-09-01,Friday,22,27.24
2023-09-01,Friday,23,26.4
2023-09-02,Saturday,0,10.55
2023-09-02,Saturday,1,13.96
2023-09-02,Saturday,2,14.4
2023-09-02,Saturday,3,13.74
2023-09-02,Saturday,4,17.49
2023-09-02,Saturday,5,17.46
2023-09-02,Saturday,6,19.33
2023-09-02,Saturday,7,16.41
2023-09-02,Saturday,8,18.87
2023-09-02,Saturday,9,33.2
2023-09-02,Saturday,10,33.03
2023-09-02,Saturday,11,32.91
2023-09-02,Saturday,12,33.04
2023-09-02,Saturday,13,33.84
2023-09-02,Saturday,14,33.09
2023-09-02,Saturday,15,35.62
2023-09-02,Saturday,16,36.08
2023-09-02,Saturday,17,38.18
2023-09-02,Saturday,18,42.54
2023-09-02,Saturday,19,38.04
2023-09-02,Saturday,20,36.76
2023-09-02,Saturday,21,20.76
2023-09-02,Saturday,22,18.37
2023-09-02,Saturday,23,20.64
2023-09-03,Sunday,0,10.19
2023-09-03,Sunday,1,17.78
2023-09-03,Sunday,2,16.34
2023-09-03,Sunday,3,12.0
2023-09-03,Sunday,4,12.04
2023-09-03,Sunday,5,18.34
2023-09-03,Sunday,6,18.53
2023-09-03,Sunday,7,18.33
2023-09-03,Sunday,8,15.47
2023-09-03,Sunday,9,33.95
2023-09-03,Sunday,10,34.32
2023-09-03,Sunday,11,37.15
2023-09-03,Sunday,12,30.8
2023-09-03,Sunday,13,30.44
2023-09-03,Sunday,14,36.35
2023-09-03,Sunday,15,38.02
2023-09-03,Sunday,16,30.29
2023-09-03,Sunday,17,42.16
2023-09-03,Sunday,18,40.08
2023-09-03,Sunday,19,42.18
2023-09-03,Sunday,20,39.86
2023-09-03,Sunday,21,14.96
2023-09-03,Sunday,22,19.7
2023-09-03,Sunday,23,22.12
2023-09-04,Monday,0,23.21
2023-09-04,Monday,1,24.22
2023-09-04,Monday,2,24.65
2023-09-04,Monday,3,19.2
2023-09-04,Monday,4,28.34
2023-09-04,Monday,5,23.2
2023-09-04,Monday,6,46.52
2023-09-04,Monday,7,44.74
2023-09-04,Monday,8,48.77
2023-09-04,Monday,9,77.03
2023-09-04,Monday,10,73.83
2023-09-04,Monday,11,70.53
2023-09-04,Monday,12,73.99
2023-09-04,Monday,13,60.63
2023-09-04,Monday,14,83.23
2023-09-04,Monday,15,74.5
2023-09-04,Monday,16,86.26
2023-09-04,Monday,17,50.48
2023-09-04,Monday,18,51.93
2023-09-04,Monday,19,50.25
2023-09-04,Monday,20,44.74
2023-09-04,Monday,21,28.28
2023-09-04,Monday,22,31.34
2023-09-04,Monday,23,30.33
2023-09-05,Tuesday,0,27.36
2023-09-05,Tuesday,1,25.81
2023-09-05,Tuesday,2,23.07
2023-09-05,Tuesday,3,23.41
2023-09-05,Tuesday,4,25.21
2023-09-05,Tuesday,5,20.37
2023-09-05,Tuesday,6,50.02
2023-09-05,Tuesday,7,46.33
2023-09-05,Tuesday,8,48.68
2023-09-05,Tuesday,9,67.1
2023-09-05,Tuesday,10,81.22
2023-09-05,Tuesday,11,86.16
2023-09-05,Tuesday,12,63.4
2023-09-05,Tuesday,13,73.86
2023-09-05,Tuesday,14,80.01
2023-09-05,Tuesday,15,72.28
2023-09-05,Tuesday,16,82.46
2023-09-05,Tuesday,17,52.5
2023-09-05,Tuesday,18,48.2
2023-09-05,Tuesday,19,53.5
2023-09-05,Tuesday,20,45.0
2023-09-05,Tuesday,21,27.01
2023-09-05,Tuesday,22,30.27
2023-09-05,Tuesday,23,30.05
2023-09-06,Wednesday,0,23.57
2023-09-06,Wednesday,1,26.62
2023-09-06,Wednesday,2,26.06
2023-09-06,Wednesday,3,26.72
2023-09-06,Wednesday,4,24.75
2023-09-06,Wednesday,5,26.21
2023-09-06,Wednesday,6,43.66
2023-09-06,Wednesday,7,51.16
2023-09-06,Wednesday,8,42.56
2023-09-06,Wednesday,9,85.53
2023-09-06,Wednesday,10,75.17
2023-09-06,Wednesday,11,68.12
2023-09-06,Wednesday,12,76.84
2023-09-06,Wednesday,13,70.63
2023-09-06,Wednesday,14,84.26
2023-09-06,Wednesday,15,86.12
2023-09-06,Wednesday,16,81.69
2023-09-06,Wednesday,17,48.22
2023-09-06,Wednesday,18,52.93
2023-09-06,Wednesday,19,50.0
2023-09-06,Wednesday,20,52.06
2023-09-06,Wednesday,21,25.69
2023-09-06,Wednesday,22,30.89
2023-09-06,Wednesday,23,28.72
2023-09-07,Thursday,0,28.31
2023-09-07,Thursday,1,26.25
2023-09-07,Thursday,2,25.48
2023-09-07,Thursday,3,25.97
2023-09-07,Thursday,4,23.0
2023-09-07,Thursday,5,28.25
2023-09-07,Thursday,6,50.97
2023-09-07,Thursday,7,46.18
2023-09-07,Thursday,8,49.77
2023-09-07,Thursday,9,72.15
2023-09-07,Thursday,10,71.01
2023-09-07,Thursday,11,75.2
2023-09-07,Thursday,12,72.17
2023-09-07,Thursday,13,68.03
2023-09-07,Thursday,14,82.69
2023-09-07,Thursday,15,81.53
2023-09-07,Thursday,16,75.01
2023-09-07,Thursday,17,51.56
2023-09-07,Thursday,18,52.59
2023-09-07,Thursday,19,50.51
2023-09-07,Thursday,20,53.46
2023-09-07,Thursday,21,27.57
2023-09-07,Thursday,22,30.94
2023-09-07,Thursday,23,27.66
2023-09-08,Friday,0,22.77
2023-09-08,Friday,1,23.74
2023-09-08,Friday,2,23.12
2023-09-08,Friday,3,23.9
2023-09-08,Friday,4,24.57
2023-09-08,Friday,5,26.67
2023-09-08,Friday,6,44.04
2023-09-08,Friday,7,40.24
2023-09-08,Friday,8,48.42
2023-09-08,Friday,9,70.81
2023-09-08,Friday,10,74.71
2023-09-08,Friday,11,77.23
2023-09-08,Friday,12,71.0
2023-09-08,Friday,13,75.47
2023-09-08,Friday,14,82.4
2023-09-08,Friday,15,75.69
2023-09-08,Friday,16,90.89
2023-09-08,Friday,17,50.58
2023-09-08,Friday,18,49.56
2023-09-08,Friday,19,52.89
2023-09-08,Friday,20,50.75
2023-09-08,Friday,21,30.8
2023-09-08,Friday,22,34.98
2023-09-08,Friday,23,29.45
2023-09-09,Saturday,0,14.36
2023-09-09,Saturday,1,15.23
2023-09-09,Saturday,2,17.14
2023-09-09,Saturday,3,11.99
2023-09-09,Saturday,4,11.07
2023-09-09,Saturday,5,13.83
2023-09-09,Saturday,6,16.73
2023-09-09,Saturday,7,19.15
2023-09-09,Saturday,8,21.0
2023-09-09,Saturday,9,32.33
2023-09-09,Saturday,10,30.72
2023-09-09,Saturday,11,35.21
2023-09-09,Saturday,12,37.59
2023-09-09,Saturday,13,29.92
2023-09-09,Saturday,14,37.46
2023-09-09,Saturday,15,37.45
2023-09-09,Saturday,16,37.86
2023-09-09,Saturday,17,42.44
2023-09-09,Saturday,18,44.4
2023-09-09,Saturday,19,39.29
2023-09-09,Saturday,20,40.22
2023-09-09,Saturday,21,19.17
2023-09-09,Saturday,22,20.0
2023-09-09,Saturday,23,23.07
2023-09-10,Sunday,0,12.31
2023-09-10,Sunday,1,13.28
2023-09-10,Sunday,2,17.75
2023-09-10,Sunday,3,17.04
2023-09-10,Sunday,4,14.27
2023-09-10,Sunday,5,16.71
2023-09-10,Sunday,6,20.68
2023-09-10,Sunday,7,23.0
2023-09-10,Sunday,8,20.15
2023-09-10,Sunday,9,38.08
2023-09-10,Sunday,10,42.93
2023-09-10,Sunday,11,36.79
2023-09-10,Sunday,12,35.15
2023-09-10,Sunday,13,37.17
2023-09-10,Sunday,14,33.9
2023-09-10,Sunday,15,42.16
2023-09-10,Sunday,16,35.54
2023-09-10,Sunday,17,39.45
2023-09-10,Sunday,18,38.33
2023-09-10,Sunday,19,42.19
2023-09-10,Sunday,20,41.73
2023-09-10,Sunday,21,19.01
2023-09-10,Sunday,22,21.15
2023-09-10,Sunday,23,16.98
2023-09-11,Monday,0,25.37
2023-09-11,Monday,1,25.91
2023-09-11,Monday,2,28.41
2023-09-11,Monday,3,23.46
2023-09-11,Monday,4,22.44
2023-09-11,Monday,5,23.21
2023-09-11,Monday,6,40.99
2023-09-11,Monday,7,49.01
2023-09-11,Monday,8,49.65
2023-09-11,Monday,9,76.6
2023-09-11,Monday,10,81.11
2023-09-11,Monday,11,75.67
2023-09-11,Monday,12,69.52
2023-09-11,Monday,13,68.33
2023-09-11,Monday,14,78.45
2023-09-11,Monday,15,72.26
2023-09-11,Monday,16,81.32
2023-09-11,Monday,17,49.88
2023-09-11,Monday,18,52.24
2023-09-11,Monday,19,50.28
2023-09-11,Monday,20,49.51
2023-09-11,Monday,21,28.26
2023-09-11,Monday,22,30.14
2023-09-11,Monday,23,31.48
2023-09-12,Tuesday,0,22.71
2023-09-12,Tuesday,1,25.17
2023-09-12,Tuesday,2,25.47
2023-09-12,Tuesday,3,23.56
2023-09-12,Tuesday,4,23.82
2023-09-12,Tuesday,5,25.46
2023-09-12,Tuesday,6,41.6
2023-09-12,Tuesday,7,46.05
2023-09-12,Tuesday,8,42.31
2023-09-12,Tuesday,9,80.31
2023-09-12,Tuesday,10,86.69
2023-09-12,Tuesday,11,70.7
2023-09-12,Tuesday,12,72.67
2023-09-12,Tuesday,13,66.37
2023-09-12,Tuesday,14,85.2
2023-09-12,Tuesday,15,73.67
2023-09-12,Tuesday,16,82.4
2023-09-12,Tuesday,17,47.38
2023-09-12,Tuesday,18,49.38
2023-09-12,Tuesday,19,46.91
2023-09-12,Tuesday,20,52.47
2023-09-12,Tuesday,21,28.33
2023-09-12,Tuesday,22,31.1
2023-09-12,Tuesday,23,29.31
2023-09-13,Wednesday,0,24.77
2023-09-13,Wednesday,1,25.3
2023-09-13,Wednesday,2,23.48
2023-09-13,Wednesday,3,25.42
2023-09-13,Wednesday,4,28.06
2023-09-13,Wednesday,5,23.44
2023-09-13,Wednesday,6,48.52
2023-09-13,Wednesday,7,49.49
2023-09-13,Wednesday,8,42.55
2023-09-13,Wednesday,9,67.72
2023-09-13,Wednesday,10,76.51
2023-09-13,Wednesday,11,72.26
2023-09-13,Wednesday,12,79.34
2023-09-13,Wednesday,13,70.17
2023-09-13,Wednesday,14,75.99
2023-09-13,Wednesday,15,74.26
2023-09-13,Wednesday,16,85.45
2023-09-13,Wednesday,17,48.29
2023-09-13,Wednesday,18,50.13
2023-09-13,Wednesday,19,52.87
2023-09-13,Wednesday,20,48.55
2023-09-13,Wednesday,21,29.91
2023-09-13,Wednesday,22,29.97
2023-09-13,Wednesday,23,31.37
2023-09-14,Thursday,0,26.18
2023-09-14,Thursday,1,24.56
2023-09-14,Thursday,2,25.13
2023-09-14,Thursday,3,24.26
2023-09-14,Thursday,4,22.04
2023-09-14,Thursday,5,25.52
2023-09-14,Thursday,6,50.68
2023-09-14,Thursday,7,42.35
2023-09-14,Thursday,8,42.68
2023-09-14,Thursday,9,70.65
2023-09-14,Thursday,10,78.62
2023-09-14,Thursday,11,77.24
2023-09-14,Thursday,12,69.21
2023-09-14,Thursday,13,65.41
2023-09-14,Thursday,14,80.46
2023-09-14,Thursday,15,72.18
2023-09-14,Thursday,16,80.72
2023-09-14,Thursday,17,52.61
2023-09-14,Thursday,18,46.25
2023-09-14,Thursday,19,45.4
2023-09-14,Thursday,20,54.74
2023-09-14,Thursday,21,28.78
2023-09-14,Thursday,22,32.27
2023-09-14,Thursday,23,29.69
2023-09-15,Friday,0,24.68
2023-09-15,Friday,1,25.88
2023-09-15,Friday,2,23.23
2023-09-15,Friday,3,25.26
2023-09-15,Friday,4,24.24
2023-09-15,Friday,5,22.36
2023-09-15,Friday,6,46.01
2023-09-15,Friday,7,44.21
2023-09-15,Friday,8,44.53
2023-09-15,Friday,9,68.95
2023-09-15,Friday,10,82.96
2023-09-15,Friday,11,79.38
2023-09-15,Friday,12,74.82
2023-09-15,Friday,13,68.47
2023-09-15,Friday,14,71.35
2023-09-15,Friday,15,89.76
2023-09-15,Friday,16,79.69
2023-09-15,Friday,17,47.75
2023-09-15,Friday,18,51.25
2023-09-15,Friday,19,53.5
2023-09-15,Friday,20,49.93
2023-09-15,Friday,21,32.56
2023-09-15,Friday,22,32.17
2023-09-15,Friday,23,27.85
2023-09-16,Saturday,0,13.65
2023-09-16,Saturday,1,16.92
2023-09-16,Saturday,2,10.0
2023-09-16,Saturday,3,14.7
2023-09-16,Saturday,4,12.14
2023-09-16,Saturday,5,14.05
2023-09-16,Saturday,6,19.4
2023-09-16,Saturday,7,19.28
2023-09-16,Saturday,8,18.9
2023-09-16,Saturday,9,31.71
2023-09-16,Saturday,10,41.88
2023-09-16,Saturday,11,40.6
2023-09-16,Saturday,12,31.51
2023-09-16,Saturday,13,39.75
2023-09-16,Saturday,14,33.8
2023-09-16,Saturday,15,35.39
2023-09-16,Saturday,16,34.81
2023-09-16,Saturday,17,38.68
2023-09-16,Saturday,18,41.97
2023-09-16,Saturday,19,40.25
2023-09-16,Saturday,20,39.05
2023-09-16,Saturday,21,17.39
2023-09-16,Saturday,22,18.21
2023-09-16,Saturday,23,16.72
2023-09-17,Sunday,0,15.02
2023-09-17,Sunday,1,12.61
2023-09-17,Sunday,2,14.47
2023-09-17,Sunday,3,17.74
2023-09-17,Sunday,4,17.4
2023-09-17,Sunday,5,14.94
2023-09-17,Sunday,6,19.83
2023-09-17,Sunday,7,23.76
2023-09-17,Sunday,8,21.04
2023-09-17,Sunday,9,34.02
2023-09-17,Sunday,10,30.72
2023-09-17,Sunday,11,36.18
2023-09-17,Sunday,12,37.49
2023-09-17,Sunday,13,33.11
2023-09-17,Sunday,14,35.87
2023-09-17,Sunday,15,33.91
2023-09-17,Sunday,16,34.45
2023-09-17,Sunday,17,35.02
2023-09-17,Sunday,18,39.56
2023-09-17,Sunday,19,41.94
2023-09-17,Sunday,20,38.74
2023-09-17,Sunday,21,20.11
2023-09-17,Sunday,22,18.49
2023-09-17,Sunday,23,20.72
2023-09-18,Monday,0,24.57
2023-09-18,Monday,1,23.12
2023-09-18,Monday,2,27.67
2023-09-18,Monday,3,26.86
2023-09-18,Monday,4,23.79
2023-09-18,Monday,5,26.0
2023-09-18,Monday,6,46.61
2023-09-18,Monday,7,46.93
2023-09-18,Monday,8,39.92
2023-09-18,Monday,9,80.03
2023-09-18,Monday,10,72.15
2023-09-18,Monday,11,73.21
2023-09-18,Monday,12,83.19
2023-09-18,Monday,13,71.51
2023-09-18,Monday,14,78.07
2023-09-18,Monday,15,68.97
2023-09-18,Monday,16,86.95
2023-09-18,Monday,17,45.96
2023-09-18,Monday,18,46.99
2023-09-18,Monday,19,49.01
2023-09-18,Monday,20,54.25
2023-09-18,Monday,21,31.55
2023-09-18,Monday,22,29.68
2023-09-18,Monday,23,30.62
2023-09-19,Tuesday,0,23.8
2023-09-19,Tuesday,1,25.28
2023-09-19,Tuesday,2,25.15
2023-09-19,Tuesday,3,26.94
2023-09-19,Tuesday,4,26.93
2023-09-19,Tuesday,5,25.99
2023-09-19,Tuesday,6,43.91
2023-09-19,Tuesday,7,47.23
2023-09-19,Tuesday,8,44.72
2023-09-19,Tuesday,9,69.59
2023-09-19,Tuesday,10,72.98
2023-09-19,Tuesday,11,75.42
2023-09-19,Tuesday,12,74.55
2023-09-19,Tuesday,13,69.08
2023-09-19,Tuesday,14,73.95
2023-09-19,Tuesday,15,80.28
2023-09-19,Tuesday,16,80.57
2023-09-19,Tuesday,17,50.56
2023-09-19,Tuesday,18,52.76
2023-09-19,Tuesday,19,53.06
2023-09-19,Tuesday,20,48.22
2023-09-19,Tuesday,21,28.77
2023-09-19,Tuesday,22,27.92
2023-09-19,Tuesday,23,31.4
2023-09-20,Wednesday,0,27.9
2023-09-20,Wednesday,1,24.37
2023-09-20,Wednesday,2,24.52
2023-09-20,Wednesday,3,27.93
2023-09-20,Wednesday,4,26.01
2023-09-20,Wednesday,5,25.87
2023-09-20,Wednesday,6,41.43
2023-09-20,Wednesday,7,47.04
2023-09-20,Wednesday,8,42.21
2023-09-20,Wednesday,9,69.33
2023-09-20,Wednesday,10,73.27
2023-09-20,Wednesday,11,72.07
2023-09-20,Wednesday,12,68.89
2023-09-20,Wednesday,13,62.8
2023-09-20,Wednesday,14,84.79
2023-09-20,Wednesday,15,85.64
2023-09-20,Wednesday,16,70.26
2023-09-20,Wednesday,17,52.94
2023-09-20,Wednesday,18,47.57
2023-09-20,Wednesday,19,52.57
2023-09-20,Wednesday,20,49.79
2023-09-20,Wednesday,21,30.06
2023-09-20,Wednesday,22,29.63
2023-09-20,Wednesday,23,32.42
2023-09-21,Thursday,0,22.52
2023-09-21,Thursday,1,26.22
2023-09-21,Thursday,2,27.2
2023-09-21,Thursday,3,26.43
2023-09-21,Thursday,4,29.65
2023-09-21,Thursday,5,23.94
2023-09-21,Thursday,6,47.87
2023-09-21,Thursday,7,44.68
2023-09-21,Thursday,8,48.7
2023-09-21,Thursday,9,74.96
2023-09-21,Thursday,10,73.06
2023-09-21,Thursday,11,81.53
2023-09-21,Thursday,12,67.54
2023-09-21,Thursday,13,62.94
2023-09-21,Thursday,14,77.42
2023-09-21,Thursday,15,83.1
2023-09-21,Thursday,16,86.96
2023-09-21,Thursday,17,50.33
2023-09-21,Thursday,18,53.95
2023-09-21,Thursday,19,45.93
2023-09-21,Thursday,20,48.67
2023-09-21,Thursday,21,29.42
2023-09-21,Thursday,22,29.77
2023-09-21,Thursday,23,30.17
2023-09-22,Friday,0,26.38
2023-09-22,Friday,1,24.11
2023-09-22,Friday,2,25.28
2023-09-22,Friday,3,24.91
2023-09-22,Friday,4,23.15
2023-09-22,Friday,5,24.77
2023-09-22,Friday,6,44.57
2023-09-22,Friday,7,44.5
2023-09-22,Friday,8,45.1
2023-09-22,Friday,9,75.38
2023-09-22,Friday,10,72.84
2023-09-22,Friday,11,81.36
2023-09-22,Friday,12,64.15
2023-09-22,Friday,13,66.4
2023-09-22,Friday,14,93.9
2023-09-22,Friday,15,74.81
2023-09-22,Friday,16,73.23
2023-09-22,Friday,17,52.2
2023-09-22,Friday,18,43.77
2023-09-22,Friday,19,49.29
2023-09-22,Friday,20,56.44
2023-09-22,Friday,21,26.91
2023-09-22,Friday,22,26.04
2023-09-22,Friday,23,27.0
2023-09-23,Saturday,0,16.8
2023-09-23,Saturday,1,17.25
2023-09-23,Saturday,2,13.97
2023-09-23,Saturday,3,16.37
2023-09-23,Saturday,4,17.78
2023-09-23,Saturday,5,18.57
2023-09-23,Saturday,6,19.51
2023-09-23,Saturday,7,15.4
2023-09-23,Saturday,8,18.36
2023-09-23,Saturday,9,33.72
2023-09-23,Saturday,10,34.22
2023-09-23,Saturday,11,34.44
2023-09-23,Saturday,12,38.36
2023-09-23,Saturday,13,38.82
2023-09-23,Saturday,14,34.48
2023-09-23,Saturday,15,38.3
2023-09-23,Saturday,16,36.07
2023-09-23,Saturday,17,40.13
2023-09-23,Saturday,18,41.81
2023-09-23,Saturday,19,40.14
2023-09-23,Saturday,20,44.12
2023-09-23,Saturday,21,17.12
2023-09-23,Saturday,22,18.97
2023-09-23,Saturday,23,19.75
2023-09-24,Sunday,0,15.88
2023-09-24,Sunday,1,17.54
2023-09-24,Sunday,2,14.95
2023-09-24,Sunday,3,12.16
2023-09-24,Sunday,4,16.69
2023-09-24,Sunday,5,16.51
2023-09-24,Sunday,6,16.12
2023-09-24,Sunday,7,19.99
2023-09-24,Sunday,8,16.82
2023-09-24,Sunday,9,33.01
2023-09-24,Sunday,10,32.29
2023-09-24,Sunday,11,37.43
2023-09-24,Sunday,12,35.35
2023-09-24,Sunday,13,31.14
2023-09-24,Sunday,14,37.64
2023-09-24,Sunday,15,30.7
2023-09-24,Sunday,16,35.99
2023-09-24,Sunday,17,38.37
2023-09-24,Sunday,18,39.27
2023-09-24,Sunday,19,41.01
2023-09-24,Sunday,20,41.04
2023-09-24,Sunday,21,22.67
2023-09-24,Sunday,22,19.84
2023-09-24,Sunday,23,20.61
2023-09-25,Monday,0,24.12
2023-09-25,Monday,1,25.36
2023-09-25,Monday,2,25.88
2023-09-25,Monday,3,24.8
2023-09-25,Monday,4,21.39
2023-09-25,Monday,5,25.66
2023-09-25,Monday,6,46.09
2023-09-25,Monday,7,42.96
2023-09-25,Monday,8,41.15
2023-09-25,Monday,9,82.38
2023-09-25,Monday,10,77.46
2023-09-25,Monday,11,73.85
2023-09-25,Monday,12,64.31
2023-09-25,Monday,13,65.89
2023-09-25,Monday,14,86.51
2023-09-25,Monday,15,80.69
2023-09-25,Monday,16,77.25
2023-09-25,Monday,17,51.53
2023-09-25,Monday,18,47.56
2023-09-25,Monday,19,54.5
2023-09-25,Monday,20,54.06
2023-09-25,Monday,21,29.07
2023-09-25,Monday,22,28.74
2023-09-25,Monday,23,24.76
2023-09-26,Tuesday,0,22.04
2023-09-26,Tuesday,1,22.32
2023-09-26,Tuesday,2,25.27
2023-09-26,Tuesday,3,24.35
2023-09-26,Tuesday,4,22.31
2023-09-26,Tuesday,5,24.44
2023-09-26,Tuesday,6,46.52
2023-09-26,Tuesday,7,46.58
2023-09-26,Tuesday,8,39.3
2023-09-26,Tuesday,9,74.36
2023-09-26,Tuesday,10,68.08
2023-09-26,Tuesday,11,79.51
2023-09-26,Tuesday,12,73.92
2023-09-26,Tuesday,13,65.51
2023-09-26,Tuesday,14,76.17
2023-09-26,Tuesday,15,77.69
2023-09-26,Tuesday,16,68.74
2023-09-26,Tuesday,17,51.01
2023-09-26,Tuesday,18,49.18
2023-09-26,Tuesday,19,52.91
2023-09-26,Tuesday,20,46.7
2023-09-26,Tuesday,21,28.76
2023-09-26,Tuesday,22,26.99
2023-09-26,Tuesday,23,27.99
2023-09-27,Wednesday,0,22.64
2023-09-27,Wednesday,1,26.99
2023-09-27,Wednesday,2,23.6
2023-09-27,Wednesday,3,25.25
2023-09-27,Wednesday,4,24.24
2023-09-27,Wednesday,5,22.46
2023-09-27,Wednesday,6,44.5
2023-09-27,Wednesday,7,46.8
2023-09-27,Wednesday,8,41.38
2023-09-27,Wednesday,9,79.05
2023-09-27,Wednesday,10,70.75
2023-09-27,Wednesday,11,72.59
2023-09-27,Wednesday,12,72.65
2023-09-27,Wednesday,13,66.68
2023-09-27,Wednesday,14,80.19
2023-09-27,Wednesday,15,78.43
2023-09-27,Wednesday,16,80.65
2023-09-27,Wednesday,17,42.86
2023-09-27,Wednesday,18,44.51
2023-09-27,Wednesday,19,51.85
2023-09-27,Wednesday,20,53.11
2023-09-27,Wednesday,21,28.18
2023-09-27,Wednesday,22,29.51
2023-09-27,Wednesday,23,30.59
2023-09-28,Thursday,0,26.39
2023-09-28,Thursday,1,20.94
2023-09-28,Thursday,2,23.23
2023-09-28,Thursday,3,24.33
2023-09-28,Thursday,4,26.41
2023-09-28,Thursday,5,30.0
2023-09-28,Thursday,6,44.32
2023-09-28,Thursday,7,40.78
2023-09-28,Thursday,8,46.21
2023-09-28,Thursday,9,81.6
2023-09-28,Thursday,10,75.54
2023-09-28,Thursday,11,70.47
2023-09-28,Thursday,12,74.79
2023-09-28,Thursday,13,73.32
2023-09-28,Thursday,14,74.87
2023-09-28,Thursday,15,81.91
2023-09-28,Thursday,16,84.99
2023-09-28,Thursday,17,53.55
2023-09-28,Thursday,18,49.8
2023-09-28,Thursday,19,48.93
2023-09-28,Thursday,20,53.68
2023-09-28,Thursday,21,27.58
2023-09-28,Thursday,22,30.88
2023-09-28,Thursday,23,27.26
2023-09-29,Friday,0,27.13
2023-09-29,Friday,1,24.48
2023-09-29,Friday,2,27.54
2023-09-29,Friday,3,25.98
2023-09-29,Friday,4,22.55
2023-09-29,Friday,5,27.85
2023-09-29,Friday,6,49.65
2023-09-29,Friday,7,47.65
2023-09-29,Friday,8,42.72
2023-09-29,Friday,9,73.47
2023-09-29,Friday,10,75.73
2023-09-29,Friday,11,71.48
2023-09-29,Friday,12,78.46
2023-09-29,Friday,13,70.72
2023-09-29,Friday,14,66.48
2023-09-29,Friday,15,81.7
2023-09-29,Friday,16,78.26
2023-09-29,Friday,17,49.78
2023-09-29,Friday,18,48.89
2023-09-29,Friday,19,52.42
2023-09-29,Friday,20,53.36
2023-09-29,Friday,21,30.57
2023-09-29,Friday,22,29.32
2023-09-29,Friday,23,29.92
2023-09-30,Saturday,0,15.04
2023-09-30,Saturday,1,13.4
2023-09-30,Saturday,2,16.16
2023-09-30,Saturday,3,15.92
2023-09-30,Saturday,4,18.08
2023-09-30,Saturday,5,17.51
2023-09-30,Saturday,6,18.63
2023-09-30,Saturday,7,21.64
2023-09-30,Saturday,8,18.1
2023-09-30,Saturday,9,37.09
2023-09-30,Saturday,10,33.45
2023-09-30,Saturday,11,31.93
2023-09-30,Saturday,12,35.84
2023-09-30,Saturday,13,26.98
2023-09-30,Saturday,14,29.75
2023-09-30,Saturday,15,34.47
2023-09-30,Saturday,16,35.25
2023-09-30,Saturday,17,39.26
2023-09-30,Saturday,18,36.84
2023-09-30,Saturday,19,38.36
2023-09-30,Saturday,20,40.78
2023-09-30,Saturday,21,21.16
2023-09-30,Saturday,22,19.97
2023-09-30,Saturday,23,22.31
2023-10-01,Sunday,0,15.79
2023-10-01,Sunday,1,13.51
2023-10-01,Sunday,2,14.44
2023-10-01,Sunday,3,12.19
2023-10-01,Sunday,4,14.78
2023-10-01,Sunday,5,17.22
2023-10-01,Sunday,6,21.37
2023-10-01,Sunday,7,22.8
2023-10-01,Sunday,8,19.39
2023-10-01,Sunday,9,39.04
2023-10-01,Sunday,10,34.42
2023-10-01,Sunday,11,39.41
2023-10-01,Sunday,12,34.93
2023-10-01,Sunday,13,37.12
2023-10-01,Sunday,14,39.43
2023-10-01,Sunday,15,34.42
2023-10-01,Sunday,16,35.66
2023-10-01,Sunday,17,42.58
2023-10-01,Sunday,18,39.73
2023-10-01,Sunday,19,37.36
2023-10-01,Sunday,20,44.29
2023-10-01,Sunday,21,19.06
2023-10-01,Sunday,22,20.32
2023-10-01,Sunday,23,22.31
2023-10-02,Monday,0,23.78
2023-10-02,Monday,1,22.98
2023-10-02,Monday,2,25.51
2023-10-02,Monday,3,21.41
2023-10-02,Monday,4,24.42
2023-10-02,Monday,5,25.49
2023-10-02,Monday,6,44.19
2023-10-02,Monday,7,40.37
2023-10-02,Monday,8,49.78
2023-10-02,Monday,9,75.52
2023-10-02,Monday,10,82.16
2023-10-02,Monday,11,73.7
2023-10-02,Monday,12,65.6
2023-10-02,Monday,13,71.35
2023-10-02,Monday,14,78.92
2023-10-02,Monday,15,74.11
2023-10-02,Monday,16,87.35
2023-10-02,Monday,17,48.13
2023-10-02,Monday,18,44.48
2023-10-02,Monday,19,53.98
2023-10-02,Monday,20,48.49
2023-10-02,Monday,21,28.78
2023-10-02,Monday,22,26.47
2023-10-02,Monday,23,33.48
2023-10-03,Tuesday,0,22.42
2023-10-03,Tuesday,1,25.12
2023-10-03,Tuesday,2,26.83
2023-10-03,Tuesday,3,25.84
2023-10-03,Tuesday,4,24.88
2023-10-03,Tuesday,5,21.6
2023-10-03,Tuesday,6,42.57
2023-10-03,Tuesday,7,45.56
2023-10-03,Tuesday,8,42.64
2023-10-03,Tuesday,9,76.02
2023-10-03,Tuesday,10,78.41
2023-10-03,Tuesday,11,79.81
2023-10-03,Tuesday,12,63.87
2023-10-03,Tuesday,13,80.98
2023-10-03,Tuesday,14,83.84
2023-10-03,Tuesday,15,79.99
2023-10-03,Tuesday,16,85.45
2023-10-03,Tuesday,17,57.1
2023-10-03,Tuesday,18,45.68
2023-10-03,Tuesday,19,49.32
2023-10-03,Tuesday,20,42.86
2023-10-03,Tuesday,21,30.39
2023-10-03,Tuesday,22,30.73
2023-10-03,Tuesday,23,29.92
2023-10-04,Wednesday,0,23.69
2023-10-04,Wednesday,1,20.9
2023-10-04,Wednesday,2,25.75
2023-10-04,Wednesday,3,27.91
2023-10-04,Wednesday,4,23.82
2023-10-04,Wednesday,5,25.88
2023-10-04,Wednesday,6,40.3
2023-10-04,Wednesday,7,46.37
2023-10-04,Wednesday,8,43.82
2023-10-04,Wednesday,9,71.19
2023-10-04,Wednesday,10,71.2
2023-10-04,Wednesday,11,73.03
2023-10-04,Wednesday,12,71.91
2023-10-04,Wednesday,13,63.44
2023-10-04,Wednesday,14,78.01
2023-10-04,Wednesday,15,79.79
2023-10-04,Wednesday,16,74.5
2023-10-04,Wednesday,17,55.39
2023-10-04,Wednesday,18,47.44
2023-10-04,Wednesday,19,47.99
2023-10-04,Wednesday,20,47.07
2023-10-04,Wednesday,21,33.6
2023-10-04,Wednesday,22,31.11
2023-10-04,Wednesday,23,28.13
2023-10-05,Thursday,0,27.21
2023-10-05,Thursday,1,25.4
2023-10-05,Thursday,2,25.51
2023-10-05,Thursday,3,24.31
2023-10-05,Thursday,4,23.5
2023-10-05,Thursday,5,25.68
2023-10-05,Thursday,6,43.36
2023-10-05,Thursday,7,50.45
2023-10-05,Thursday,8,41.19
2023-10-05,Thursday,9,82.68
2023-10-05,Thursday,10,74.44
2023-10-05,Thursday,11,76.5
2023-10-05,Thursday,12,74.17
2023-10-05,Thursday,13,66.85
2023-10-05,Thursday,14,84.32
2023-10-05,Thursday,15,66.46
2023-10-05,Thursday,16,76.4
2023-10-05,Thursday,17,47.23
2023-10-05,Thursday,18,46.24
2023-10-05,Thursday,19,49.36
2023-10-05,Thursday,20,51.16
2023-10-05,Thursday,21,31.41
2023-10-05,Thursday,22,30.48
2023-10-05,Thursday,23,28.67
2023-10-06,Friday,0,25.74
2023-10-06,Friday,1,25.25
2023-10-06,Friday,2,26.87
2023-10-06,Friday,3,26.55
2023-10-06,Friday,4,25.06
2023-10-06,Friday,5,23.21
2023-10-06,Friday,6,43.04
2023-10-06,Friday,7,43.35
2023-10-06,Friday,8,44.05
2023-10-06,Friday,9,76.34
2023-10-06,Friday,10,78.58
2023-10-06,Friday,11,74.74
2023-10-06,Friday,12,70.08
2023-10-06,Friday,13,70.72
2023-10-06,Friday,14,77.42
2023-10-06,Friday,15,75.37
2023-10-06,Friday,16,71.22
2023-10-06,Friday,17,47.91
2023-10-06,Friday,18,51.42
2023-10-06,Friday,19,47.89
2023-10-06,Friday,20,49.29
2023-10-06,Friday,21,30.93
2023-10-06,Friday,22,31.04
2023-10-06,Friday,23,27.84
2023-10-07,Saturday,0,16.99
2023-10-07,Saturday,1,17.25
2023-10-07,Saturday,2,12.74
2023-10-07,Saturday,3,13.35
2023-10-07,Saturday,4,17.38
2023-10-07,Saturday,5,14.71
2023-10-07,Saturday,6,15.56
2023-10-07,Saturday,7,17.2
2023-10-07,Saturday,8,19.5
2023-10-07,Saturday,9,31.51
2023-10-07,Saturday,10,33.76
2023-10-07,Saturday,11,35.1
2023-10-07,Saturday,12,39.39
2023-10-07,Saturday,13,34.13
2023-10-07,Saturday,14,38.22
2023-10-07,Saturday,15,39.29
2023-10-07,Saturday,16,39.3
2023-10-07,Saturday,17,40.57
2023-10-07,Saturday,18,36.07
2023-10-07,Saturday,19,40.92
2023-10-07,Saturday,20,42.1
2023-10-07,Saturday,21,19.84
2023-10-07,Saturday,22,23.49
2023-10-07,Saturday,23,21.72
2023-10-08,Sunday,0,16.14
2023-10-08,Sunday,1,17.17
2023-10-08,Sunday,2,15.67
2023-10-08,Sunday,3,10.01
2023-10-08,Sunday,4,14.0
2023-10-08,Sunday,5,17.39
2023-10-08,Sunday,6,18.38
2023-10-08,Sunday,7,19.55
2023-10-08,Sunday,8,17.91
2023-10-08,Sunday,9,40.35
2023-10-08,Sunday,10,40.04
2023-10-08,Sunday,11,32.35
2023-10-08,Sunday,12,35.44
2023-10-08,Sunday,13,32.96
2023-10-08,Sunday,14,36.84
2023-10-08,Sunday,15,36.53
2023-10-08,Sunday,16,37.44
2023-10-08,Sunday,17,40.66
2023-10-08,Sunday,18,45.87
2023-10-08,Sunday,19,37.94
2023-10-08,Sunday,20,36.58
2023-10-08,Sunday,21,19.21
2023-10-08,Sunday,22,16.86
2023-10-08,Sunday,23,17.02
2023-10-09,Monday,0,23.0
2023-10-09,Monday,1,23.16
2023-10-09,Monday,2,23.09
2023-10-09,Monday,3,26.04
2023-10-09,Monday,4,23.99
2023-10-09,Monday,5,24.64
2023-10-09,Monday,6,47.68
2023-10-09,Monday,7,42.7
2023-10-09,Monday,8,44.21
2023-10-09,Monday,9,76.83
2023-10-09,Monday,10,65.29
2023-10-09,Monday,11,63.08
2023-10-09,Monday,12,71.73
2023-10-09,Monday,13,72.46
2023-10-09,Monday,14,90.32
2023-10-09,Monday,15,80.79
2023-10-09,Monday,16,84.1
2023-10-09,Monday,17,49.41
2023-10-09,Monday,18,50.89
2023-10-09,Monday,19,55.0
2023-10-09,Monday,20,43.63
2023-10-09,Monday,21,30.83
2023-10-09,Monday,22,34.27
2023-10-09,Monday,23,30.56
2023-10-10,Tuesday,0,28.3
2023-10-10,Tuesday,1,23.74
2023-10-10,Tuesday,2,24.94
2023-10-10,Tuesday,3,25.07
2023-10-10,Tuesday,4,20.56
2023-10-10,Tuesday,5,22.66
2023-10-10,Tuesday,6,41.71
2023-10-10,Tuesday,7,47.47
2023-10-10,Tuesday,8,47.62
2023-10-10,Tuesday,9,76.62
2023-10-10,Tuesday,10,79.12
2023-10-10,Tuesday,11,74.18
2023-10-10,Tuesday,12,76.01
2023-10-10,Tuesday,13,70.04
2023-10-10,Tuesday,14,80.29
2023-10-10,Tuesday,15,78.67
2023-10-10,Tuesday,16,83.42
2023-10-10,Tuesday,17,48.74
2023-10-10,Tuesday,18,52.93
2023-10-10,Tuesday,19,46.6
2023-10-10,Tuesday,20,46.7
2023-10-10,Tuesday,21,31.37
2023-10-10,Tuesday,22,29.82
2023-10-10,Tuesday,23,29.09
2023-10-11,Wednesday,0,26.78
2023-10-11,Wednesday,1,23.79
2023-10-11,Wednesday,2,24.6
2023-10-11,Wednesday,3,27.8
2023-10-11,Wednesday,4,28.08
2023-10-11,Wednesday,5,28.14
2023-10-11,Wednesday,6,44.15
2023-10-11,Wednesday,7,48.69
2023-10-11,Wednesday,8,42.15
2023-10-11,Wednesday,9,70.47
2023-10-11,Wednesday,10,63.25
2023-10-11,Wednesday,11,83.36
2023-10-11,Wednesday,12,65.68
2023-10-11,Wednesday,13,69.37
2023-10-11,Wednesday,14,75.45
2023-10-11,Wednesday,15,83.48
2023-10-11,Wednesday,16,78.12
2023-10-11,Wednesday,17,46.09
2023-10-11,Wednesday,18,51.32
2023-10-11,Wednesday,19,45.7
2023-10-11,Wednesday,20,47.49
2023-10-11,Wednesday,21,25.79
2023-10-11,Wednesday,22,27.15
2023-10-11,Wednesday,23,30.36
2023-10-12,Thursday,0,21.07
2023-10-12,Thursday,1,22.04
2023-10-12,Thursday,2,25.0
2023-10-12,Thursday,3,23.91
2023-10-12,Thursday,4,28.98
2023-10-12,Thursday,5,28.67
2023-10-12,Thursday,6,42.4
2023-10-12,Thursday,7,46.67
2023-10-12,Thursday,8,47.25
2023-10-12,Thursday,9,72.01
2023-10-12,Thursday,10,67.52
2023-10-12,Thursday,11,74.94
2023-10-12,Thursday,12,69.14
2023-10-12,Thursday,13,67.82
2023-10-12,Thursday,14,82.21
2023-10-12,Thursday,15,76.25
2023-10-12,Thursday,16,74.24
2023-10-12,Thursday,17,50.33
2023-10-12,Thursday,18,51.16
2023-10-12,Thursday,19,46.47
2023-10-12,Thursday,20,52.78
2023-10-12,Thursday,21,26.46
2023-10-12,Thursday,22,28.84
2023-10-12,Thursday,23,29.48
2023-10-13,Friday,0,23.73
2023-10-13,Friday,1,23.87
2023-10-13,Friday,2,28.74
2023-10-13,Friday,3,23.3
2023-10-13,Friday,4,29.88
2023-10-13,Friday,5,25.87
2023-10-13,Friday,6,45.28
2023-10-13,Friday,7,46.43
2023-10-13,Friday,8,52.59
2023-10-13,Friday,9,70.03
2023-10-13,Friday,10,69.4
2023-10-13,Friday,11,71.23
2023-10-13,Friday,12,70.16
2023-10-13,Friday,13,61.37
2023-10-13,Friday,14,80.11
2023-10-13,Friday,15,88.47
2023-10-13,Friday,16,80.76
2023-10-13,Friday,17,49.12
2023-10-13,Friday,18,48.15
2023-10-13,Friday,19,52.7
2023-10-13,Friday,20,47.52
2023-10-13,Friday,21,33.69
2023-10-13,Friday,22,33.87
2023-10-13,Friday,23,30.51
2023-10-14,Saturday,0,14.98
2023-10-14,Saturday,1,17.06
2023-10-14,Saturday,2,17.19
2023-10-14,Saturday,3,13.39
2023-10-14,Saturday,4,13.95
2023-10-14,Saturday,5,12.36
2023-10-14,Saturday,6,20.82
2023-10-14,Saturday,7,21.33
2023-10-14,Saturday,8,17.3
2023-10-14,Saturday,9,33.63
2023-10-14,Saturday,10,30.96
2023-10-14,Saturday,11,32.3
2023-10-14,Saturday,12,36.65
2023-10-14,Saturday,13,32.8
2023-10-14,Saturday,14,34.1
2023-10-14,Saturday,15,30.12
2023-10-14,Saturday,16,35.56
2023-10-14,Saturday,17,39.91
2023-10-14,Saturday,18,38.54
2023-10-14,Saturday,19,39.62
2023-10-14,Saturday,20,40.36
2023-10-14,Saturday,21,18.37
2023-10-14,Saturday,22,17.05
2023-10-14,Saturday,23,23.61
2023-10-15,Sunday,0,13.73
2023-10-15,Sunday,1,14.81
2023-10-15,Sunday,2,17.02
2023-10-15,Sunday,3,22.06
2023-10-15,Sunday,4,12.51
2023-10-15,Sunday,5,15.9
2023-10-15,Sunday,6,18.58
2023-10-15,Sunday,7,18.92
2023-10-15,Sunday,8,18.56
2023-10-15,Sunday,9,31.62
2023-10-15,Sunday,10,34.88
2023-10-15,Sunday,11,30.58
2023-10-15,Sunday,12,37.84
2023-10-15,Sunday,13,35.17
2023-10-15,Sunday,14,36.27
2023-10-15,Sunday,15,33.6
2023-10-15,Sunday,16,33.9
2023-10-15,Sunday,17,40.58
2023-10-15,Sunday,18,37.67
2023-10-15,Sunday,19,39.28
2023-10-15,Sunday,20,38.28
2023-10-15,Sunday,21,18.22
2023-10-15,Sunday,22,15.78
2023-10-15,Sunday,23,22.68
2023-10-16,Monday,0,23.63
2023-10-16,Monday,1,27.33
2023-10-16,Monday,2,27.14
2023-10-16,Monday,3,22.43
2023-10-16,Monday,4,22.82
2023-10-16,Monday,5,30.12
2023-10-16,Monday,6,50.25
2023-10-16,Monday,7,44.91
2023-10-16,Monday,8,45.77
2023-10-16,Monday,9,71.85
2023-10-16,Monday,10,77.16
2023-10-16,Monday,11,71.41
2023-10-16,Monday,12,59.84
2023-10-16,Monday,13,63.39
2023-10-16,Monday,14,80.11
2023-10-16,Monday,15,74.34
2023-10-16,Monday,16,79.66
2023-10-16,Monday,17,46.78
2023-10-16,Monday,18,47.65
2023-10-16,Monday,19,52.56
2023-10-16,Monday,20,50.74
2023-10-16,Monday,21,29.98
2023-10-16,Monday,22,31.76
2023-10-16,Monday,23,30.96
2023-10-17,Tuesday,0,27.89
2023-10-17,Tuesday,1,24.08
2023-10-17,Tuesday,2,24.14
2023-10-17,Tuesday,3,22.4
2023-10-17,Tuesday,4,24.14
2023-10-17,Tuesday,5,26.93
2023-10-17,Tuesday,6,48.9
2023-10-17,Tuesday,7,47.88
2023-10-17,Tuesday,8,39.62
2023-10-17,Tuesday,9,80.42
2023-10-17,Tuesday,10,65.81
2023-10-17,Tuesday,11,79.49
2023-10-17,Tuesday,12,68.16
2023-10-17,Tuesday,13,73.51
2023-10-17,Tuesday,14,73.34
2023-10-17,Tuesday,15,85.86
2023-10-17,Tuesday,16,72.68
2023-10-17,Tuesday,17,47.99
2023-10-17,Tuesday,18,47.01
2023-10-17,Tuesday,19,44.74
2023-10-17,Tuesday,20,50.28
2023-10-17,Tuesday,21,33.61
2023-10-17,Tuesday,22,35.33
2023-10-17,Tuesday,23,30.19
2023-10-18,Wednesday,0,27.23
2023-10-18,Wednesday,1,25.46
2023-10-18,Wednesday,2,26.0
2023-10-18,Wednesday,3,24.32
2023-10-18,Wednesday,4,25.39
2023-10-18,Wednesday,5,26.07
2023-10-18,Wednesday,6,43.26
2023-10-18,Wednesday,7,44.77
2023-10-18,Wednesday,8,44.82
2023-10-18,Wednesday,9,79.13
2023-10-18,Wednesday,10,69.67
2023-10-18,Wednesday,11,74.74
2023-10-18,Wednesday,12,79.56
2023-10-18,Wednesday,13,75.82
2023-10-18,Wednesday,14,86.75
2023-10-18,Wednesday,15,80.12
2023-10-18,Wednesday,16,81.6
2023-10-18,Wednesday,17,53.01
2023-10-18,Wednesday,18,54.68
2023-10-18,Wednesday,19,44.15
2023-10-18,Wednesday,20,46.05
2023-10-18,Wednesday,21,32.62
2023-10-18,Wednesday,22,29.45
2023-10-18,Wednesday,23,28.66
2023-10-19,Thursday,0,22.49
2023-10-19,Thursday,1,23.89
2023-10-19,Thursday,2,22.2
2023-10-19,Thursday,3,29.18
2023-10-19,Thursday,4,24.96
2023-10-19,Thursday,5,24.88
2023-10-19,Thursday,6,46.76
2023-10-19,Thursday,7,47.89
2023-10-19,Thursday,8,47.84
2023-10-19,Thursday,9,80.37
2023-10-19,Thursday,10,71.85
2023-10-19,Thursday,11,73.51
2023-10-19,Thursday,12,73.85
2023-10-19,Thursday,13,67.36
2023-10-19,Thursday,14,79.97
2023-10-19,Thursday,15,81.99
2023-10-19,Thursday,16,83.93
2023-10-19,Thursday,17,44.67
2023-10-19,Thursday,18,52.14
2023-10-19,Thursday,19,49.3
2023-10-19,Thursday,20,52.12
2023-10-19,Thursday,21,31.55
2023-10-19,Thursday,22,33.22
2023-10-19,Thursday,23,32.71
2023-10-20,Friday,0,27.69
2023-10-20,Friday,1,27.89
2023-10-20,Friday,2,25.58
2023-10-20,Friday,3,25.06
2023-10-20,Friday,4,26.75
2023-10-20,Friday,5,26.46
2023-10-20,Friday,6,44.07
2023-10-20,Friday,7,46.21
2023-10-20,Friday,8,44.89
2023-10-20,Friday,9,70.73
2023-10-20,Friday,10,81.45
2023-10-20,Friday,11,75.28
2023-10-20,Friday,12,80.24
2023-10-20,Friday,13,61.87
2023-10-20,Friday,14,77.22
2023-10-20,Friday,15,80.16
2023-10-20,Friday,16,85.69
2023-10-20,Friday,17,51.2
2023-10-20,Friday,18,50.93
2023-10-20,Friday,19,46.62
2023-10-20,Friday,20,46.53
2023-10-20,Friday,21,30.65
2023-10-20,Friday,22,27.27
2023-10-20,Friday,23,28.94
2023-10-21,Saturday,0,16.0
2023-10-21,Saturday,1,13.04
2023-10-21,Saturday,2,18.21
2023-10-21,Saturday,3,17.45
2023-10-21,Saturday,4,11.86
2023-10-21,Saturday,5,13.14
2023-10-21,Saturday,6,15.43
2023-10-21,Saturday,7,18.43
2023-10-21,Saturday,8,21.53
2023-10-21,Saturday,9,33.76
2023-10-21,Saturday,10,36.38
2023-10-21,Saturday,11,30.43
2023-10-21,Saturday,12,37.39
2023-10-21,Saturday,13,33.33
2023-10-21,Saturday,14,35.04
2023-10-21,Saturday,15,34.72
2023-10-21,Saturday,16,31.19
2023-10-21,Saturday,17,37.69
2023-10-21,Saturday,18,41.94
2023-10-21,Saturday,19,40.8
2023-10-21,Saturday,20,42.1
2023-10-21,Saturday,21,20.65
2023-10-21,Saturday,22,20.29
2023-10-21,Saturday,23,16.55
2023-10-22,Sunday,0,14.46
2023-10-22,Sunday,1,14.95
2023-10-22,Sunday,2,18.91
2023-10-22,Sunday,3,16.37
2023-10-22,Sunday,4,18.07
2023-10-22,Sunday,5,16.2
2023-10-22,Sunday,6,18.58
2023-10-22,Sunday,7,20.23
2023-10-22,Sunday,8,20.47
2023-10-22,Sunday,9,32.18
2023-10-22,Sunday,10,33.85
2023-10-22,Sunday,11,34.38
2023-10-22,Sunday,12,39.82
2023-10-22,Sunday,13,28.76
2023-10-22,Sunday,14,38.62
2023-10-22,Sunday,15,32.19
2023-10-22,Sunday,16,30.88
2023-10-22,Sunday,17,42.36
2023-10-22,Sunday,18,41.46
2023-10-22,Sunday,19,42.51
2023-10-22,Sunday,20,41.6
2023-10-22,Sunday,21,24.12
2023-10-22,Sunday,22,21.12
2023-10-22,Sunday,23,19.69
2023-10-23,Monday,0,25.69
2023-10-23,Monday,1,27.49
2023-10-23,Monday,2,23.44
2023-10-23,Monday,3,23.7
2023-10-23,Monday,4,24.38
2023-10-23,Monday,5,20.79
2023-10-23,Monday,6,45.41
2023-10-23,Monday,7,39.34
2023-10-23,Monday,8,45.16
2023-10-23,Monday,9,79.33
2023-10-23,Monday,10,72.62
2023-10-23,Monday,11,83.39
2023-10-23,Monday,12,62.7
2023-10-23,Monday,13,75.96
2023-10-23,Monday,14,83.38
2023-10-23,Monday,15,71.42
2023-10-23,Monday,16,93.55
2023-10-23,Monday,17,49.81
2023-10-23,Monday,18,47.37
2023-10-23,Monday,19,45.78
2023-10-23,Monday,20,49.34
2023-10-23,Monday,21,29.75
2023-10-23,Monday,22,30.21
2023-10-23,Monday,23,29.4
2023-10-24,Tuesday,0,26.27
2023-10-24,Tuesday,1,24.22
2023-10-24,Tuesday,2,21.13
2023-10-24,Tuesday,3,24.7
2023-10-24,Tuesday,4,20.27
2023-10-24,Tuesday,5,25.71
2023-10-24,Tuesday,6,42.06
2023-10-24,Tuesday,7,45.49
2023-10-24,Tuesday,8,48.94
2023-10-24,Tuesday,9,70.26
2023-10-24,Tuesday,10,80.31
2023-10-24,Tuesday,11,72.83
2023-10-24,Tuesday,12,78.77
2023-10-24,Tuesday,13,68.17
2023-10-24,Tuesday,14,75.8
2023-10-24,Tuesday,15,83.44
2023-10-24,Tuesday,16,77.82
2023-10-24,Tuesday,17,47.48
2023-10-24,Tuesday,18,48.57
2023-10-24,Tuesday,19,49.87
2023-10-24,Tuesday,20,54.03
2023-10-24,Tuesday,21,26.13
2023-10-24,Tuesday,22,30.05
2023-10-24,Tuesday,23,31.25
2023-10-25,Wednesday,0,25.39
2023-10-25,Wednesday,1,27.62
2023-10-25,Wednesday,2,24.85
2023-10-25,Wednesday,3,24.63
2023-10-25,Wednesday,4,26.18
2023-10-25,Wednesday,5,25.2
2023-10-25,Wednesday,6,43.83
2023-10-25,Wednesday,7,46.55
2023-10-25,Wednesday,8,43.04
2023-10-25,Wednesday,9,71.94
2023-10-25,Wednesday,10,72.36
2023-10-25,Wednesday,11,81.77
2023-10-25,Wednesday,12,53.89
2023-10-25,Wednesday,13,71.98
2023-10-25,Wednesday,14,80.17
2023-10-25,Wednesday,15,71.6
2023-10-25,Wednesday,16,81.55
2023-10-25,Wednesday,17,51.43
2023-10-25,Wednesday,18,51.77
2023-10-25,Wednesday,19,42.04
2023-10-25,Wednesday,20,54.1
2023-10-25,Wednesday,21,28.52
2023-10-25,Wednesday,22,31.37
2023-10-25,Wednesday,23,31.48
2023-10-26,Thursday,0,23.25
2023-10-26,Thursday,1,26.32
2023-10-26,Thursday,2,24.23
2023-10-26,Thursday,3,20.86
2023-10-26,Thursday,4,27.34
2023-10-26,Thursday,5,23.45
2023-10-26,Thursday,6,42.44
2023-10-26,Thursday,7,43.79
2023-10-26,Thursday,8,45.82
2023-10-26,Thursday,9,74.71
2023-10-26,Thursday,10,77.74
2023-10-26,Thursday,11,68.3
2023-10-26,Thursday,12,66.29
2023-10-26,Thursday,13,69.42
2023-10-26,Thursday,14,89.49
2023-10-26,Thursday,15,79.43
2023-10-26,Thursday,16,85.43
2023-10-26,Thursday,17,50.12
2023-10-26,Thursday,18,48.55
2023-10-26,Thursday,19,49.26
2023-10-26,Thursday,20,49.49
2023-10-26,Thursday,21,31.21
2023-10-26,Thursday,22,32.75
2023-10-26,Thursday,23,30.72
2023-10-27,Friday,0,27.37
2023-10-27,Friday,1,23.07
2023-10-27,Friday,2,24.17
2023-10-27,Friday,3,23.55
2023-10-27,Friday,4,25.63
2023-10-27,Friday,5,24.28
2023-10-27,Friday,6,47.19
2023-10-27,Friday,7,42.21
2023-10-27,Friday,8,45.13
2023-10-27,Friday,9,78.43
2023-10-27,Friday,10,64.67
2023-10-27,Friday,11,85.61
2023-10-27,Friday,12,68.58
2023-10-27,Friday,13,59.87
2023-10-27,Friday,14,80.79
2023-10-27,Friday,15,80.17
2023-10-27,Friday,16,79.59
2023-10-27,Friday,17,52.97
2023-10-27,Friday,18,52.24
2023-10-27,Friday,19,50.89
2023-10-27,Friday,20,51.35
2023-10-27,Friday,21,29.79
2023-10-27,Friday,22,33.55
2023-10-27,Friday,23,27.04
2023-10-28,Saturday,0,15.28
2023-10-28,Saturday,1,15.13
2023-10-28,Saturday,2,16.63
2023-10-28,Saturday,3,13.31
2023-10-28,Saturday,4,11.51
2023-10-28,Saturday,5,15.31
2023-10-28,Saturday,6,20.56
2023-10-28,Saturday,7,22.98
2023-10-28,Saturday,8,17.46
2023-10-28,Saturday,9,38.46
2023-10-28,Saturday,10,42.1
2023-10-28,Saturday,11,33.87
2023-10-28,Saturday,12,31.13
2023-10-28,Saturday,13,33.78
2023-10-28,Saturday,14,35.04
2023-10-28,Saturday,15,36.69
2023-10-28,Saturday,16,33.23
2023-10-28,Saturday,17,43.11
2023-10-28,Saturday,18,37.77
2023-10-28,Saturday,19,36.52
2023-10-28,Saturday,20,42.21
2023-10-28,Saturday,21,15.45
2023-10-28,Saturday,22,19.59
2023-10-28,Saturday,23,26.24
2023-10-29,Sunday,0,14.98
2023-10-29,Sunday,1,12.76
2023-10-29,Sunday,2,14.89
2023-10-29,Sunday,3,14.9
2023-10-29,Sunday,4,15.32
2023-10-29,Sunday,5,16.32
2023-10-29,Sunday,6,17.92
2023-10-29,Sunday,7,23.38
2023-10-29,Sunday,8,20.49
2023-10-29,Sunday,9,37.18
2023-10-29,Sunday,10,33.12
2023-10-29,Sunday,11,38.86
2023-10-29,Sunday,12,34.23
2023-10-29,Sunday,13,35.83
2023-10-29,Sunday,14,32.2
2023-10-29,Sunday,15,32.01
2023-10-29,Sunday,16,37.06
2023-10-29,Sunday,17,39.11
2023-10-29,Sunday,18,38.29
2023-10-29,Sunday,19,38.71
2023-10-29,Sunday,20,41.4
2023-10-29,Sunday,21,18.74
2023-10-29,Sunday,22,19.76
2023-10-29,Sunday,23,20.03
2023-10-30,Monday,0,21.17
2023-10-30,Monday,1,22.06
2023-10-30,Monday,2,25.67
2023-10-30,Monday,3,23.53
2023-10-30,Monday,4,27.11
2023-10-30,Monday,5,26.93
2023-10-30,Monday,6,47.16
2023-10-30,Monday,7,50.46
2023-10-30,Monday,8,44.75
2023-10-30,Monday,9,78.24
2023-10-30,Monday,10,72.08
2023-10-30,Monday,11,87.26
2023-10-30,Monday,12,79.92
2023-10-30,Monday,13,70.06
2023-10-30,Monday,14,81.93
2023-10-30,Monday,15,86.8
2023-10-30,Monday,16,79.26
2023-10-30,Monday,17,48.03
2023-10-30,Monday,18,52.62
2023-10-30,Monday,19,50.24
2023-10-30,Monday,20,50.55
2023-10-30,Monday,21,28.33
2023-10-30,Monday,22,26.56
2023-10-30,Monday,23,30.47
2023-10-31,Tuesday,0,26.81
2023-10-31,Tuesday,1,24.55
2023-10-31,Tuesday,2,27.87
2023-10-31,Tuesday,3,23.59
2023-10-31,Tuesday,4,22.89
2023-10-31,Tuesday,5,24.87
2023-10-31,Tuesday,6,44.75
2023-10-31,Tuesday,7,47.31
2023-10-31,Tuesday,8,42.68
2023-10-31,Tuesday,9,81.84
2023-10-31,Tuesday,10,84.83
2023-10-31,Tuesday,11,74.8
2023-10-31,Tuesday,12,76.25
2023-10-31,Tuesday,13,64.72
2023-10-31,Tuesday,14,85.38
2023-10-31,Tuesday,15,85.24
2023-10-31,Tuesday,16,84.32
2023-10-31,Tuesday,17,49.95
2023-10-31,Tuesday,18,41.14
2023-10-31,Tuesday,19,48.07
2023-10-31,Tuesday,20,48.12
2023-10-31,Tuesday,21,28.04
2023-10-31,Tuesday,22,30.24
2023-10-31,Tuesday,23,29.16
2023-11-01,Wednesday,0,23.35
2023-11-01,Wednesday,1,22.88
2023-11-01,Wednesday,2,23.57
2023-11-01,Wednesday,3,27.24
2023-11-01,Wednesday,4,23.68
2023-11-01,Wednesday,5,23.97
2023-11-01,Wednesday,6,43.63
2023-11-01,Wednesday,7,46.02
2023-11-01,Wednesday,8,46.37
2023-11-01,Wednesday,9,59.78
2023-11-01,Wednesday,10,80.11
2023-11-01,Wednesday,11,82.18
2023-11-01,Wednesday,12,64.75
2023-11-01,Wednesday,13,65.14
2023-11-01,Wednesday,14,77.75
2023-11-01,Wednesday,15,76.22
2023-11-01,Wednesday,16,81.12
2023-11-01,Wednesday,17,44.16
2023-11-01,Wednesday,18,46.65
2023-11-01,Wednesday,19,54.62
2023-11-01,Wednesday,20,47.22
2023-11-01,Wednesday,21,32.49
2023-11-01,Wednesday,22,30.71
2023-11-01,Wednesday,23,26.38
2023-11-02,Thursday,0,26.27
2023-11-02,Thursday,1,24.76
2023-11-02,Thursday,2,24.09
2023-11-02,Thursday,3,25.49
2023-11-02,Thursday,4,25.95
2023-11-02,Thursday,5,26.42
2023-11-02,Thursday,6,48.53
2023-11-02,Thursday,7,46.22
2023-11-02,Thursday,8,40.87
2023-11-02,Thursday,9,72.63
2023-11-02,Thursday,10,89.72
2023-11-02,Thursday,11,78.62
2023-11-02,Thursday,12,81.85
2023-11-02,Thursday,13,76.98
2023-11-02,Thursday,14,81.21
2023-11-02,Thursday,15,81.51
2023-11-02,Thursday,16,79.82
2023-11-02,Thursday,17,44.79
2023-11-02,Thursday,18,50.05
2023-11-02,Thursday,19,53.63
2023-11-02,Thursday,20,48.2
2023-11-02,Thursday,21,30.82
2023-11-02,Thursday,22,31.7
2023-11-02,Thursday,23,28.18
2023-11-03,Friday,0,24.1
2023-11-03,Friday,1,22.96
2023-11-03,Friday,2,23.36
2023-11-03,Friday,3,22.42
2023-11-03,Friday,4,23.2
2023-11-03,Friday,5,27.84
2023-11-03,Friday,6,42.25
2023-11-03,Friday,7,45.38
2023-11-03,Friday,8,43.49
2023-11-03,Friday,9,80.89
2023-11-03,Friday,10,81.56
2023-11-03,Friday,11,79.32
2023-11-03,Friday,12,71.53
2023-11-03,Friday,13,68.84
2023-11-03,Friday,14,74.04
2023-11-03,Friday,15,89.72
2023-11-03,Friday,16,76.2
2023-11-03,Friday,17,51.99
2023-11-03,Friday,18,53.18
2023-11-03,Friday,19,48.33
2023-11-03,Friday,20,53.11
2023-11-03,Friday,21,31.53
2023-11-03,Friday,22,33.46
2023-11-03,Friday,23,29.06
2023-11-04,Saturday,0,12.43
2023-11-04,Saturday,1,13.99
2023-11-04,Saturday,2,15.42
2023-11-04,Saturday,3,15.12
2023-11-04,Saturday,4,14.21
2023-11-04,Saturday,5,11.18
2023-11-04,Saturday,6,20.94
2023-11-04,Saturday,7,23.94
2023-11-04,Saturday,8,20.93
2023-11-04,Saturday,9,36.83
2023-11-04,Saturday,10,36.72
2023-11-04,Saturday,11,36.19
2023-11-04,Saturday,12,37.79
2023-11-04,Saturday,13,36.19
2023-11-04,Saturday,14,34.06
2023-11-04,Saturday,15,32.61
2023-11-04,Saturday,16,34.25
2023-11-04,Saturday,17,40.63
2023-11-04,Saturday,18,39.37
2023-11-04,Saturday,19,40.63
2023-11-04,Saturday,20,40.88
2023-11-04,Saturday,21,21.67
2023-11-04,Saturday,22,22.57
2023-11-04,Saturday,23,20.16
2023-11-05,Sunday,0,12.38
2023-11-05,Sunday,1,14.31
2023-11-05,Sunday,2,15.09
2023-11-05,Sunday,3,11.33
2023-11-05,Sunday,4,17.78
2023-11-05,Sunday,5,15.28
2023-11-05,Sunday,6,20.76
2023-11-05,Sunday,7,22.73
2023-11-05,Sunday,8,18.74
2023-11-05,Sunday,9,36.72
2023-11-05,Sunday,10,34.67
2023-11-05,Sunday,11,34.45
2023-11-05,Sunday,12,32.68
2023-11-05,Sunday,13,40.0
2023-11-05,Sunday,14,33.87
2023-11-05,Sunday,15,37.1
2023-11-05,Sunday,16,29.37
2023-11-05,Sunday,17,42.36
2023-11-05,Sunday,18,42.1
2023-11-05,Sunday,19,40.19
2023-11-05,Sunday,20,39.55
2023-11-05,Sunday,21,20.8
2023-11-05,Sunday,22,24.58
2023-11-05,Sunday,23,16.47
2023-11-06,Monday,0,26.56
2023-11-06,Monday,1,23.18
2023-11-06,Monday,2,24.96
2023-11-06,Monday,3,24.5
2023-11-06,Monday,4,24.14
2023-11-06,Monday,5,24.98
2023-11-06,Monday,6,41.6
2023-11-06,Monday,7,48.09
2023-11-06,Monday,8,39.62
2023-11-06,Monday,9,77.7
2023-11-06,Monday,10,73.37
2023-11-06,Monday,11,69.15
2023-11-06,Monday,12,71.01
2023-11-06,Monday,13,62.22
2023-11-06,Monday,14,80.2
2023-11-06,Monday,15,72.89
2023-11-06,Monday,16,82.31
2023-11-06,Monday,17,47.23
2023-11-06,Monday,18,48.65
2023-11-06,Monday,19,50.88
2023-11-06,Monday,20,47.68
2023-11-06,Monday,21,29.88
2023-11-06,Monday,22,26.97
2023-11-06,Monday,23,31.26
2023-11-07,Tuesday,0,28.53
2023-11-07,Tuesday,1,30.58
2023-11-07,Tuesday,2,25.18
2023-11-07,Tuesday,3,26.58
2023-11-07,Tuesday,4,21.44
2023-11-07,Tuesday,5,28.01
2023-11-07,Tuesday,6,47.33
2023-11-07,Tuesday,7,43.55
2023-11-07,Tuesday,8,48.71
2023-11-07,Tuesday,9,73.73
2023-11-07,Tuesday,10,72.71
2023-11-07,Tuesday,11,77.38
2023-11-07,Tuesday,12,64.68
2023-11-07,Tuesday,13,75.11
2023-11-07,Tuesday,14,74.72
2023-11-07,Tuesday,15,74.75
2023-11-07,Tuesday,16,75.45
2023-11-07,Tuesday,17,52.28
2023-11-07,Tuesday,18,48.15
2023-11-07,Tuesday,19,45.96
2023-11-07,Tuesday,20,48.18
2023-11-07,Tuesday,21,29.94
2023-11-07,Tuesday,22,27.64
2023-11-07,Tuesday,23,27.7
2023-11-08,Wednesday,0,29.22
2023-11-08,Wednesday,1,23.28
2023-11-08,Wednesday,2,24.35
2023-11-08,Wednesday,3,24.27
2023-11-08,Wednesday,4,24.16
2023-11-08,Wednesday,5,26.24
2023-11-08,Wednesday,6,47.84
2023-11-08,Wednesday,7,44.08
2023-11-08,Wednesday,8,41.29
2023-11-08,Wednesday,9,81.37
2023-11-08,Wednesday,10,74.52
2023-11-08,Wednesday,11,83.65
2023-11-08,Wednesday,12,58.77
2023-11-08,Wednesday,13,70.98
2023-11-08,Wednesday,14,89.59
2023-11-08,Wednesday,15,78.23
2023-11-08,Wednesday,16,78.87
2023-11-08,Wednesday,17,50.89
2023-11-08,Wednesday,18,48.32
2023-11-08,Wednesday,19,49.06
2023-11-08,Wednesday,20,48.99
2023-11-08,Wednesday,21,28.75
2023-11-08,Wednesday,22,32.46
2023-11-08,Wednesday,23,30.92
2023-11-09,Thursday,0,25.5
2023-11-09,Thursday,1,26.62
2023-11-09,Thursday,2,24.47
2023-11-09,Thursday,3,23.45
2023-11-09,Thursday,4,23.79
2023-11-09,Thursday,5,25.0
2023-11-09,Thursday,6,41.82
2023-11-09,Thursday,7,43.5
2023-11-09,Thursday,8,43.45
2023-11-09,Thursday,9,85.62
2023-11-09,Thursday,10,61.13
2023-11-09,Thursday,11,74.1
2023-11-09,Thursday,12,78.63
2023-11-09,Thursday,13,70.61
2023-11-09,Thursday,14,83.77
2023-11-09,Thursday,15,80.5
2023-11-09,Thursday,16,76.66
2023-11-09,Thursday,17,43.27
2023-11-09,Thursday,18,50.62
2023-11-09,Thursday,19,47.67
2023-11-09,Thursday,20,47.6
2023-11-09,Thursday,21,29.0
2023-11-09,Thursday,22,33.49
2023-11-09,Thursday,23,34.81
2023-11-10,Friday,0,25.43
2023-11-10,Friday,1,24.07
2023-11-10,Friday,2,22.65
2023-11-10,Friday,3,25.94
2023-11-10,Friday,4,28.57
2023-11-10,Friday,5,24.51
2023-11-10,Friday,6,37.86
2023-11-10,Friday,7,47.01
2023-11-10,Friday,8,47.96
2023-11-10,Friday,9,67.07
2023-11-10,Friday,10,75.88
2023-11-10,Friday,11,77.26
2023-11-10,Friday,12,69.63
2023-11-10,Friday,13,66.05
2023-11-10,Friday,14,85.08
2023-11-10,Friday,15,77.98
2023-11-10,Friday,16,72.57
2023-11-10,Friday,17,43.85
2023-11-10,Friday,18,53.78
2023-11-10,Friday,19,51.85
2023-11-10,Friday,20,50.26
2023-11-10,Friday,21,29.12
2023-11-10,Friday,22,28.94
2023-11-10,Friday,23,27.85
2023-11-11,Saturday,0,14.14
2023-11-11,Saturday,1,10.76
2023-11-11,Saturday,2,13.53
2023-11-11,Saturday,3,14.38
2023-11-11,Saturday,4,16.22
2023-11-11,Saturday,5,14.92
2023-11-11,Saturday,6,21.59
2023-11-11,Saturday,7,22.7
2023-11-11,Saturday,8,22.12
2023-11-11,Saturday,9,36.41
2023-11-11,Saturday,10,35.04
2023-11-11,Saturday,11,32.06
2023-11-11,Saturday,12,37.22
2023-11-11,Saturday,13,40.04
2023-11-11,Saturday,14,36.03
2023-11-11,Saturday,15,40.75
2023-11-11,Saturday,16,30.42
2023-11-11,Saturday,17,37.69
2023-11-11,Saturday,18,41.71
2023-11-11,Saturday,19,40.53
2023-11-11,Saturday,20,42.63
2023-11-11,Saturday,21,19.97
2023-11-11,Saturday,22,18.26
2023-11-11,Saturday,23,19.57
2023-11-12,Sunday,0,11.93
2023-11-12,Sunday,1,12.74
2023-11-12,Sunday,2,16.94
2023-11-12,Sunday,3,16.75
2023-11-12,Sunday,4,15.73
2023-11-12,Sunday,5,11.56
2023-11-12,Sunday,6,19.28
2023-11-12,Sunday,7,17.55
2023-11-12,Sunday,8,22.35
2023-11-12,Sunday,9,33.25
2023-11-12,Sunday,10,31.74
2023-11-12,Sunday,11,35.09
2023-11-12,Sunday,12,33.08
2023-11-12,Sunday,13,39.45
2023-11-12,Sunday,14,32.8
2023-11-12,Sunday,15,30.8
2023-11-12,Sunday,16,28.54
2023-11-12,Sunday,17,39.94
2023-11-12,Sunday,18,38.88
2023-11-12,Sunday,19,37.14
2023-11-12,Sunday,20,42.38
2023-11-12,Sunday,21,21.33
2023-11-12,Sunday,22,19.94
2023-11-12,Sunday,23,22.73
2023-11-13,Monday,0,26.33
2023-11-13,Monday,1,23.35
2023-11-13,Monday,2,22.92
2023-11-13,Monday,3,26.64
2023-11-13,Monday,4,25.79
2023-11-13,Monday,5,25.34
2023-11-13,Monday,6,42.46
2023-11-13,Monday,7,46.82
2023-11-13,Monday,8,42.73
2023-11-13,Monday,9,74.49
2023-11-13,Monday,10,82.23
2023-11-13,Monday,11,71.7
2023-11-13,Monday,12,62.14
2023-11-13,Monday,13,64.74
2023-11-13,Monday,14,84.97
2023-11-13,Monday,15,81.27
2023-11-13,Monday,16,79.36
2023-11-13,Monday,17,48.47
2023-11-13,Monday,18,51.46
2023-11-13,Monday,19,47.45
2023-11-13,Monday,20,50.92
2023-11-13,Monday,21,28.54
2023-11-13,Monday,22,28.2
2023-11-13,Monday,23,28.73
2023-11-14,Tuesday,0,24.25
2023-11-14,Tuesday,1,24.9
2023-11-14,Tuesday,2,25.47
2023-11-14,Tuesday,3,17.62
2023-11-14,Tuesday,4,23.38
2023-11-14,Tuesday,5,24.22
2023-11-14,Tuesday,6,49.52
2023-11-14,Tuesday,7,41.76
2023-11-14,Tuesday,8,45.49
2023-11-14,Tuesday,9,82.48
2023-11-14,Tuesday,10,68.44
2023-11-14,Tuesday,11,76.97
2023-11-14,Tuesday,12,65.99
2023-11-14,Tuesday,13,67.48
2023-11-14,Tuesday,14,75.98
2023-11-14,Tuesday,15,76.34
2023-11-14,Tuesday,16,93.61
2023-11-14,Tuesday,17,52.53
2023-11-14,Tuesday,18,53.31
2023-11-14,Tuesday,19,51.48
2023-11-14,Tuesday,20,45.18
2023-11-14,Tuesday,21,30.79
2023-11-14,Tuesday,22,32.15
2023-11-14,Tuesday,23,28.29
2023-11-15,Wednesday,0,26.93
2023-11-15,Wednesday,1,26.41
2023-11-15,Wednesday,2,28.7
2023-11-15,Wednesday,3,24.16
2023-11-15,Wednesday,4,22.8
2023-11-15,Wednesday,5,24.28
2023-11-15,Wednesday,6,49.31
2023-11-15,Wednesday,7,39.51
2023-11-15,Wednesday,8,38.79
2023-11-15,Wednesday,9,75.45
2023-11-15,Wednesday,10,72.79
2023-11-15,Wednesday,11,75.04
2023-11-15,Wednesday,12,74.73
2023-11-15,Wednesday,13,67.24
2023-11-15,Wednesday,14,70.63
2023-11-15,Wednesday,15,90.22
2023-11-15,Wednesday,16,75.01
2023-11-15,Wednesday,17,46.82
2023-11-15,Wednesday,18,53.31
2023-11-15,Wednesday,19,48.85
2023-11-15,Wednesday,20,49.81
2023-11-15,Wednesday,21,30.97
2023-11-15,Wednesday,22,32.17
2023-11-15,Wednesday,23,29.33
2023-11-16,Thursday,0,28.04
2023-11-16,Thursday,1,20.73
2023-11-16,Thursday,2,26.52
2023-11-16,Thursday,3,23.32
2023-11-16,Thursday,4,27.74
2023-11-16,Thursday,5,25.28
2023-11-16,Thursday,6,42.98
2023-11-16,Thursday,7,46.99
2023-11-16,Thursday,8,47.68
2023-11-16,Thursday,9,78.21
2023-11-16,Thursday,10,69.85
2023-11-16,Thursday,11,72.58
2023-11-16,Thursday,12,69.98
2023-11-16,Thursday,13,69.79
2023-11-16,Thursday,14,83.75
2023-11-16,Thursday,15,69.93
2023-11-16,Thursday,16,81.67
2023-11-16,Thursday,17,49.13
2023-11-16,Thursday,18,47.48
2023-11-16,Thursday,19,47.77
2023-11-16,Thursday,20,49.36
2023-11-16,Thursday,21,22.8
2023-11-16,Thursday,22,28.6
2023-11-16,Thursday,23,28.25
2023-11-17,Friday,0,26.07
2023-11-17,Friday,1,23.39
2023-11-17,Friday,2,24.57
2023-11-17,Friday,3,28.08
2023-11-17,Friday,4,26.99
2023-11-17,Friday,5,26.8
2023-11-17,Friday,6,43.5
2023-11-17,Friday,7,46.63
2023-11-17,Friday,8,44.3
2023-11-17,Friday,9,74.02
2023-11-17,Friday,10,77.05
2023-11-17,Friday,11,72.02
2023-11-17,Friday,12,77.47
2023-11-17,Friday,13,69.2
2023-11-17,Friday,14,83.09
2023-11-17,Friday,15,87.28
2023-11-17,Friday,16,85.16
2023-11-17,Friday,17,45.77
2023-11-17,Friday,18,51.33
2023-11-17,Friday,19,52.55
2023-11-17,Friday,20,52.68
2023-11-17,Friday,21,27.77
2023-11-17,Friday,22,28.69
2023-11-17,Friday,23,31.99
2023-11-18,Saturday,0,13.48
2023-11-18,Saturday,1,14.4
2023-11-18,Saturday,2,18.15
2023-11-18,Saturday,3,14.9
2023-11-18,Saturday,4,13.55
2023-11-18,Saturday,5,13.24
2023-11-18,Saturday,6,20.67
2023-11-18,Saturday,7,17.33
2023-11-18,Saturday,8,19.51
2023-11-18,Saturday,9,36.0
2023-11-18,Saturday,10,38.9
2023-11-18,Saturday,11,37.0
2023-11-18,Saturday,12,32.86
2023-11-18,Saturday,13,38.54
2023-11-18,Saturday,14,34.1
2023-11-18,Saturday,15,31.29
2023-11-18,Saturday,16,34.48
2023-11-18,Saturday,17,42.88
2023-11-18,Saturday,18,40.33
2023-11-18,Saturday,19,40.03
2023-11-18,Saturday,20,43.27
2023-11-18,Saturday,21,17.14
2023-11-18,Saturday,22,17.43
2023-11-18,Saturday,23,16.77
2023-11-19,Sunday,0,15.75
2023-11-19,Sunday,1,15.33
2023-11-19,Sunday,2,18.09
2023-11-19,Sunday,3,15.49
2023-11-19,Sunday,4,14.19
2023-11-19,Sunday,5,15.0
2023-11-19,Sunday,6,20.24
2023-11-19,Sunday,7,16.66
2023-11-19,Sunday,8,25.42
2023-11-19,Sunday,9,36.56
2023-11-19,Sunday,10,35.63
2023-11-19,Sunday,11,36.85
2023-11-19,Sunday,12,37.13
2023-11-19,Sunday,13,34.58
2023-11-19,Sunday,14,33.11
2023-11-19,Sunday,15,36.8
2023-11-19,Sunday,16,36.16
2023-11-19,Sunday,17,38.38
2023-11-19,Sunday,18,42.84
2023-11-19,Sunday,19,40.59
2023-11-19,Sunday,20,41.46
2023-11-19,Sunday,21,22.78
2023-11-19,Sunday,22,20.04
2023-11-19,Sunday,23,20.63
2023-11-20,Monday,0,26.62
2023-11-20,Monday,1,23.55
2023-11-20,Monday,2,25.11
2023-11-20,Monday,3,25.25
2023-11-20,Monday,4,23.09
2023-11-20,Monday,5,29.64
2023-11-20,Monday,6,40.78
2023-11-20,Monday,7,41.11
2023-11-20,Monday,8,48.94
2023-11-20,Monday,9,78.57
2023-11-20,Monday,10,69.87
2023-11-20,Monday,11,78.04
2023-11-20,Monday,12,77.34
2023-11-20,Monday,13,69.85
2023-11-20,Monday,14,92.99
2023-11-20,Monday,15,71.38
2023-11-20,Monday,16,83.47
2023-11-20,Monday,17,53.5
2023-11-20,Monday,18,52.67
2023-11-20,Monday,19,49.39
2023-11-20,Monday,20,49.13
2023-11-20,Monday,21,30.89
2023-11-20,Monday,22,31.63
2023-11-20,Monday,23,31.2
2023-11-21,Tuesday,0,27.08
2023-11-21,Tuesday,1,22.96
2023-11-21,Tuesday,2,24.54
2023-11-21,Tuesday,3,23.12
2023-11-21,Tuesday,4,24.23
2023-11-21,Tuesday,5,27.03
2023-11-21,Tuesday,6,45.32
2023-11-21,Tuesday,7,52.82
2023-11-21,Tuesday,8,45.58
2023-11-21,Tuesday,9,75.3
2023-11-21,Tuesday,10,75.53
2023-11-21,Tuesday,11,71.81
2023-11-21,Tuesday,12,69.71
2023-11-21,Tuesday,13,75.64
2023-11-21,Tuesday,14,80.57
2023-11-21,Tuesday,15,76.03
2023-11-21,Tuesday,16,75.37
2023-11-21,Tuesday,17,48.65
2023-11-21,Tuesday,18,50.22
2023-11-21,Tuesday,19,53.58
2023-11-21,Tuesday,20,45.98
2023-11-21,Tuesday,21,29.36
2023-11-21,Tuesday,22,30.29
2023-11-21,Tuesday,23,26.33
2023-11-22,Wednesday,0,23.33
2023-11-22,Wednesday,1,23.64
2023-11-22,Wednesday,2,23.41
2023-11-22,Wednesday,3,25.38
2023-11-22,Wednesday,4,24.68
2023-11-22,Wednesday,5,23.89
2023-11-22,Wednesday,6,46.28
2023-11-22,Wednesday,7,50.17
2023-11-22,Wednesday,8,49.92
2023-11-22,Wednesday,9,65.39
2023-11-22,Wednesday,10,77.89
2023-11-22,Wednesday,11,74.11
2023-11-22,Wednesday,12,70.78
2023-11-22,Wednesday,13,68.01
2023-11-22,Wednesday,14,80.59
2023-11-22,Wednesday,15,80.76
2023-11-22,Wednesday,16,77.11
2023-11-22,Wednesday,17,47.31
2023-11-22,Wednesday,18,48.65
2023-11-22,Wednesday,19,50.7
2023-11-22,Wednesday,20,51.8
2023-11-22,Wednesday,21,31.71
2023-11-22,Wednesday,22,29.01
2023-11-22,Wednesday,23,30.57
2023-11-23,Thursday,0,26.93
2023-11-23,Thursday,1,27.33
2023-11-23,Thursday,2,24.88
2023-11-23,Thursday,3,24.56
2023-11-23,Thursday,4,25.38
2023-11-23,Thursday,5,22.7
2023-11-23,Thursday,6,44.42
2023-11-23,Thursday,7,47.23
2023-11-23,Thursday,8,46.93
2023-11-23,Thursday,9,73.65
2023-11-23,Thursday,10,76.09
2023-11-23,Thursday,11,70.88
2023-11-23,Thursday,12,73.52
2023-11-23,Thursday,13,69.61
2023-11-23,Thursday,14,78.62
2023-11-23,Thursday,15,78.19
2023-11-23,Thursday,16,79.69
2023-11-23,Thursday,17,48.66
2023-11-23,Thursday,18,51.97
2023-11-23,Thursday,19,48.81
2023-11-23,Thursday,20,54.78
2023-11-23,Thursday,21,32.93
2023-11-23,Thursday,22,28.22
2023-11-23,Thursday,23,30.14
2023-11-24,Friday,0,23.7
2023-11-24,Friday,1,24.35
2023-11-24,Friday,2,29.0
2023-11-24,Friday,3,24.38
2023-11-24,Friday,4,25.72
2023-11-24,Friday,5,26.08
2023-11-24,Friday,6,42.0
2023-11-24,Friday,7,42.43
2023-11-24,Friday,8,41.38
2023-11-24,Friday,9,70.57
2023-11-24,Friday,10,60.75
2023-11-24,Friday,11,77.72
2023-11-24,Friday,12,80.27
2023-11-24,Friday,13,70.74
2023-11-24,Friday,14,72.92
2023-11-24,Friday,15,76.79
2023-11-24,Friday,16,77.71
2023-11-24,Friday,17,46.95
2023-11-24,Friday,18,52.58
2023-11-24,Friday,19,52.43
2023-11-24,Friday,20,46.53
2023-11-24,Friday,21,31.45
2023-11-24,Friday,22,33.05
2023-11-24,Friday,23,33.81
2023-11-25,Saturday,0,20.73
2023-11-25,Saturday,1,13.2
2023-11-25,Saturday,2,20.65
2023-11-25,Saturday,3,14.29
2023-11-25,Saturday,4,13.82
2023-11-25,Saturday,5,15.65
2023-11-25,Saturday,6,18.84
2023-11-25,Saturday,7,20.8
2023-11-25,Saturday,8,17.36
2023-11-25,Saturday,9,34.28
2023-11-25,Saturday,10,38.86
2023-11-25,Saturday,11,34.83
2023-11-25,Saturday,12,35.42
2023-11-25,Saturday,13,36.43
2023-11-25,Saturday,14,38.51
2023-11-25,Saturday,15,30.03
2023-11-25,Saturday,16,36.75
2023-11-25,Saturday,17,39.46
2023-11-25,Saturday,18,40.33
2023-11-25,Saturday,19,42.12
2023-11-25,Saturday,20,37.61
2023-11-25,Saturday,21,17.97
2023-11-25,Saturday,22,16.13
2023-11-25,Saturday,23,18.9
2023-11-26,Sunday,0,17.66
2023-11-26,Sunday,1,14.76
2023-11-26,Sunday,2,12.32
2023-11-26,Sunday,3,14.03
2023-11-26,Sunday,4,12.02
2023-11-26,Sunday,5,12.75
2023-11-26,Sunday,6,20.78
2023-11-26,Sunday,7,17.65
2023-11-26,Sunday,8,22.23
2023-11-26,Sunday,9,34.79
2023-11-26,Sunday,10,35.26
2023-11-26,Sunday,11,34.16
2023-11-26,Sunday,12,37.32
2023-11-26,Sunday,13,37.35
2023-11-26,Sunday,14,36.01
2023-11-26,Sunday,15,36.69
2023-11-26,Sunday,16,34.36
2023-11-26,Sunday,17,41.08
2023-11-26,Sunday,18,39.32
2023-11-26,Sunday,19,40.0
2023-11-26,Sunday,20,39.45
2023-11-26,Sunday,21,19.09
2023-11-26,Sunday,22,18.62
2023-11-26,Sunday,23,20.94
2023-11-27,Monday,0,27.62
2023-11-27,Monday,1,27.34
2023-11-27,Monday,2,22.49
2023-11-27,Monday,3,27.58
2023-11-27,Monday,4,24.36
2023-11-27,Monday,5,26.2
2023-11-27,Monday,6,42.28
2023-11-27,Monday,7,45.43
2023-11-27,Monday,8,45.94
2023-11-27,Monday,9,67.58
2023-11-27,Monday,10,78.04
2023-11-27,Monday,11,81.73
2023-11-27,Monday,12,69.13
2023-11-27,Monday,13,76.8
2023-11-27,Monday,14,79.05
2023-11-27,Monday,15,84.25
2023-11-27,Monday,16,68.91
2023-11-27,Monday,17,57.26
2023-11-27,Monday,18,54.49
2023-11-27,Monday,19,49.15
2023-11-27,Monday,20,44.08
2023-11-27,Monday,21,30.58
2023-11-27,Monday,22,27.11
2023-11-27,Monday,23,30.89
2023-11-28,Tuesday,0,25.82
2023-11-28,Tuesday,1,23.12
2023-11-28,Tuesday,2,27.24
2023-11-28,Tuesday,3,26.61
2023-11-28,Tuesday,4,26.95
2023-11-28,Tuesday,5,25.02
2023-11-28,Tuesday,6,40.75
2023-11-28,Tuesday,7,47.93
2023-11-28,Tuesday,8,44.19
2023-11-28,Tuesday,9,68.05
2023-11-28,Tuesday,10,81.76
2023-11-28,Tuesday,11,85.5
2023-11-28,Tuesday,12,69.79
2023-11-28,Tuesday,13,80.8
2023-11-28,Tuesday,14,80.46
2023-11-28,Tuesday,15,78.1
2023-11-28,Tuesday,16,76.85
2023-11-28,Tuesday,17,54.91
2023-11-28,Tuesday,18,47.66
2023-11-28,Tuesday,19,52.21
2023-11-28,Tuesday,20,48.32
2023-11-28,Tuesday,21,29.08
2023-11-28,Tuesday,22,32.06
2023-11-28,Tuesday,23,29.24
2023-11-29,Wednesday,0,24.19
2023-11-29,Wednesday,1,27.27
2023-11-29,Wednesday,2,28.19
2023-11-29,Wednesday,3,26.29
2023-11-29,Wednesday,4,23.69
2023-11-29,Wednesday,5,23.98
2023-11-29,Wednesday,6,45.24
2023-11-29,Wednesday,7,45.96
2023-11-29,Wednesday,8,42.04
2023-11-29,Wednesday,9,78.62
2023-11-29,Wednesday,10,75.43
2023-11-29,Wednesday,11,66.42
2023-11-29,Wednesday,12,65.36
2023-11-29,Wednesday,13,67.48
2023-11-29,Wednesday,14,79.64
2023-11-29,Wednesday,15,89.45
2023-11-29,Wednesday,16,81.19
2023-11-29,Wednesday,17,47.48
2023-11-29,Wednesday,18,50.66
2023-11-29,Wednesday,19,48.94
2023-11-29,Wednesday,20,50.97
2023-11-29,Wednesday,21,31.16
2023-11-29,Wednesday,22,32.42
2023-11-29,Wednesday,23,29.95
2023-11-30,Thursday,0,28.28
2023-11-30,Thursday,1,26.82
2023-11-30,Thursday,2,23.59
2023-11-30,Thursday,3,29.42
2023-11-30,Thursday,4,25.65
2023-11-30,Thursday,5,23.33
2023-11-30,Thursday,6,49.96
2023-11-30,Thursday,7,51.23
2023-11-30,Thursday,8,44.9
2023-11-30,Thursday,9,72.48
2023-11-30,Thursday,10,74.14
2023-11-30,Thursday,11,78.57
2023-11-30,Thursday,12,76.39
2023-11-30,Thursday,13,72.85
2023-11-30,Thursday,14,80.51
2023-11-30,Thursday,15,87.49
2023-11-30,Thursday,16,78.44
2023-11-30,Thursday,17,53.09
2023-11-30,Thursday,18,49.14
2023-11-30,Thursday,19,51.29
2023-11-30,Thursday,20,49.66
2023-11-30,Thursday,21,29.89
2023-11-30,Thursday,22,29.25
2023-11-30,Thursday,23,32.69
2023-12-01,Friday,0,23.53
2023-12-01,Friday,1,23.52
2023-12-01,Friday,2,29.24
2023-12-01,Friday,3,26.96
2023-12-01,Friday,4,20.23
2023-12-01,Friday,5,23.87
2023-12-01,Friday,6,39.56
2023-12-01,Friday,7,42.15
2023-12-01,Friday,8,35.58
2023-12-01,Friday,9,74.32
2023-12-01,Friday,10,69.29
2023-12-01,Friday,11,75.3
2023-12-01,Friday,12,61.87
2023-12-01,Friday,13,70.41
2023-12-01,Friday,14,77.93
2023-12-01,Friday,15,87.51
2023-12-01,Friday,16,87.06
2023-12-01,Friday,17,52.36
2023-12-01,Friday,18,49.02
2023-12-01,Friday,19,55.96
2023-12-01,Friday,20,45.34
2023-12-01,Friday,21,27.19
2023-12-01,Friday,22,29.83
2023-12-01,Friday,23,34.51
2023-12-02,Saturday,0,14.6
2023-12-02,Saturday,1,14.63
2023-12-02,Saturday,2,12.12
2023-12-02,Saturday,3,16.89
2023-12-02,Saturday,4,16.91
2023-12-02,Saturday,5,16.58
2023-12-02,Saturday,6,18.74
2023-12-02,Saturday,7,18.59
2023-12-02,Saturday,8,17.41
2023-12-02,Saturday,9,35.25
2023-12-02,Saturday,10,31.76
2023-12-02,Saturday,11,31.47
2023-12-02,Saturday,12,33.73
2023-12-02,Saturday,13,33.53
2023-12-02,Saturday,14,33.39
2023-12-02,Saturday,15,36.4
2023-12-02,Saturday,16,35.24
2023-12-02,Saturday,17,39.42
2023-12-02,Saturday,18,40.37
2023-12-02,Saturday,19,38.02
2023-12-02,Saturday,20,40.21
2023-12-02,Saturday,21,20.3
2023-12-02,Saturday,22,16.99
2023-12-02,Saturday,23,21.99
2023-12-03,Sunday,0,13.24
2023-12-03,Sunday,1,15.18
2023-12-03,Sunday,2,17.33
2023-12-03,Sunday,3,16.85
2023-12-03,Sunday,4,15.07
2023-12-03,Sunday,5,14.28
2023-12-03,Sunday,6,21.9
2023-12-03,Sunday,7,21.35
2023-12-03,Sunday,8,18.76
2023-12-03,Sunday,9,32.62
2023-12-03,Sunday,10,28.78
2023-12-03,Sunday,11,35.46
2023-12-03,Sunday,12,34.75
2023-12-03,Sunday,13,38.41
2023-12-03,Sunday,14,36.08
2023-12-03,Sunday,15,39.0
2023-12-03,Sunday,16,32.91
2023-12-03,Sunday,17,42.28
2023-12-03,Sunday,18,38.94
2023-12-03,Sunday,19,41.56
2023-12-03,Sunday,20,37.08
2023-12-03,Sunday,21,20.47
2023-12-03,Sunday,22,16.03
2023-12-03,Sunday,23,19.47
2023-12-04,Monday,0,25.88
2023-12-04,Monday,1,23.96
2023-12-04,Monday,2,22.9
2023-12-04,Monday,3,26.69
2023-12-04,Monday,4,24.79
2023-12-04,Monday,5,24.02
2023-12-04,Monday,6,45.13
2023-12-04,Monday,7,52.91
2023-12-04,Monday,8,48.46
2023-12-04,Monday,9,80.81
2023-12-04,Monday,10,77.18
2023-12-04,Monday,11,75.83
2023-12-04,Monday,12,58.02
2023-12-04,Monday,13,66.61
2023-12-04,Monday,14,77.6
2023-12-04,Monday,15,70.63
2023-12-04,Monday,16,74.21
2023-12-04,Monday,17,44.06
2023-12-04,Monday,18,49.89
2023-12-04,Monday,19,52.46
2023-12-04,Monday,20,53.32
2023-12-04,Monday,21,30.83
2023-12-04,Monday,22,28.07
2023-12-04,Monday,23,26.14
2023-12-05,Tuesday,0,21.49
2023-12-05,Tuesday,1,22.46
2023-12-05,Tuesday,2,23.22
2023-12-05,Tuesday,3,24.68
2023-12-05,Tuesday,4,22.97
2023-12-05,Tuesday,5,25.68
2023-12-05,Tuesday,6,44.3
2023-12-05,Tuesday,7,45.03
2023-12-05,Tuesday,8,48.42
2023-12-05,Tuesday,9,69.1
2023-12-05,Tuesday,10,77.09
2023-12-05,Tuesday,11,74.93
2023-12-05,Tuesday,12,68.33
2023-12-05,Tuesday,13,74.43
2023-12-05,Tuesday,14,84.4
2023-12-05,Tuesday,15,75.27
2023-12-05,Tuesday,16,79.09
2023-12-05,Tuesday,17,50.84
2023-12-05,Tuesday,18,49.18
2023-12-05,Tuesday,19,51.76
2023-12-05,Tuesday,20,50.84
2023-12-05,Tuesday,21,33.67
2023-12-05,Tuesday,22,26.94
2023-12-05,Tuesday,23,29.76
2023-12-06,Wednesday,0,23.18
2023-12-06,Wednesday,1,26.21
2023-12-06,Wednesday,2,21.77
2023-12-06,Wednesday,3,25.69
2023-12-06,Wednesday,4,23.74
2023-12-06,Wednesday,5,23.53
2023-12-06,Wednesday,6,40.66
2023-12-06,Wednesday,7,43.6
2023-12-06,Wednesday,8,48.25
2023-12-06,Wednesday,9,74.87
2023-12-06,Wednesday,10,78.14
2023-12-06,Wednesday,11,83.32
2023-12-06,Wednesday,12,71.32
2023-12-06,Wednesday,13,67.21
2023-12-06,Wednesday,14,82.34
2023-12-06,Wednesday,15,77.28
2023-12-06,Wednesday,16,77.48
2023-12-06,Wednesday,17,45.44
2023-12-06,Wednesday,18,52.78
2023-12-06,Wednesday,19,48.84
2023-12-06,Wednesday,20,50.55
2023-12-06,Wednesday,21,27.93
2023-12-06,Wednesday,22,30.87
2023-12-06,Wednesday,23,28.48
2023-12-07,Thursday,0,24.72
2023-12-07,Thursday,1,26.76
2023-12-07,Thursday,2,26.58
2023-12-07,Thursday,3,24.96
2023-12-07,Thursday,4,21.46
2023-12-07,Thursday,5,30.99
2023-12-07,Thursday,6,50.24
2023-12-07,Thursday,7,47.17
2023-12-07,Thursday,8,42.74
2023-12-07,Thursday,9,74.43
2023-12-07,Thursday,10,72.28
2023-12-07,Thursday,11,81.32
2023-12-07,Thursday,12,71.31
2023-12-07,Thursday,13,66.08
2023-12-07,Thursday,14,77.65
2023-12-07,Thursday,15,85.61
2023-12-07,Thursday,16,88.0
2023-12-07,Thursday,17,54.58
2023-12-07,Thursday,18,52.27
2023-12-07,Thursday,19,49.24
2023-12-07,Thursday,20,40.28
2023-12-07,Thursday,21,30.59
2023-12-07,Thursday,22,30.0
2023-12-07,Thursday,23,30.28
2023-12-08,Friday,0,25.11
2023-12-08,Friday,1,22.35
2023-12-08,Friday,2,26.11
2023-12-08,Friday,3,26.26
2023-12-08,Friday,4,26.36
2023-12-08,Friday,5,26.89
2023-12-08,Friday,6,46.81
2023-12-08,Friday,7,43.77
2023-12-08,Friday,8,44.79
2023-12-08,Friday,9,75.46
2023-12-08,Friday,10,75.54
2023-12-08,Friday,11,79.99
2023-12-08,Friday,12,73.22
2023-12-08,Friday,13,80.39
2023-12-08,Friday,14,91.03
2023-12-08,Friday,15,80.4
2023-12-08,Friday,16,60.82
2023-12-08,Friday,17,53.71
2023-12-08,Friday,18,48.38
2023-12-08,Friday,19,47.6
2023-12-08,Friday,20,48.8
2023-12-08,Friday,21,29.11
2023-12-08,Friday,22,31.22
2023-12-08,Friday,23,26.88
2023-12-09,Saturday,0,12.84
2023-12-09,Saturday,1,15.69
2023-12-09,Saturday,2,16.25
2023-12-09,Saturday,3,16.28
2023-12-09,Saturday,4,13.43
2023-12-09,Saturday,5,13.04
2023-12-09,Saturday,6,18.99
2023-12-09,Saturday,7,20.48
2023-12-09,Saturday,8,22.97
2023-12-09,Saturday,9,28.86
2023-12-09,Saturday,10,34.34
2023-12-09,Saturday,11,31.0
2023-12-09,Saturday,12,30.04
2023-12-09,Saturday,13,37.9
2023-12-09,Saturday,14,36.63
2023-12-09,Saturday,15,36.35
2023-12-09,Saturday,16,37.76
2023-12-09,Saturday,17,39.04
2023-12-09,Saturday,18,39.13
2023-12-09,Saturday,19,44.37
2023-12-09,Saturday,20,39.51
2023-12-09,Saturday,21,21.47
2023-12-09,Saturday,22,20.01
2023-12-09,Saturday,23,16.3
2023-12-10,Sunday,0,10.91
2023-12-10,Sunday,1,13.84
2023-12-10,Sunday,2,17.11
2023-12-10,Sunday,3,16.58
2023-12-10,Sunday,4,16.83
2023-12-10,Sunday,5,13.03
2023-12-10,Sunday,6,23.23
2023-12-10,Sunday,7,18.07
2023-12-10,Sunday,8,20.43
2023-12-10,Sunday,9,34.97
2023-12-10,Sunday,10,34.48
2023-12-10,Sunday,11,39.02
2023-12-10,Sunday,12,32.88
2023-12-10,Sunday,13,30.95
2023-12-10,Sunday,14,35.06
2023-12-10,Sunday,15,33.8
2023-12-10,Sunday,16,45.13
2023-12-10,Sunday,17,41.35
2023-12-10,Sunday,18,39.18
2023-12-10,Sunday,19,37.89
2023-12-10,Sunday,20,36.24
2023-12-10,Sunday,21,17.95
2023-12-10,Sunday,22,20.23
2023-12-10,Sunday,23,22.85
2023-12-11,Monday,0,27.24
2023-12-11,Monday,1,25.46
2023-12-11,Monday,2,24.35
2023-12-11,Monday,3,25.54
2023-12-11,Monday,4,23.96
2023-12-11,Monday,5,28.44
2023-12-11,Monday,6,44.43
2023-12-11,Monday,7,44.74
2023-12-11,Monday,8,38.35
2023-12-11,Monday,9,74.02
2023-12-11,Monday,10,79.18
2023-12-11,Monday,11,69.66
2023-12-11,Monday,12,66.25
2023-12-11,Monday,13,73.96
2023-12-11,Monday,14,72.62
2023-12-11,Monday,15,85.29
2023-12-11,Monday,16,77.34
2023-12-11,Monday,17,48.83
2023-12-11,Monday,18,46.63
2023-12-11,Monday,19,51.13
2023-12-11,Monday,20,57.38
2023-12-11,Monday,21,31.56
2023-12-11,Monday,22,28.27
2023-12-11,Monday,23,32.27
2023-12-12,Tuesday,0,24.37
2023-12-12,Tuesday,1,27.75
2023-12-12,Tuesday,2,26.61
2023-12-12,Tuesday,3,19.11
2023-12-12,Tuesday,4,22.99
2023-12-12,Tuesday,5,26.89
2023-12-12,Tuesday,6,45.45
2023-12-12,Tuesday,7,41.93
2023-12-12,Tuesday,8,43.1
2023-12-12,Tuesday,9,65.47
2023-12-12,Tuesday,10,74.56
2023-12-12,Tuesday,11,86.05
2023-12-12,Tuesday,12,74.02
2023-12-12,Tuesday,13,80.95
2023-12-12,Tuesday,14,84.41
2023-12-12,Tuesday,15,85.14
2023-12-12,Tuesday,16,89.87
2023-12-12,Tuesday,17,51.13
2023-12-12,Tuesday,18,49.44
2023-12-12,Tuesday,19,53.1
2023-12-12,Tuesday,20,54.36
2023-12-12,Tuesday,21,29.04
2023-12-12,Tuesday,22,28.56
2023-12-12,Tuesday,23,30.28
2023-12-13,Wednesday,0,26.66
2023-12-13,Wednesday,1,26.6
2023-12-13,Wednesday,2,22.15
2023-12-13,Wednesday,3,28.82
2023-12-13,Wednesday,4,23.72
2023-12-13,Wednesday,5,24.47
2023-12-13,Wednesday,6,42.29
2023-12-13,Wednesday,7,53.09
2023-12-13,Wednesday,8,45.73
2023-12-13,Wednesday,9,70.75
2023-12-13,Wednesday,10,79.32
2023-12-13,Wednesday,11,78.85
2023-12-13,Wednesday,12,69.06
2023-12-13,Wednesday,13,74.2
2023-12-13,Wednesday,14,75.87
2023-12-13,Wednesday,15,77.54
2023-12-13,Wednesday,16,69.95
2023-12-13,Wednesday,17,46.03
2023-12-13,Wednesday,18,55.42
2023-12-13,Wednesday,19,54.92
2023-12-13,Wednesday,20,50.2
2023-12-13,Wednesday,21,33.33
2023-12-13,Wednesday,22,29.68
2023-12-13,Wednesday,23,29.51
2023-12-14,Thursday,0,25.11
2023-12-14,Thursday,1,24.75
2023-12-14,Thursday,2,24.57
2023-12-14,Thursday,3,27.29
2023-12-14,Thursday,4,25.3
2023-12-14,Thursday,5,26.42
2023-12-14,Thursday,6,48.09
2023-12-14,Thursday,7,46.16
2023-12-14,Thursday,8,42.09
2023-12-14,Thursday,9,68.24
2023-12-14,Thursday,10,75.74
2023-12-14,Thursday,11,74.14
2023-12-14,Thursday,12,70.44
2023-12-14,Thursday,13,69.92
2023-12-14,Thursday,14,92.92
2023-12-14,Thursday,15,73.35
2023-12-14,Thursday,16,70.05
2023-12-14,Thursday,17,51.0
2023-12-14,Thursday,18,48.87
2023-12-14,Thursday,19,50.95
2023-12-14,Thursday,20,51.75
2023-12-14,Thursday,21,32.57
2023-12-14,Thursday,22,26.99
2023-12-14,Thursday,23,28.89
2023-12-15,Friday,0,25.86
2023-12-15,Friday,1,26.54
2023-12-15,Friday,2,29.39
2023-12-15,Friday,3,26.91
2023-12-15,Friday,4,24.89
2023-12-15,Friday,5,23.22
2023-12-15,Friday,6,43.31
2023-12-15,Friday,7,43.22
2023-12-15,Friday,8,46.97
2023-12-15,Friday,9,76.28
2023-12-15,Friday,10,68.38
2023-12-15,Friday,11,72.82
2023-12-15,Friday,12,74.39
2023-12-15,Friday,13,71.76
2023-12-15,Friday,14,82.84
2023-12-15,Friday,15,81.91
2023-12-15,Friday,16,88.13
2023-12-15,Friday,17,50.71
2023-12-15,Friday,18,48.84
2023-12-15,Friday,19,47.25
2023-12-15,Friday,20,50.75
2023-12-15,Friday,21,25.12
2023-12-15,Friday,22,29.63
2023-12-15,Friday,23,29.59
2023-12-16,Saturday,0,12.27
2023-12-16,Saturday,1,13.14
2023-12-16,Saturday,2,16.62
2023-12-16,Saturday,3,15.46
2023-12-16,Saturday,4,15.2
2023-12-16,Saturday,5,15.61
2023-12-16,Saturday,6,20.19
2023-12-16,Saturday,7,22.49
2023-12-16,Saturday,8,20.25
2023-12-16,Saturday,9,30.63
2023-12-16,Saturday,10,39.89
2023-12-16,Saturday,11,36.11
2023-12-16,Saturday,12,33.23
2023-12-16,Saturday,13,31.24
2023-12-16,Saturday,14,36.19
2023-12-16,Saturday,15,34.65
2023-12-16,Saturday,16,39.72
2023-12-16,Saturday,17,39.31
2023-12-16,Saturday,18,38.33
2023-12-16,Saturday,19,41.79
2023-12-16,Saturday,20,41.85
2023-12-16,Saturday,21,20.34
2023-12-16,Saturday,22,21.35
2023-12-16,Saturday,23,19.92
2023-12-17,Sunday,0,15.47
2023-12-17,Sunday,1,17.33
2023-12-17,Sunday,2,16.25
2023-12-17,Sunday,3,14.66
2023-12-17,Sunday,4,17.7
2023-12-17,Sunday,5,10.27
2023-12-17,Sunday,6,24.1
2023-12-17,Sunday,7,16.59
2023-12-17,Sunday,8,18.75
2023-12-17,Sunday,9,34.88
2023-12-17,Sunday,10,34.56
2023-12-17,Sunday,11,38.02
2023-12-17,Sunday,12,31.83
2023-12-17,Sunday,13,35.78
2023-12-17,Sunday,14,33.27
2023-12-17,Sunday,15,35.89
2023-12-17,Sunday,16,34.81
2023-12-17,Sunday,17,40.19
2023-12-17,Sunday,18,38.9
2023-12-17,Sunday,19,38.98
2023-12-17,Sunday,20,40.57
2023-12-17,Sunday,21,21.89
2023-12-17,Sunday,22,18.8
2023-12-17,Sunday,23,18.26
2023-12-18,Monday,0,26.23
2023-12-18,Monday,1,24.93
2023-12-18,Monday,2,26.66
2023-12-18,Monday,3,23.19
2023-12-18,Monday,4,21.44
2023-12-18,Monday,5,23.93
2023-12-18,Monday,6,42.7
2023-12-18,Monday,7,44.76
2023-12-18,Monday,8,43.09
2023-12-18,Monday,9,78.71
2023-12-18,Monday,10,73.56
2023-12-18,Monday,11,75.75
2023-12-18,Monday,12,70.79
2023-12-18,Monday,13,70.97
2023-12-18,Monday,14,79.88
2023-12-18,Monday,15,82.55
2023-12-18,Monday,16,76.02
2023-12-18,Monday,17,54.2
2023-12-18,Monday,18,49.29
2023-12-18,Monday,19,46.07
2023-12-18,Monday,20,50.56
2023-12-18,Monday,21,28.3
2023-12-18,Monday,22,31.33
2023-12-18,Monday,23,34.42
2023-12-19,Tuesday,0,23.43
2023-12-19,Tuesday,1,25.66
2023-12-19,Tuesday,2,21.49
2023-12-19,Tuesday,3,25.91
2023-12-19,Tuesday,4,23.23
2023-12-19,Tuesday,5,23.75
2023-12-19,Tuesday,6,41.7
2023-12-19,Tuesday,7,47.2
2023-12-19,Tuesday,8,48.02
2023-12-19,Tuesday,9,75.12
2023-12-19,Tuesday,10,70.68
2023-12-19,Tuesday,11,82.95
2023-12-19,Tuesday,12,66.25
2023-12-19,Tuesday,13,59.19
2023-12-19,Tuesday,14,82.29
2023-12-19,Tuesday,15,74.48
2023-12-19,Tuesday,16,84.94
2023-12-19,Tuesday,17,48.86
2023-12-19,Tuesday,18,51.81
2023-12-19,Tuesday,19,54.2
2023-12-19,Tuesday,20,46.37
2023-12-19,Tuesday,21,28.87
2023-12-19,Tuesday,22,29.85
2023-12-19,Tuesday,23,33.08
2023-12-20,Wednesday,0,23.68
2023-12-20,Wednesday,1,23.81
2023-12-20,Wednesday,2,25.96
2023-12-20,Wednesday,3,23.85
2023-12-20,Wednesday,4,25.31
2023-12-20,Wednesday,5,21.9
2023-12-20,Wednesday,6,51.64
2023-12-20,Wednesday,7,40.96
2023-12-20,Wednesday,8,44.03
2023-12-20,Wednesday,9,74.84
2023-12-20,Wednesday,10,84.56
2023-12-20,Wednesday,11,68.38
2023-12-20,Wednesday,12,79.92
2023-12-20,Wednesday,13,73.79
2023-12-20,Wednesday,14,82.09
2023-12-20,Wednesday,15,75.08
2023-12-20,Wednesday,16,82.86
2023-12-20,Wednesday,17,47.83
2023-12-20,Wednesday,18,53.8
2023-12-20,Wednesday,19,47.09
2023-12-20,Wednesday,20,49.66
2023-12-20,Wednesday,21,28.89
2023-12-20,Wednesday,22,28.02
2023-12-20,Wednesday,23,31.48
2023-12-21,Thursday,0,26.07
2023-12-21,Thursday,1,27.42
2023-12-21,Thursday,2,21.44
2023-12-21,Thursday,3,27.13
2023-12-21,Thursday,4,30.01
2023-12-21,Thursday,5,24.1
2023-12-21,Thursday,6,50.69
2023-12-21,Thursday,7,44.21
2023-12-21,Thursday,8,40.88
2023-12-21,Thursday,9,73.47
2023-12-21,Thursday,10,80.24
2023-12-21,Thursday,11,70.81
2023-12-21,Thursday,12,67.0
2023-12-21,Thursday,13,72.97
2023-12-21,Thursday,14,80.02
2023-12-21,Thursday,15,82.92
2023-12-21,Thursday,16,81.19
2023-12-21,Thursday,17,51.44
2023-12-21,Thursday,18,48.7
2023-12-21,Thursday,19,50.7
2023-12-21,Thursday,20,47.22
2023-12-21,Thursday,21,32.58
2023-12-21,Thursday,22,28.73
2023-12-21,Thursday,23,32.26
2023-12-22,Friday,0,24.53
2023-12-22,Friday,1,25.4
2023-12-22,Friday,2,24.01
2023-12-22,Friday,3,22.97
2023-12-22,Friday,4,21.51
2023-12-22,Friday,5,22.89
2023-12-22,Friday,6,44.03
2023-12-22,Friday,7,45.64
2023-12-22,Friday,8,48.03
2023-12-22,Friday,9,72.77
2023-12-22,Friday,10,70.59
2023-12-22,Friday,11,67.79
2023-12-22,Friday,12,72.4
2023-12-22,Friday,13,76.92
2023-12-22,Friday,14,86.33
2023-12-22,Friday,15,83.55
2023-12-22,Friday,16,83.19
2023-12-22,Friday,17,55.09
2023-12-22,Friday,18,51.0
2023-12-22,Friday,19,51.94
2023-12-22,Friday,20,49.04
2023-12-22,Friday,21,27.28
2023-12-22,Friday,22,28.63
2023-12-22,Friday,23,29.98
2023-12-23,Saturday,0,15.12
2023-12-23,Saturday,1,18.85
2023-12-23,Saturday,2,15.16
2023-12-23,Saturday,3,17.36
2023-12-23,Saturday,4,14.13
2023-12-23,Saturday,5,14.38
2023-12-23,Saturday,6,17.34
2023-12-23,Saturday,7,18.52
2023-12-23,Saturday,8,21.05
2023-12-23,Saturday,9,35.02
2023-12-23,Saturday,10,37.83
2023-12-23,Saturday,11,35.54
2023-12-23,Saturday,12,33.94
2023-12-23,Saturday,13,41.44
2023-12-23,Saturday,14,34.72
2023-12-23,Saturday,15,38.49
2023-12-23,Saturday,16,33.8
2023-12-23,Saturday,17,41.42
2023-12-23,Saturday,18,41.86
2023-12-23,Saturday,19,40.42
2023-12-23,Saturday,20,35.29
2023-12-23,Saturday,21,20.04
2023-12-23,Saturday,22,22.46
2023-12-23,Saturday,23,21.05
2023-12-24,Sunday,0,15.89
2023-12-24,Sunday,1,11.56
2023-12-24,Sunday,2,13.56
2023-12-24,Sunday,3,15.82
2023-12-24,Sunday,4,15.82
2023-12-24,Sunday,5,17.43
2023-12-24,Sunday,6,19.71
2023-12-24,Sunday,7,20.81
2023-12-24,Sunday,8,20.03
2023-12-24,Sunday,9,32.04
2023-12-24,Sunday,10,28.23
2023-12-24,Sunday,11,36.29
2023-12-24,Sunday,12,35.52
2023-12-24,Sunday,13,33.15
2023-12-24,Sunday,14,30.14
2023-12-24,Sunday,15,36.89
2023-12-24,Sunday,16,34.2
2023-12-24,Sunday,17,41.11
2023-12-24,Sunday,18,43.73
2023-12-24,Sunday,19,35.72
2023-12-24,Sunday,20,38.6
2023-12-24,Sunday,21,19.58
2023-12-24,Sunday,22,22.91
2023-12-24,Sunday,23,16.73
2023-12-25,Monday,0,28.87
2023-12-25,Monday,1,25.27
2023-12-25,Monday,2,24.81
2023-12-25,Monday,3,24.6
2023-12-25,Monday,4,24.13
2023-12-25,Monday,5,27.1
2023-12-25,Monday,6,41.79
2023-12-25,Monday,7,46.04
2023-12-25,Monday,8,43.85
2023-12-25,Monday,9,71.19
2023-12-25,Monday,10,87.93
2023-12-25,Monday,11,77.1
2023-12-25,Monday,12,73.07
2023-12-25,Monday,13,75.69
2023-12-25,Monday,14,72.89
2023-12-25,Monday,15,88.76
2023-12-25,Monday,16,67.46
2023-12-25,Monday,17,47.69
2023-12-25,Monday,18,48.62
2023-12-25,Monday,19,51.75
2023-12-25,Monday,20,50.66
2023-12-25,Monday,21,29.67
2023-12-25,Monday,22,29.98
2023-12-25,Monday,23,28.04
2023-12-26,Tuesday,0,22.01
2023-12-26,Tuesday,1,26.45
2023-12-26,Tuesday,2,26.39
2023-12-26,Tuesday,3,28.17
2023-12-26,Tuesday,4,23.42
2023-12-26,Tuesday,5,26.39
2023-12-26,Tuesday,6,44.15
2023-12-26,Tuesday,7,48.57
2023-12-26,Tuesday,8,48.07
2023-12-26,Tuesday,9,76.06
2023-12-26,Tuesday,10,73.3
2023-12-26,Tuesday,11,79.8
2023-12-26,Tuesday,12,73.23
2023-12-26,Tuesday,13,66.58
2023-12-26,Tuesday,14,73.36
2023-12-26,Tuesday,15,78.56
2023-12-26,Tuesday,16,87.58
2023-12-26,Tuesday,17,53.44
2023-12-26,Tuesday,18,46.66
2023-12-26,Tuesday,19,46.5
2023-12-26,Tuesday,20,53.82
2023-12-26,Tuesday,21,27.73
2023-12-26,Tuesday,22,31.02
2023-12-26,Tuesday,23,28.77
2023-12-27,Wednesday,0,28.23
2023-12-27,Wednesday,1,23.46
2023-12-27,Wednesday,2,27.29
2023-12-27,Wednesday,3,25.37
2023-12-27,Wednesday,4,25.5
2023-12-27,Wednesday,5,21.06
2023-12-27,Wednesday,6,38.39
2023-12-27,Wednesday,7,44.34
2023-12-27,Wednesday,8,45.74
2023-12-27,Wednesday,9,69.37
2023-12-27,Wednesday,10,69.56
2023-12-27,Wednesday,11,77.81
2023-12-27,Wednesday,12,72.81
2023-12-27,Wednesday,13,69.31
2023-12-27,Wednesday,14,83.9
2023-12-27,Wednesday,15,74.13
2023-12-27,Wednesday,16,78.22
2023-12-27,Wednesday,17,54.94
2023-12-27,Wednesday,18,50.2
2023-12-27,Wednesday,19,50.38
2023-12-27,Wednesday,20,56.92
2023-12-27,Wednesday,21,27.2
2023-12-27,Wednesday,22,31.59
2023-12-27,Wednesday,23,33.33
2023-12-28,Thursday,0,24.35
2023-12-28,Thursday,1,26.72
2023-12-28,Thursday,2,23.04
2023-12-28,Thursday,3,23.63
2023-12-28,Thursday,4,25.77
2023-12-28,Thursday,5,26.6
2023-12-28,Thursday,6,48.36
2023-12-28,Thursday,7,49.71
2023-12-28,Thursday,8,44.8
2023-12-28,Thursday,9,80.97
2023-12-28,Thursday,10,73.29
2023-12-28,Thursday,11,79.51
2023-12-28,Thursday,12,71.04
2023-12-28,Thursday,13,72.23
2023-12-28,Thursday,14,82.12
2023-12-28,Thursday,15,71.98
2023-12-28,Thursday,16,74.38
2023-12-28,Thursday,17,50.31
2023-12-28,Thursday,18,44.94
2023-12-28,Thursday,19,52.49
2023-12-28,Thursday,20,52.61
2023-12-28,Thursday,21,30.65
2023-12-28,Thursday,22,27.76
2023-12-28,Thursday,23,32.76
2023-12-29,Friday,0,29.07
2023-12-29,Friday,1,25.29
2023-12-29,Friday,2,26.02
2023-12-29,Friday,3,25.4
2023-12-29,Friday,4,26.06
2023-12-29,Friday,5,24.76
2023-12-29,Friday,6,44.9
2023-12-29,Friday,7,47.72
2023-12-29,Friday,8,52.04
2023-12-29,Friday,9,68.0
2023-12-29,Friday,10,74.48
2023-12-29,Friday,11,69.1
2023-12-29,Friday,12,77.96
2023-12-29,Friday,13,67.06
2023-12-29,Friday,14,72.78
2023-12-29,Friday,15,83.19
2023-12-29,Friday,16,88.72
2023-12-29,Friday,17,51.99
2023-12-29,Friday,18,50.61
2023-12-29,Friday,19,51.23
2023-12-29,Friday,20,54.24
2023-12-29,Friday,21,28.25
2023-12-29,Friday,22,29.78
2023-12-29,Friday,23,29.09
2023-12-30,Saturday,0,12.66
2023-12-30,Saturday,1,14.34
2023-12-30,Saturday,2,17.22
2023-12-30,Saturday,3,16.13
2023-12-30,Saturday,4,16.29
2023-12-30,Saturday,5,15.29
2023-12-30,Saturday,6,21.05
2023-12-30,Saturday,7,18.4
2023-12-30,Saturday,8,19.38
2023-12-30,Saturday,9,35.58
2023-12-30,Saturday,10,35.83
2023-12-30,Saturday,11,35.96
2023-12-30,Saturday,12,34.58
2023-12-30,Saturday,13,33.87
2023-12-30,Saturday,14,44.47
2023-12-30,Saturday,15,37.72
2023-12-30,Saturday,16,36.24
2023-12-30,Saturday,17,39.53
2023-12-30,Saturday,18,39.1
2023-12-30,Saturday,19,39.74
2023-12-30,Saturday,20,40.59
2023-12-30,Saturday,21,16.24
2023-12-30,Saturday,22,16.86
2023-12-30,Saturday,23,18.73
2023-12-31,Sunday,0,15.41
2023-12-31,Sunday,1,14.52
2023-12-31,Sunday,2,17.96
2023-12-31,Sunday,3,12.04
2023-12-31,Sunday,4,13.5
2023-12-31,Sunday,5,18.04
2023-12-31,Sunday,6,20.26
2023-12-31,Sunday,7,21.77
2023-12-31,Sunday,8,24.1
2023-12-31,Sunday,9,32.92
2023-12-31,Sunday,10,34.7
2023-12-31,Sunday,11,34.18
2023-12-31,Sunday,12,29.14
2023-12-31,Sunday,13,34.07
2023-12-31,Sunday,14,37.64
2023-12-31,Sunday,15,36.62
2023-12-31,Sunday,16,36.86
2023-12-31,Sunday,17,39.25
2023-12-31,Sunday,18,38.69
2023-12-31,Sunday,19,42.54
2023-12-31,Sunday,20,39.01
2023-12-31,Sunday,21,20.59
2023-12-31,Sunday,22,20.33
2023-12-31,Sunday,23,22.92
