date,hour,day_of_week,is_weekend,month,location,temperature,feels_like,humidity,wind_speed,weather,weather_factor,surge_count
2024-01-01,9,0,0,1,Cafeteria A,6.1,4.5,74.0,6.4,Rainy,0.75,2
2024-01-01,9,0,0,1,Food Court B,6.1,4.5,74.0,6.4,Rainy,0.75,2
2024-01-01,9,0,0,1,Restaurant C,6.1,4.5,74.0,6.4,Rainy,0.75,1
2024-01-01,9,0,0,1,Canteen D,6.1,4.5,74.0,6.4,Rainy,0.75,1
2024-01-01,10,0,0,1,Cafeteria A,6.1,4.5,74.0,6.4,Rainy,0.75,19
2024-01-01,10,0,0,1,Food Court B,6.1,4.5,74.0,6.4,Rainy,0.75,20
2024-01-01,10,0,0,1,Restaurant C,6.1,4.5,74.0,6.4,Rainy,0.75,13
2024-01-01,10,0,0,1,Canteen D,6.1,4.5,74.0,6.4,Rainy,0.75,15
2024-01-01,11,0,0,1,Cafeteria A,6.1,4.5,74.0,6.4,Rainy,0.75,69
2024-01-01,11,0,0,1,Food Court B,6.1,4.5,74.0,6.4,Rainy,0.75,86
2024-01-01,11,0,0,1,Restaurant C,6.1,4.5,74.0,6.4,Rainy,0.75,44
2024-01-01,11,0,0,1,Canteen D,6.1,4.5,74.0,6.4,Rainy,0.75,55
2024-01-01,12,0,0,1,Cafeteria A,6.1,4.5,74.0,6.4,Rainy,0.75,150
2024-01-01,12,0,0,1,Food Court B,6.1,4.5,74.0,6.4,Rainy,0.75,184
2024-01-01,12,0,0,1,Restaurant C,6.1,4.5,74.0,6.4,Rainy,0.75,91
2024-01-01,12,0,0,1,Canteen D,6.1,4.5,74.0,6.4,Rainy,0.75,120
2024-01-01,13,0,0,1,Cafeteria A,6.1,4.5,74.0,6.4,Rainy,0.75,136
2024-01-01,13,0,0,1,Food Court B,6.1,4.5,74.0,6.4,Rainy,0.75,177
2024-01-01,13,0,0,1,Restaurant C,6.1,4.5,74.0,6.4,Rainy,0.75,93
2024-01-01,13,0,0,1,Canteen D,6.1,4.5,74.0,6.4,Rainy,0.75,116
2024-01-01,14,0,0,1,Cafeteria A,6.1,4.5,74.0,6.4,Rainy,0.75,79
2024-01-01,14,0,0,1,Food Court B,6.1,4.5,74.0,6.4,Rainy,0.75,86
2024-01-01,14,0,0,1,Restaurant C,6.1,4.5,74.0,6.4,Rainy,0.75,48
2024-01-01,14,0,0,1,Canteen D,6.1,4.5,74.0,6.4,Rainy,0.75,60
2024-01-01,15,0,0,1,Cafeteria A,6.1,4.5,74.0,6.4,Rainy,0.75,16
2024-01-01,15,0,0,1,Food Court B,6.1,4.5,74.0,6.4,Rainy,0.75,23
2024-01-01,15,0,0,1,Restaurant C,6.1,4.5,74.0,6.4,Rainy,0.75,11
2024-01-01,15,0,0,1,Canteen D,6.1,4.5,74.0,6.4,Rainy,0.75,13
2024-01-02,9,1,0,1,Cafeteria A,2.8,2.0,85.3,9.0,Sunny,1.3,3
2024-01-02,9,1,0,1,Food Court B,2.8,2.0,85.3,9.0,Sunny,1.3,4
2024-01-02,9,1,0,1,Restaurant C,2.8,2.0,85.3,9.0,Sunny,1.3,2
2024-01-02,9,1,0,1,Canteen D,2.8,2.0,85.3,9.0,Sunny,1.3,3
2024-01-02,10,1,0,1,Cafeteria A,2.8,2.0,85.3,9.0,Sunny,1.3,28
2024-01-02,10,1,0,1,Food Court B,2.8,2.0,85.3,9.0,Sunny,1.3,39
2024-01-02,10,1,0,1,Restaurant C,2.8,2.0,85.3,9.0,Sunny,1.3,18
2024-01-02,10,1,0,1,Canteen D,2.8,2.0,85.3,9.0,Sunny,1.3,23
2024-01-02,11,1,0,1,Cafeteria A,2.8,2.0,85.3,9.0,Sunny,1.3,122
2024-01-02,11,1,0,1,Food Court B,2.8,2.0,85.3,9.0,Sunny,1.3,139
2024-01-02,11,1,0,1,Restaurant C,2.8,2.0,85.3,9.0,Sunny,1.3,86
2024-01-02,11,1,0,1,Canteen D,2.8,2.0,85.3,9.0,Sunny,1.3,101
2024-01-02,12,1,0,1,Cafeteria A,2.8,2.0,85.3,9.0,Sunny,1.3,267
2024-01-02,12,1,0,1,Food Court B,2.8,2.0,85.3,9.0,Sunny,1.3,331
2024-01-02,12,1,0,1,Restaurant C,2.8,2.0,85.3,9.0,Sunny,1.3,159
2024-01-02,12,1,0,1,Canteen D,2.8,2.0,85.3,9.0,Sunny,1.3,209
2024-01-02,13,1,0,1,Cafeteria A,2.8,2.0,85.3,9.0,Sunny,1.3,218
2024-01-02,13,1,0,1,Food Court B,2.8,2.0,85.3,9.0,Sunny,1.3,280
2024-01-02,13,1,0,1,Restaurant C,2.8,2.0,85.3,9.0,Sunny,1.3,138
2024-01-02,13,1,0,1,Canteen D,2.8,2.0,85.3,9.0,Sunny,1.3,182
2024-01-02,14,1,0,1,Cafeteria A,2.8,2.0,85.3,9.0,Sunny,1.3,117
2024-01-02,14,1,0,1,Food Court B,2.8,2.0,85.3,9.0,Sunny,1.3,142
2024-01-02,14,1,0,1,Restaurant C,2.8,2.0,85.3,9.0,Sunny,1.3,83
2024-01-02,14,1,0,1,Canteen D,2.8,2.0,85.3,9.0,Sunny,1.3,91
2024-01-02,15,1,0,1,Cafeteria A,2.8,2.0,85.3,9.0,Sunny,1.3,28
2024-01-02,15,1,0,1,Food Court B,2.8,2.0,85.3,9.0,Sunny,1.3,38
2024-01-02,15,1,0,1,Restaurant C,2.8,2.0,85.3,9.0,Sunny,1.3,17
2024-01-02,15,1,0,1,Canteen D,2.8,2.0,85.3,9.0,Sunny,1.3,25
2024-01-03,9,2,0,1,Cafeteria A,2.6,-1.0,82.8,14.9,Sunny,1.3,3
2024-01-03,9,2,0,1,Food Court B,2.6,-1.0,82.8,14.9,Sunny,1.3,4
2024-01-03,9,2,0,1,Restaurant C,2.6,-1.0,82.8,14.9,Sunny,1.3,2
2024-01-03,9,2,0,1,Canteen D,2.6,-1.0,82.8,14.9,Sunny,1.3,2
2024-01-03,10,2,0,1,Cafeteria A,2.6,-1.0,82.8,14.9,Sunny,1.3,27
2024-01-03,10,2,0,1,Food Court B,2.6,-1.0,82.8,14.9,Sunny,1.3,40
2024-01-03,10,2,0,1,Restaurant C,2.6,-1.0,82.8,14.9,Sunny,1.3,19
2024-01-03,10,2,0,1,Canteen D,2.6,-1.0,82.8,14.9,Sunny,1.3,22
2024-01-03,11,2,0,1,Cafeteria A,2.6,-1.0,82.8,14.9,Sunny,1.3,107
2024-01-03,11,2,0,1,Food Court B,2.6,-1.0,82.8,14.9,Sunny,1.3,143
2024-01-03,11,2,0,1,Restaurant C,2.6,-1.0,82.8,14.9,Sunny,1.3,74
2024-01-03,11,2,0,1,Canteen D,2.6,-1.0,82.8,14.9,Sunny,1.3,99
2024-01-03,12,2,0,1,Cafeteria A,2.6,-1.0,82.8,14.9,Sunny,1.3,248
2024-01-03,12,2,0,1,Food Court B,2.6,-1.0,82.8,14.9,Sunny,1.3,328
2024-01-03,12,2,0,1,Restaurant C,2.6,-1.0,82.8,14.9,Sunny,1.3,153
2024-01-03,12,2,0,1,Canteen D,2.6,-1.0,82.8,14.9,Sunny,1.3,171
2024-01-03,13,2,0,1,Cafeteria A,2.6,-1.0,82.8,14.9,Sunny,1.3,253
2024-01-03,13,2,0,1,Food Court B,2.6,-1.0,82.8,14.9,Sunny,1.3,319
2024-01-03,13,2,0,1,Restaurant C,2.6,-1.0,82.8,14.9,Sunny,1.3,157
2024-01-03,13,2,0,1,Canteen D,2.6,-1.0,82.8,14.9,Sunny,1.3,201
2024-01-03,14,2,0,1,Cafeteria A,2.6,-1.0,82.8,14.9,Sunny,1.3,120
2024-01-03,14,2,0,1,Food Court B,2.6,-1.0,82.8,14.9,Sunny,1.3,151
2024-01-03,14,2,0,1,Restaurant C,2.6,-1.0,82.8,14.9,Sunny,1.3,75
2024-01-03,14,2,0,1,Canteen D,2.6,-1.0,82.8,14.9,Sunny,1.3,83
2024-01-03,15,2,0,1,Cafeteria A,2.6,-1.0,82.8,14.9,Sunny,1.3,27
2024-01-03,15,2,0,1,Food Court B,2.6,-1.0,82.8,14.9,Sunny,1.3,33
2024-01-03,15,2,0,1,Restaurant C,2.6,-1.0,82.8,14.9,Sunny,1.3,19
2024-01-03,15,2,0,1,Canteen D,2.6,-1.0,82.8,14.9,Sunny,1.3,22
2024-01-04,9,3,0,1,Cafeteria A,7.3,1.0,74.3,19.4,Sunny,1.3,3
2024-01-04,9,3,0,1,Food Court B,7.3,1.0,74.3,19.4,Sunny,1.3,4
2024-01-04,9,3,0,1,Restaurant C,7.3,1.0,74.3,19.4,Sunny,1.3,2
2024-01-04,9,3,0,1,Canteen D,7.3,1.0,74.3,19.4,Sunny,1.3,2
2024-01-04,10,3,0,1,Cafeteria A,7.3,1.0,74.3,19.4,Sunny,1.3,36
2024-01-04,10,3,0,1,Food Court B,7.3,1.0,74.3,19.4,Sunny,1.3,44
2024-01-04,10,3,0,1,Restaurant C,7.3,1.0,74.3,19.4,Sunny,1.3,21
2024-01-04,10,3,0,1,Canteen D,7.3,1.0,74.3,19.4,Sunny,1.3,28
2024-01-04,11,3,0,1,Cafeteria A,7.3,1.0,74.3,19.4,Sunny,1.3,142
2024-01-04,11,3,0,1,Food Court B,7.3,1.0,74.3,19.4,Sunny,1.3,153
2024-01-04,11,3,0,1,Restaurant C,7.3,1.0,74.3,19.4,Sunny,1.3,93
2024-01-04,11,3,0,1,Canteen D,7.3,1.0,74.3,19.4,Sunny,1.3,105
2024-01-04,12,3,0,1,Cafeteria A,7.3,1.0,74.3,19.4,Sunny,1.3,285
2024-01-04,12,3,0,1,Food Court B,7.3,1.0,74.3,19.4,Sunny,1.3,364
2024-01-04,12,3,0,1,Restaurant C,7.3,1.0,74.3,19.4,Sunny,1.3,163
2024-01-04,12,3,0,1,Canteen D,7.3,1.0,74.3,19.4,Sunny,1.3,189
2024-01-04,13,3,0,1,Cafeteria A,7.3,1.0,74.3,19.4,Sunny,1.3,248
2024-01-04,13,3,0,1,Food Court B,7.3,1.0,74.3,19.4,Sunny,1.3,326
2024-01-04,13,3,0,1,Restaurant C,7.3,1.0,74.3,19.4,Sunny,1.3,184
2024-01-04,13,3,0,1,Canteen D,7.3,1.0,74.3,19.4,Sunny,1.3,227
2024-01-04,14,3,0,1,Cafeteria A,7.3,1.0,74.3,19.4,Sunny,1.3,117
2024-01-04,14,3,0,1,Food Court B,7.3,1.0,74.3,19.4,Sunny,1.3,166
2024-01-04,14,3,0,1,Restaurant C,7.3,1.0,74.3,19.4,Sunny,1.3,83
2024-01-04,14,3,0,1,Canteen D,7.3,1.0,74.3,19.4,Sunny,1.3,97
2024-01-04,15,3,0,1,Cafeteria A,7.3,1.0,74.3,19.4,Sunny,1.3,30
2024-01-04,15,3,0,1,Food Court B,7.3,1.0,74.3,19.4,Sunny,1.3,39
2024-01-04,15,3,0,1,Restaurant C,7.3,1.0,74.3,19.4,Sunny,1.3,23
2024-01-04,15,3,0,1,Canteen D,7.3,1.0,74.3,19.4,Sunny,1.3,24
2024-01-05,9,4,0,1,Cafeteria A,10.3,5.0,73.2,11.9,Cloudy,1.0,3
2024-01-05,9,4,0,1,Food Court B,10.3,5.0,73.2,11.9,Cloudy,1.0,3
2024-01-05,9,4,0,1,Restaurant C,10.3,5.0,73.2,11.9,Cloudy,1.0,1
2024-01-05,9,4,0,1,Canteen D,10.3,5.0,73.2,11.9,Cloudy,1.0,2
2024-01-05,10,4,0,1,Cafeteria A,10.3,5.0,73.2,11.9,Cloudy,1.0,27
2024-01-05,10,4,0,1,Food Court B,10.3,5.0,73.2,11.9,Cloudy,1.0,30
2024-01-05,10,4,0,1,Restaurant C,10.3,5.0,73.2,11.9,Cloudy,1.0,16
2024-01-05,10,4,0,1,Canteen D,10.3,5.0,73.2,11.9,Cloudy,1.0,23
2024-01-05,11,4,0,1,Cafeteria A,10.3,5.0,73.2,11.9,Cloudy,1.0,101
2024-01-05,11,4,0,1,Food Court B,10.3,5.0,73.2,11.9,Cloudy,1.0,123
2024-01-05,11,4,0,1,Restaurant C,10.3,5.0,73.2,11.9,Cloudy,1.0,69
2024-01-05,11,4,0,1,Canteen D,10.3,5.0,73.2,11.9,Cloudy,1.0,94
2024-01-05,12,4,0,1,Cafeteria A,10.3,5.0,73.2,11.9,Cloudy,1.0,203
2024-01-05,12,4,0,1,Food Court B,10.3,5.0,73.2,11.9,Cloudy,1.0,282
2024-01-05,12,4,0,1,Restaurant C,10.3,5.0,73.2,11.9,Cloudy,1.0,148
2024-01-05,12,4,0,1,Canteen D,10.3,5.0,73.2,11.9,Cloudy,1.0,159
2024-01-05,13,4,0,1,Cafeteria A,10.3,5.0,73.2,11.9,Cloudy,1.0,228
2024-01-05,13,4,0,1,Food Court B,10.3,5.0,73.2,11.9,Cloudy,1.0,262
2024-01-05,13,4,0,1,Restaurant C,10.3,5.0,73.2,11.9,Cloudy,1.0,143
2024-01-05,13,4,0,1,Canteen D,10.3,5.0,73.2,11.9,Cloudy,1.0,175
2024-01-05,14,4,0,1,Cafeteria A,10.3,5.0,73.2,11.9,Cloudy,1.0,109
2024-01-05,14,4,0,1,Food Court B,10.3,5.0,73.2,11.9,Cloudy,1.0,121
2024-01-05,14,4,0,1,Restaurant C,10.3,5.0,73.2,11.9,Cloudy,1.0,75
2024-01-05,14,4,0,1,Canteen D,10.3,5.0,73.2,11.9,Cloudy,1.0,81
2024-01-05,15,4,0,1,Cafeteria A,10.3,5.0,73.2,11.9,Cloudy,1.0,24
2024-01-05,15,4,0,1,Food Court B,10.3,5.0,73.2,11.9,Cloudy,1.0,30
2024-01-05,15,4,0,1,Restaurant C,10.3,5.0,73.2,11.9,Cloudy,1.0,17
2024-01-05,15,4,0,1,Canteen D,10.3,5.0,73.2,11.9,Cloudy,1.0,22
2024-01-06,9,5,1,1,Cafeteria A,4.6,3.1,73.4,6.7,Cloudy,1.0,1
2024-01-06,9,5,1,1,Food Court B,4.6,3.1,73.4,6.7,Cloudy,1.0,1
2024-01-06,9,5,1,1,Restaurant C,4.6,3.1,73.4,6.7,Cloudy,1.0,0
2024-01-06,9,5,1,1,Canteen D,4.6,3.1,73.4,6.7,Cloudy,1.0,0
2024-01-06,10,5,1,1,Cafeteria A,4.6,3.1,73.4,6.7,Cloudy,1.0,9
2024-01-06,10,5,1,1,Food Court B,4.6,3.1,73.4,6.7,Cloudy,1.0,10
2024-01-06,10,5,1,1,Restaurant C,4.6,3.1,73.4,6.7,Cloudy,1.0,6
2024-01-06,10,5,1,1,Canteen D,4.6,3.1,73.4,6.7,Cloudy,1.0,8
2024-01-06,11,5,1,1,Cafeteria A,4.6,3.1,73.4,6.7,Cloudy,1.0,36
2024-01-06,11,5,1,1,Food Court B,4.6,3.1,73.4,6.7,Cloudy,1.0,50
2024-01-06,11,5,1,1,Restaurant C,4.6,3.1,73.4,6.7,Cloudy,1.0,26
2024-01-06,11,5,1,1,Canteen D,4.6,3.1,73.4,6.7,Cloudy,1.0,30
2024-01-06,12,5,1,1,Cafeteria A,4.6,3.1,73.4,6.7,Cloudy,1.0,77
2024-01-06,12,5,1,1,Food Court B,4.6,3.1,73.4,6.7,Cloudy,1.0,90
2024-01-06,12,5,1,1,Restaurant C,4.6,3.1,73.4,6.7,Cloudy,1.0,44
2024-01-06,12,5,1,1,Canteen D,4.6,3.1,73.4,6.7,Cloudy,1.0,66
2024-01-06,13,5,1,1,Cafeteria A,4.6,3.1,73.4,6.7,Cloudy,1.0,84
2024-01-06,13,5,1,1,Food Court B,4.6,3.1,73.4,6.7,Cloudy,1.0,99
2024-01-06,13,5,1,1,Restaurant C,4.6,3.1,73.4,6.7,Cloudy,1.0,47
2024-01-06,13,5,1,1,Canteen D,4.6,3.1,73.4,6.7,Cloudy,1.0,58
2024-01-06,14,5,1,1,Cafeteria A,4.6,3.1,73.4,6.7,Cloudy,1.0,40
2024-01-06,14,5,1,1,Food Court B,4.6,3.1,73.4,6.7,Cloudy,1.0,52
2024-01-06,14,5,1,1,Restaurant C,4.6,3.1,73.4,6.7,Cloudy,1.0,27
2024-01-06,14,5,1,1,Canteen D,4.6,3.1,73.4,6.7,Cloudy,1.0,32
2024-01-06,15,5,1,1,Cafeteria A,4.6,3.1,73.4,6.7,Cloudy,1.0,9
2024-01-06,15,5,1,1,Food Court B,4.6,3.1,73.4,6.7,Cloudy,1.0,10
2024-01-06,15,5,1,1,Restaurant C,4.6,3.1,73.4,6.7,Cloudy,1.0,5
2024-01-06,15,5,1,1,Canteen D,4.6,3.1,73.4,6.7,Cloudy,1.0,8
2024-01-07,9,6,1,1,Cafeteria A,5.5,0.4,69.9,12.9,Sunny,1.3,1
2024-01-07,9,6,1,1,Food Court B,5.5,0.4,69.9,12.9,Sunny,1.3,2
2024-01-07,9,6,1,1,Restaurant C,5.5,0.4,69.9,12.9,Sunny,1.3,0
2024-01-07,9,6,1,1,Canteen D,5.5,0.4,69.9,12.9,Sunny,1.3,1
2024-01-07,10,6,1,1,Cafeteria A,5.5,0.4,69.9,12.9,Sunny,1.3,11
2024-01-07,10,6,1,1,Food Court B,5.5,0.4,69.9,12.9,Sunny,1.3,15
2024-01-07,10,6,1,1,Restaurant C,5.5,0.4,69.9,12.9,Sunny,1.3,8
2024-01-07,10,6,1,1,Canteen D,5.5,0.4,69.9,12.9,Sunny,1.3,10
2024-01-07,11,6,1,1,Cafeteria A,5.5,0.4,69.9,12.9,Sunny,1.3,55
2024-01-07,11,6,1,1,Food Court B,5.5,0.4,69.9,12.9,Sunny,1.3,66
2024-01-07,11,6,1,1,Restaurant C,5.5,0.4,69.9,12.9,Sunny,1.3,33
2024-01-07,11,6,1,1,Canteen D,5.5,0.4,69.9,12.9,Sunny,1.3,36
2024-01-07,12,6,1,1,Cafeteria A,5.5,0.4,69.9,12.9,Sunny,1.3,99
2024-01-07,12,6,1,1,Food Court B,5.5,0.4,69.9,12.9,Sunny,1.3,120
2024-01-07,12,6,1,1,Restaurant C,5.5,0.4,69.9,12.9,Sunny,1.3,61
2024-01-07,12,6,1,1,Canteen D,5.5,0.4,69.9,12.9,Sunny,1.3,89
2024-01-07,13,6,1,1,Cafeteria A,5.5,0.4,69.9,12.9,Sunny,1.3,99
2024-01-07,13,6,1,1,Food Court B,5.5,0.4,69.9,12.9,Sunny,1.3,140
2024-01-07,13,6,1,1,Restaurant C,5.5,0.4,69.9,12.9,Sunny,1.3,67
2024-01-07,13,6,1,1,Canteen D,5.5,0.4,69.9,12.9,Sunny,1.3,86
2024-01-07,14,6,1,1,Cafeteria A,5.5,0.4,69.9,12.9,Sunny,1.3,51
2024-01-07,14,6,1,1,Food Court B,5.5,0.4,69.9,12.9,Sunny,1.3,65
2024-01-07,14,6,1,1,Restaurant C,5.5,0.4,69.9,12.9,Sunny,1.3,32
2024-01-07,14,6,1,1,Canteen D,5.5,0.4,69.9,12.9,Sunny,1.3,37
2024-01-07,15,6,1,1,Cafeteria A,5.5,0.4,69.9,12.9,Sunny,1.3,13
2024-01-07,15,6,1,1,Food Court B,5.5,0.4,69.9,12.9,Sunny,1.3,15
2024-01-07,15,6,1,1,Restaurant C,5.5,0.4,69.9,12.9,Sunny,1.3,7
2024-01-07,15,6,1,1,Canteen D,5.5,0.4,69.9,12.9,Sunny,1.3,10
2024-01-08,9,0,0,1,Cafeteria A,4.2,0.4,82.5,7.8,Snowy,0.6,1
2024-01-08,9,0,0,1,Food Court B,4.2,0.4,82.5,7.8,Snowy,0.6,2
2024-01-08,9,0,0,1,Restaurant C,4.2,0.4,82.5,7.8,Snowy,0.6,1
2024-01-08,9,0,0,1,Canteen D,4.2,0.4,82.5,7.8,Snowy,0.6,1
2024-01-08,10,0,0,1,Cafeteria A,4.2,0.4,82.5,7.8,Snowy,0.6,15
2024-01-08,10,0,0,1,Food Court B,4.2,0.4,82.5,7.8,Snowy,0.6,18
2024-01-08,10,0,0,1,Restaurant C,4.2,0.4,82.5,7.8,Snowy,0.6,9
2024-01-08,10,0,0,1,Canteen D,4.2,0.4,82.5,7.8,Snowy,0.6,10
2024-01-08,11,0,0,1,Cafeteria A,4.2,0.4,82.5,7.8,Snowy,0.6,59
2024-01-08,11,0,0,1,Food Court B,4.2,0.4,82.5,7.8,Snowy,0.6,80
2024-01-08,11,0,0,1,Restaurant C,4.2,0.4,82.5,7.8,Snowy,0.6,33
2024-01-08,11,0,0,1,Canteen D,4.2,0.4,82.5,7.8,Snowy,0.6,45
2024-01-08,12,0,0,1,Cafeteria A,4.2,0.4,82.5,7.8,Snowy,0.6,125
2024-01-08,12,0,0,1,Food Court B,4.2,0.4,82.5,7.8,Snowy,0.6,152
2024-01-08,12,0,0,1,Restaurant C,4.2,0.4,82.5,7.8,Snowy,0.6,77
2024-01-08,12,0,0,1,Canteen D,4.2,0.4,82.5,7.8,Snowy,0.6,94
2024-01-08,13,0,0,1,Cafeteria A,4.2,0.4,82.5,7.8,Snowy,0.6,111
2024-01-08,13,0,0,1,Food Court B,4.2,0.4,82.5,7.8,Snowy,0.6,136
2024-01-08,13,0,0,1,Restaurant C,4.2,0.4,82.5,7.8,Snowy,0.6,79
2024-01-08,13,0,0,1,Canteen D,4.2,0.4,82.5,7.8,Snowy,0.6,97
2024-01-08,14,0,0,1,Cafeteria A,4.2,0.4,82.5,7.8,Snowy,0.6,62
2024-01-08,14,0,0,1,Food Court B,4.2,0.4,82.5,7.8,Snowy,0.6,79
2024-01-08,14,0,0,1,Restaurant C,4.2,0.4,82.5,7.8,Snowy,0.6,37
2024-01-08,14,0,0,1,Canteen D,4.2,0.4,82.5,7.8,Snowy,0.6,45
2024-01-08,15,0,0,1,Cafeteria A,4.2,0.4,82.5,7.8,Snowy,0.6,15
2024-01-08,15,0,0,1,Food Court B,4.2,0.4,82.5,7.8,Snowy,0.6,18
2024-01-08,15,0,0,1,Restaurant C,4.2,0.4,82.5,7.8,Snowy,0.6,9
2024-01-08,15,0,0,1,Canteen D,4.2,0.4,82.5,7.8,Snowy,0.6,12
2024-01-09,9,1,0,1,Cafeteria A,3.7,-1.0,83.1,12.8,Rainy,0.75,1
2024-01-09,9,1,0,1,Food Court B,3.7,-1.0,83.1,12.8,Rainy,0.75,2
2024-01-09,9,1,0,1,Restaurant C,3.7,-1.0,83.1,12.8,Rainy,0.75,1
2024-01-09,9,1,0,1,Canteen D,3.7,-1.0,83.1,12.8,Rainy,0.75,1
2024-01-09,10,1,0,1,Cafeteria A,3.7,-1.0,83.1,12.8,Rainy,0.75,18
2024-01-09,10,1,0,1,Food Court B,3.7,-1.0,83.1,12.8,Rainy,0.75,19
2024-01-09,10,1,0,1,Restaurant C,3.7,-1.0,83.1,12.8,Rainy,0.75,10
2024-01-09,10,1,0,1,Canteen D,3.7,-1.0,83.1,12.8,Rainy,0.75,14
2024-01-09,11,1,0,1,Cafeteria A,3.7,-1.0,83.1,12.8,Rainy,0.75,68
2024-01-09,11,1,0,1,Food Court B,3.7,-1.0,83.1,12.8,Rainy,0.75,80
2024-01-09,11,1,0,1,Restaurant C,3.7,-1.0,83.1,12.8,Rainy,0.75,45
2024-01-09,11,1,0,1,Canteen D,3.7,-1.0,83.1,12.8,Rainy,0.75,59
2024-01-09,12,1,0,1,Cafeteria A,3.7,-1.0,83.1,12.8,Rainy,0.75,132
2024-01-09,12,1,0,1,Food Court B,3.7,-1.0,83.1,12.8,Rainy,0.75,183
2024-01-09,12,1,0,1,Restaurant C,3.7,-1.0,83.1,12.8,Rainy,0.75,82
2024-01-09,12,1,0,1,Canteen D,3.7,-1.0,83.1,12.8,Rainy,0.75,99
2024-01-09,13,1,0,1,Cafeteria A,3.7,-1.0,83.1,12.8,Rainy,0.75,143
2024-01-09,13,1,0,1,Food Court B,3.7,-1.0,83.1,12.8,Rainy,0.75,179
2024-01-09,13,1,0,1,Restaurant C,3.7,-1.0,83.1,12.8,Rainy,0.75,94
2024-01-09,13,1,0,1,Canteen D,3.7,-1.0,83.1,12.8,Rainy,0.75,117
2024-01-09,14,1,0,1,Cafeteria A,3.7,-1.0,83.1,12.8,Rainy,0.75,79
2024-01-09,14,1,0,1,Food Court B,3.7,-1.0,83.1,12.8,Rainy,0.75,89
2024-01-09,14,1,0,1,Restaurant C,3.7,-1.0,83.1,12.8,Rainy,0.75,43
2024-01-09,14,1,0,1,Canteen D,3.7,-1.0,83.1,12.8,Rainy,0.75,59
2024-01-09,15,1,0,1,Cafeteria A,3.7,-1.0,83.1,12.8,Rainy,0.75,16
2024-01-09,15,1,0,1,Food Court B,3.7,-1.0,83.1,12.8,Rainy,0.75,21
2024-01-09,15,1,0,1,Restaurant C,3.7,-1.0,83.1,12.8,Rainy,0.75,10
2024-01-09,15,1,0,1,Canteen D,3.7,-1.0,83.1,12.8,Rainy,0.75,12
2024-01-10,9,2,0,1,Cafeteria A,2.3,-1.2,91.5,9.6,Cloudy,1.0,2
2024-01-10,9,2,0,1,Food Court B,2.3,-1.2,91.5,9.6,Cloudy,1.0,3
2024-01-10,9,2,0,1,Restaurant C,2.3,-1.2,91.5,9.6,Cloudy,1.0,1
2024-01-10,9,2,0,1,Canteen D,2.3,-1.2,91.5,9.6,Cloudy,1.0,2
2024-01-10,10,2,0,1,Cafeteria A,2.3,-1.2,91.5,9.6,Cloudy,1.0,25
2024-01-10,10,2,0,1,Food Court B,2.3,-1.2,91.5,9.6,Cloudy,1.0,30
2024-01-10,10,2,0,1,Restaurant C,2.3,-1.2,91.5,9.6,Cloudy,1.0,14
2024-01-10,10,2,0,1,Canteen D,2.3,-1.2,91.5,9.6,Cloudy,1.0,18
2024-01-10,11,2,0,1,Cafeteria A,2.3,-1.2,91.5,9.6,Cloudy,1.0,90
2024-01-10,11,2,0,1,Food Court B,2.3,-1.2,91.5,9.6,Cloudy,1.0,107
2024-01-10,11,2,0,1,Restaurant C,2.3,-1.2,91.5,9.6,Cloudy,1.0,57
2024-01-10,11,2,0,1,Canteen D,2.3,-1.2,91.5,9.6,Cloudy,1.0,76
2024-01-10,12,2,0,1,Cafeteria A,2.3,-1.2,91.5,9.6,Cloudy,1.0,162
2024-01-10,12,2,0,1,Food Court B,2.3,-1.2,91.5,9.6,Cloudy,1.0,208
2024-01-10,12,2,0,1,Restaurant C,2.3,-1.2,91.5,9.6,Cloudy,1.0,105
2024-01-10,12,2,0,1,Canteen D,2.3,-1.2,91.5,9.6,Cloudy,1.0,128
2024-01-10,13,2,0,1,Cafeteria A,2.3,-1.2,91.5,9.6,Cloudy,1.0,199
2024-01-10,13,2,0,1,Food Court B,2.3,-1.2,91.5,9.6,Cloudy,1.0,241
2024-01-10,13,2,0,1,Restaurant C,2.3,-1.2,91.5,9.6,Cloudy,1.0,117
2024-01-10,13,2,0,1,Canteen D,2.3,-1.2,91.5,9.6,Cloudy,1.0,130
2024-01-10,14,2,0,1,Cafeteria A,2.3,-1.2,91.5,9.6,Cloudy,1.0,91
2024-01-10,14,2,0,1,Food Court B,2.3,-1.2,91.5,9.6,Cloudy,1.0,114
2024-01-10,14,2,0,1,Restaurant C,2.3,-1.2,91.5,9.6,Cloudy,1.0,54
2024-01-10,14,2,0,1,Canteen D,2.3,-1.2,91.5,9.6,Cloudy,1.0,71
2024-01-10,15,2,0,1,Cafeteria A,2.3,-1.2,91.5,9.6,Cloudy,1.0,22
2024-01-10,15,2,0,1,Food Court B,2.3,-1.2,91.5,9.6,Cloudy,1.0,29
2024-01-10,15,2,0,1,Restaurant C,2.3,-1.2,91.5,9.6,Cloudy,1.0,15
2024-01-10,15,2,0,1,Canteen D,2.3,-1.2,91.5,9.6,Cloudy,1.0,16
2024-01-11,9,3,0,1,Cafeteria A,8.9,5.6,61.4,14.0,Cloudy,1.0,3
2024-01-11,9,3,0,1,Food Court B,8.9,5.6,61.4,14.0,Cloudy,1.0,3
2024-01-11,9,3,0,1,Restaurant C,8.9,5.6,61.4,14.0,Cloudy,1.0,2
2024-01-11,9,3,0,1,Canteen D,8.9,5.6,61.4,14.0,Cloudy,1.0,2
2024-01-11,10,3,0,1,Cafeteria A,8.9,5.6,61.4,14.0,Cloudy,1.0,26
2024-01-11,10,3,0,1,Food Court B,8.9,5.6,61.4,14.0,Cloudy,1.0,36
2024-01-11,10,3,0,1,Restaurant C,8.9,5.6,61.4,14.0,Cloudy,1.0,17
2024-01-11,10,3,0,1,Canteen D,8.9,5.6,61.4,14.0,Cloudy,1.0,20
2024-01-11,11,3,0,1,Cafeteria A,8.9,5.6,61.4,14.0,Cloudy,1.0,109
2024-01-11,11,3,0,1,Food Court B,8.9,5.6,61.4,14.0,Cloudy,1.0,130
2024-01-11,11,3,0,1,Restaurant C,8.9,5.6,61.4,14.0,Cloudy,1.0,68
2024-01-11,11,3,0,1,Canteen D,8.9,5.6,61.4,14.0,Cloudy,1.0,91
2024-01-11,12,3,0,1,Cafeteria A,8.9,5.6,61.4,14.0,Cloudy,1.0,205
2024-01-11,12,3,0,1,Food Court B,8.9,5.6,61.4,14.0,Cloudy,1.0,293
2024-01-11,12,3,0,1,Restaurant C,8.9,5.6,61.4,14.0,Cloudy,1.0,149
2024-01-11,12,3,0,1,Canteen D,8.9,5.6,61.4,14.0,Cloudy,1.0,153
2024-01-11,13,3,0,1,Cafeteria A,8.9,5.6,61.4,14.0,Cloudy,1.0,189
2024-01-11,13,3,0,1,Food Court B,8.9,5.6,61.4,14.0,Cloudy,1.0,238
2024-01-11,13,3,0,1,Restaurant C,8.9,5.6,61.4,14.0,Cloudy,1.0,120
2024-01-11,13,3,0,1,Canteen D,8.9,5.6,61.4,14.0,Cloudy,1.0,149
2024-01-11,14,3,0,1,Cafeteria A,8.9,5.6,61.4,14.0,Cloudy,1.0,110
2024-01-11,14,3,0,1,Food Court B,8.9,5.6,61.4,14.0,Cloudy,1.0,118
2024-01-11,14,3,0,1,Restaurant C,8.9,5.6,61.4,14.0,Cloudy,1.0,64
2024-01-11,14,3,0,1,Canteen D,8.9,5.6,61.4,14.0,Cloudy,1.0,89
2024-01-11,15,3,0,1,Cafeteria A,8.9,5.6,61.4,14.0,Cloudy,1.0,23
2024-01-11,15,3,0,1,Food Court B,8.9,5.6,61.4,14.0,Cloudy,1.0,35
2024-01-11,15,3,0,1,Restaurant C,8.9,5.6,61.4,14.0,Cloudy,1.0,16
2024-01-11,15,3,0,1,Canteen D,8.9,5.6,61.4,14.0,Cloudy,1.0,18
2024-01-12,9,4,0,1,Cafeteria A,7.5,3.3,85.6,16.1,Windy,0.85,2
2024-01-12,9,4,0,1,Food Court B,7.5,3.3,85.6,16.1,Windy,0.85,3
2024-01-12,9,4,0,1,Restaurant C,7.5,3.3,85.6,16.1,Windy,0.85,1
2024-01-12,9,4,0,1,Canteen D,7.5,3.3,85.6,16.1,Windy,0.85,2
2024-01-12,10,4,0,1,Cafeteria A,7.5,3.3,85.6,16.1,Windy,0.85,24
2024-01-12,10,4,0,1,Food Court B,7.5,3.3,85.6,16.1,Windy,0.85,26
2024-01-12,10,4,0,1,Restaurant C,7.5,3.3,85.6,16.1,Windy,0.85,13
2024-01-12,10,4,0,1,Canteen D,7.5,3.3,85.6,16.1,Windy,0.85,18
2024-01-12,11,4,0,1,Cafeteria A,7.5,3.3,85.6,16.1,Windy,0.85,83
2024-01-12,11,4,0,1,Food Court B,7.5,3.3,85.6,16.1,Windy,0.85,120
2024-01-12,11,4,0,1,Restaurant C,7.5,3.3,85.6,16.1,Windy,0.85,60
2024-01-12,11,4,0,1,Canteen D,7.5,3.3,85.6,16.1,Windy,0.85,67
2024-01-12,12,4,0,1,Cafeteria A,7.5,3.3,85.6,16.1,Windy,0.85,184
2024-01-12,12,4,0,1,Food Court B,7.5,3.3,85.6,16.1,Windy,0.85,231
2024-01-12,12,4,0,1,Restaurant C,7.5,3.3,85.6,16.1,Windy,0.85,101
2024-01-12,12,4,0,1,Canteen D,7.5,3.3,85.6,16.1,Windy,0.85,150
2024-01-12,13,4,0,1,Cafeteria A,7.5,3.3,85.6,16.1,Windy,0.85,174
2024-01-12,13,4,0,1,Food Court B,7.5,3.3,85.6,16.1,Windy,0.85,235
2024-01-12,13,4,0,1,Restaurant C,7.5,3.3,85.6,16.1,Windy,0.85,107
2024-01-12,13,4,0,1,Canteen D,7.5,3.3,85.6,16.1,Windy,0.85,150
2024-01-12,14,4,0,1,Cafeteria A,7.5,3.3,85.6,16.1,Windy,0.85,84
2024-01-12,14,4,0,1,Food Court B,7.5,3.3,85.6,16.1,Windy,0.85,96
2024-01-12,14,4,0,1,Restaurant C,7.5,3.3,85.6,16.1,Windy,0.85,61
2024-01-12,14,4,0,1,Canteen D,7.5,3.3,85.6,16.1,Windy,0.85,61
2024-01-12,15,4,0,1,Cafeteria A,7.5,3.3,85.6,16.1,Windy,0.85,20
2024-01-12,15,4,0,1,Food Court B,7.5,3.3,85.6,16.1,Windy,0.85,30
2024-01-12,15,4,0,1,Restaurant C,7.5,3.3,85.6,16.1,Windy,0.85,15
2024-01-12,15,4,0,1,Canteen D,7.5,3.3,85.6,16.1,Windy,0.85,17
2024-01-13,9,5,1,1,Cafeteria A,2.2,-4.5,95.0,18.0,Cloudy,1.0,1
2024-01-13,9,5,1,1,Food Court B,2.2,-4.5,95.0,18.0,Cloudy,1.0,1
2024-01-13,9,5,1,1,Restaurant C,2.2,-4.5,95.0,18.0,Cloudy,1.0,0
2024-01-13,9,5,1,1,Canteen D,2.2,-4.5,95.0,18.0,Cloudy,1.0,0
2024-01-13,10,5,1,1,Cafeteria A,2.2,-4.5,95.0,18.0,Cloudy,1.0,9
2024-01-13,10,5,1,1,Food Court B,2.2,-4.5,95.0,18.0,Cloudy,1.0,10
2024-01-13,10,5,1,1,Restaurant C,2.2,-4.5,95.0,18.0,Cloudy,1.0,5
2024-01-13,10,5,1,1,Canteen D,2.2,-4.5,95.0,18.0,Cloudy,1.0,7
2024-01-13,11,5,1,1,Cafeteria A,2.2,-4.5,95.0,18.0,Cloudy,1.0,40
2024-01-13,11,5,1,1,Food Court B,2.2,-4.5,95.0,18.0,Cloudy,1.0,44
2024-01-13,11,5,1,1,Restaurant C,2.2,-4.5,95.0,18.0,Cloudy,1.0,21
2024-01-13,11,5,1,1,Canteen D,2.2,-4.5,95.0,18.0,Cloudy,1.0,26
2024-01-13,12,5,1,1,Cafeteria A,2.2,-4.5,95.0,18.0,Cloudy,1.0,77
2024-01-13,12,5,1,1,Food Court B,2.2,-4.5,95.0,18.0,Cloudy,1.0,94
2024-01-13,12,5,1,1,Restaurant C,2.2,-4.5,95.0,18.0,Cloudy,1.0,42
2024-01-13,12,5,1,1,Canteen D,2.2,-4.5,95.0,18.0,Cloudy,1.0,51
2024-01-13,13,5,1,1,Cafeteria A,2.2,-4.5,95.0,18.0,Cloudy,1.0,76
2024-01-13,13,5,1,1,Food Court B,2.2,-4.5,95.0,18.0,Cloudy,1.0,82
2024-01-13,13,5,1,1,Restaurant C,2.2,-4.5,95.0,18.0,Cloudy,1.0,50
2024-01-13,13,5,1,1,Canteen D,2.2,-4.5,95.0,18.0,Cloudy,1.0,60
2024-01-13,14,5,1,1,Cafeteria A,2.2,-4.5,95.0,18.0,Cloudy,1.0,32
2024-01-13,14,5,1,1,Food Court B,2.2,-4.5,95.0,18.0,Cloudy,1.0,41
2024-01-13,14,5,1,1,Restaurant C,2.2,-4.5,95.0,18.0,Cloudy,1.0,26
2024-01-13,14,5,1,1,Canteen D,2.2,-4.5,95.0,18.0,Cloudy,1.0,27
2024-01-13,15,5,1,1,Cafeteria A,2.2,-4.5,95.0,18.0,Cloudy,1.0,8
2024-01-13,15,5,1,1,Food Court B,2.2,-4.5,95.0,18.0,Cloudy,1.0,12
2024-01-13,15,5,1,1,Restaurant C,2.2,-4.5,95.0,18.0,Cloudy,1.0,6
2024-01-13,15,5,1,1,Canteen D,2.2,-4.5,95.0,18.0,Cloudy,1.0,8
2024-01-14,9,6,1,1,Cafeteria A,2.6,0.0,88.8,13.6,Sunny,1.3,1
2024-01-14,9,6,1,1,Food Court B,2.6,0.0,88.8,13.6,Sunny,1.3,2
2024-01-14,9,6,1,1,Restaurant C,2.6,0.0,88.8,13.6,Sunny,1.3,0
2024-01-14,9,6,1,1,Canteen D,2.6,0.0,88.8,13.6,Sunny,1.3,1
2024-01-14,10,6,1,1,Cafeteria A,2.6,0.0,88.8,13.6,Sunny,1.3,10
2024-01-14,10,6,1,1,Food Court B,2.6,0.0,88.8,13.6,Sunny,1.3,14
2024-01-14,10,6,1,1,Restaurant C,2.6,0.0,88.8,13.6,Sunny,1.3,6
2024-01-14,10,6,1,1,Canteen D,2.6,0.0,88.8,13.6,Sunny,1.3,8
2024-01-14,11,6,1,1,Cafeteria A,2.6,0.0,88.8,13.6,Sunny,1.3,43
2024-01-14,11,6,1,1,Food Court B,2.6,0.0,88.8,13.6,Sunny,1.3,62
2024-01-14,11,6,1,1,Restaurant C,2.6,0.0,88.8,13.6,Sunny,1.3,32
2024-01-14,11,6,1,1,Canteen D,2.6,0.0,88.8,13.6,Sunny,1.3,38
2024-01-14,12,6,1,1,Cafeteria A,2.6,0.0,88.8,13.6,Sunny,1.3,107
2024-01-14,12,6,1,1,Food Court B,2.6,0.0,88.8,13.6,Sunny,1.3,116
2024-01-14,12,6,1,1,Restaurant C,2.6,0.0,88.8,13.6,Sunny,1.3,58
2024-01-14,12,6,1,1,Canteen D,2.6,0.0,88.8,13.6,Sunny,1.3,82
2024-01-14,13,6,1,1,Cafeteria A,2.6,0.0,88.8,13.6,Sunny,1.3,89
2024-01-14,13,6,1,1,Food Court B,2.6,0.0,88.8,13.6,Sunny,1.3,133
2024-01-14,13,6,1,1,Restaurant C,2.6,0.0,88.8,13.6,Sunny,1.3,54
2024-01-14,13,6,1,1,Canteen D,2.6,0.0,88.8,13.6,Sunny,1.3,84
2024-01-14,14,6,1,1,Cafeteria A,2.6,0.0,88.8,13.6,Sunny,1.3,42
2024-01-14,14,6,1,1,Food Court B,2.6,0.0,88.8,13.6,Sunny,1.3,65
2024-01-14,14,6,1,1,Restaurant C,2.6,0.0,88.8,13.6,Sunny,1.3,31
2024-01-14,14,6,1,1,Canteen D,2.6,0.0,88.8,13.6,Sunny,1.3,42
2024-01-14,15,6,1,1,Cafeteria A,2.6,0.0,88.8,13.6,Sunny,1.3,10
2024-01-14,15,6,1,1,Food Court B,2.6,0.0,88.8,13.6,Sunny,1.3,15
2024-01-14,15,6,1,1,Restaurant C,2.6,0.0,88.8,13.6,Sunny,1.3,8
2024-01-14,15,6,1,1,Canteen D,2.6,0.0,88.8,13.6,Sunny,1.3,9
2024-01-15,9,0,0,1,Cafeteria A,9.0,5.4,80.5,18.0,Cloudy,1.0,3
2024-01-15,9,0,0,1,Food Court B,9.0,5.4,80.5,18.0,Cloudy,1.0,3
2024-01-15,9,0,0,1,Restaurant C,9.0,5.4,80.5,18.0,Cloudy,1.0,1
2024-01-15,9,0,0,1,Canteen D,9.0,5.4,80.5,18.0,Cloudy,1.0,2
2024-01-15,10,0,0,1,Cafeteria A,9.0,5.4,80.5,18.0,Cloudy,1.0,28
2024-01-15,10,0,0,1,Food Court B,9.0,5.4,80.5,18.0,Cloudy,1.0,32
2024-01-15,10,0,0,1,Restaurant C,9.0,5.4,80.5,18.0,Cloudy,1.0,17
2024-01-15,10,0,0,1,Canteen D,9.0,5.4,80.5,18.0,Cloudy,1.0,19
2024-01-15,11,0,0,1,Cafeteria A,9.0,5.4,80.5,18.0,Cloudy,1.0,97
2024-01-15,11,0,0,1,Food Court B,9.0,5.4,80.5,18.0,Cloudy,1.0,130
2024-01-15,11,0,0,1,Restaurant C,9.0,5.4,80.5,18.0,Cloudy,1.0,65
2024-01-15,11,0,0,1,Canteen D,9.0,5.4,80.5,18.0,Cloudy,1.0,84
2024-01-15,12,0,0,1,Cafeteria A,9.0,5.4,80.5,18.0,Cloudy,1.0,189
2024-01-15,12,0,0,1,Food Court B,9.0,5.4,80.5,18.0,Cloudy,1.0,294
2024-01-15,12,0,0,1,Restaurant C,9.0,5.4,80.5,18.0,Cloudy,1.0,151
2024-01-15,12,0,0,1,Canteen D,9.0,5.4,80.5,18.0,Cloudy,1.0,173
2024-01-15,13,0,0,1,Cafeteria A,9.0,5.4,80.5,18.0,Cloudy,1.0,213
2024-01-15,13,0,0,1,Food Court B,9.0,5.4,80.5,18.0,Cloudy,1.0,252
2024-01-15,13,0,0,1,Restaurant C,9.0,5.4,80.5,18.0,Cloudy,1.0,146
2024-01-15,13,0,0,1,Canteen D,9.0,5.4,80.5,18.0,Cloudy,1.0,173
2024-01-15,14,0,0,1,Cafeteria A,9.0,5.4,80.5,18.0,Cloudy,1.0,97
2024-01-15,14,0,0,1,Food Court B,9.0,5.4,80.5,18.0,Cloudy,1.0,144
2024-01-15,14,0,0,1,Restaurant C,9.0,5.4,80.5,18.0,Cloudy,1.0,73
2024-01-15,14,0,0,1,Canteen D,9.0,5.4,80.5,18.0,Cloudy,1.0,91
2024-01-15,15,0,0,1,Cafeteria A,9.0,5.4,80.5,18.0,Cloudy,1.0,27
2024-01-15,15,0,0,1,Food Court B,9.0,5.4,80.5,18.0,Cloudy,1.0,33
2024-01-15,15,0,0,1,Restaurant C,9.0,5.4,80.5,18.0,Cloudy,1.0,16
2024-01-15,15,0,0,1,Canteen D,9.0,5.4,80.5,18.0,Cloudy,1.0,22
2024-01-16,9,1,0,1,Cafeteria A,4.4,4.7,74.2,3.4,Snowy,0.6,1
2024-01-16,9,1,0,1,Food Court B,4.4,4.7,74.2,3.4,Snowy,0.6,2
2024-01-16,9,1,0,1,Restaurant C,4.4,4.7,74.2,3.4,Snowy,0.6,1
2024-01-16,9,1,0,1,Canteen D,4.4,4.7,74.2,3.4,Snowy,0.6,1
2024-01-16,10,1,0,1,Cafeteria A,4.4,4.7,74.2,3.4,Snowy,0.6,14
2024-01-16,10,1,0,1,Food Court B,4.4,4.7,74.2,3.4,Snowy,0.6,17
2024-01-16,10,1,0,1,Restaurant C,4.4,4.7,74.2,3.4,Snowy,0.6,8
2024-01-16,10,1,0,1,Canteen D,4.4,4.7,74.2,3.4,Snowy,0.6,12
2024-01-16,11,1,0,1,Cafeteria A,4.4,4.7,74.2,3.4,Snowy,0.6,62
2024-01-16,11,1,0,1,Food Court B,4.4,4.7,74.2,3.4,Snowy,0.6,80
2024-01-16,11,1,0,1,Restaurant C,4.4,4.7,74.2,3.4,Snowy,0.6,41
2024-01-16,11,1,0,1,Canteen D,4.4,4.7,74.2,3.4,Snowy,0.6,45
2024-01-16,12,1,0,1,Cafeteria A,4.4,4.7,74.2,3.4,Snowy,0.6,123
2024-01-16,12,1,0,1,Food Court B,4.4,4.7,74.2,3.4,Snowy,0.6,159
2024-01-16,12,1,0,1,Restaurant C,4.4,4.7,74.2,3.4,Snowy,0.6,80
2024-01-16,12,1,0,1,Canteen D,4.4,4.7,74.2,3.4,Snowy,0.6,85
2024-01-16,13,1,0,1,Cafeteria A,4.4,4.7,74.2,3.4,Snowy,0.6,114
2024-01-16,13,1,0,1,Food Court B,4.4,4.7,74.2,3.4,Snowy,0.6,131
2024-01-16,13,1,0,1,Restaurant C,4.4,4.7,74.2,3.4,Snowy,0.6,82
2024-01-16,13,1,0,1,Canteen D,4.4,4.7,74.2,3.4,Snowy,0.6,93
2024-01-16,14,1,0,1,Cafeteria A,4.4,4.7,74.2,3.4,Snowy,0.6,53
2024-01-16,14,1,0,1,Food Court B,4.4,4.7,74.2,3.4,Snowy,0.6,75
2024-01-16,14,1,0,1,Restaurant C,4.4,4.7,74.2,3.4,Snowy,0.6,38
2024-01-16,14,1,0,1,Canteen D,4.4,4.7,74.2,3.4,Snowy,0.6,43
2024-01-16,15,1,0,1,Cafeteria A,4.4,4.7,74.2,3.4,Snowy,0.6,13
2024-01-16,15,1,0,1,Food Court B,4.4,4.7,74.2,3.4,Snowy,0.6,18
2024-01-16,15,1,0,1,Restaurant C,4.4,4.7,74.2,3.4,Snowy,0.6,9
2024-01-16,15,1,0,1,Canteen D,4.4,4.7,74.2,3.4,Snowy,0.6,12
2024-01-17,9,2,0,1,Cafeteria A,8.1,3.2,74.0,17.1,Cloudy,1.0,3
2024-01-17,9,2,0,1,Food Court B,8.1,3.2,74.0,17.1,Cloudy,1.0,3
2024-01-17,9,2,0,1,Restaurant C,8.1,3.2,74.0,17.1,Cloudy,1.0,1
2024-01-17,9,2,0,1,Canteen D,8.1,3.2,74.0,17.1,Cloudy,1.0,2
2024-01-17,10,2,0,1,Cafeteria A,8.1,3.2,74.0,17.1,Cloudy,1.0,26
2024-01-17,10,2,0,1,Food Court B,8.1,3.2,74.0,17.1,Cloudy,1.0,33
2024-01-17,10,2,0,1,Restaurant C,8.1,3.2,74.0,17.1,Cloudy,1.0,15
2024-01-17,10,2,0,1,Canteen D,8.1,3.2,74.0,17.1,Cloudy,1.0,18
2024-01-17,11,2,0,1,Cafeteria A,8.1,3.2,74.0,17.1,Cloudy,1.0,91
2024-01-17,11,2,0,1,Food Court B,8.1,3.2,74.0,17.1,Cloudy,1.0,125
2024-01-17,11,2,0,1,Restaurant C,8.1,3.2,74.0,17.1,Cloudy,1.0,68
2024-01-17,11,2,0,1,Canteen D,8.1,3.2,74.0,17.1,Cloudy,1.0,79
2024-01-17,12,2,0,1,Cafeteria A,8.1,3.2,74.0,17.1,Cloudy,1.0,204
2024-01-17,12,2,0,1,Food Court B,8.1,3.2,74.0,17.1,Cloudy,1.0,285
2024-01-17,12,2,0,1,Restaurant C,8.1,3.2,74.0,17.1,Cloudy,1.0,128
2024-01-17,12,2,0,1,Canteen D,8.1,3.2,74.0,17.1,Cloudy,1.0,163
2024-01-17,13,2,0,1,Cafeteria A,8.1,3.2,74.0,17.1,Cloudy,1.0,222
2024-01-17,13,2,0,1,Food Court B,8.1,3.2,74.0,17.1,Cloudy,1.0,253
2024-01-17,13,2,0,1,Restaurant C,8.1,3.2,74.0,17.1,Cloudy,1.0,137
2024-01-17,13,2,0,1,Canteen D,8.1,3.2,74.0,17.1,Cloudy,1.0,177
2024-01-17,14,2,0,1,Cafeteria A,8.1,3.2,74.0,17.1,Cloudy,1.0,115
2024-01-17,14,2,0,1,Food Court B,8.1,3.2,74.0,17.1,Cloudy,1.0,118
2024-01-17,14,2,0,1,Restaurant C,8.1,3.2,74.0,17.1,Cloudy,1.0,73
2024-01-17,14,2,0,1,Canteen D,8.1,3.2,74.0,17.1,Cloudy,1.0,81
2024-01-17,15,2,0,1,Cafeteria A,8.1,3.2,74.0,17.1,Cloudy,1.0,24
2024-01-17,15,2,0,1,Food Court B,8.1,3.2,74.0,17.1,Cloudy,1.0,32
2024-01-17,15,2,0,1,Restaurant C,8.1,3.2,74.0,17.1,Cloudy,1.0,18
2024-01-17,15,2,0,1,Canteen D,8.1,3.2,74.0,17.1,Cloudy,1.0,20
2024-01-18,9,3,0,1,Cafeteria A,8.0,2.9,62.1,13.8,Sunny,1.3,3
2024-01-18,9,3,0,1,Food Court B,8.0,2.9,62.1,13.8,Sunny,1.3,5
2024-01-18,9,3,0,1,Restaurant C,8.0,2.9,62.1,13.8,Sunny,1.3,2
2024-01-18,9,3,0,1,Canteen D,8.0,2.9,62.1,13.8,Sunny,1.3,3
2024-01-18,10,3,0,1,Cafeteria A,8.0,2.9,62.1,13.8,Sunny,1.3,34
2024-01-18,10,3,0,1,Food Court B,8.0,2.9,62.1,13.8,Sunny,1.3,38
2024-01-18,10,3,0,1,Restaurant C,8.0,2.9,62.1,13.8,Sunny,1.3,19
2024-01-18,10,3,0,1,Canteen D,8.0,2.9,62.1,13.8,Sunny,1.3,23
2024-01-18,11,3,0,1,Cafeteria A,8.0,2.9,62.1,13.8,Sunny,1.3,123
2024-01-18,11,3,0,1,Food Court B,8.0,2.9,62.1,13.8,Sunny,1.3,159
2024-01-18,11,3,0,1,Restaurant C,8.0,2.9,62.1,13.8,Sunny,1.3,79
2024-01-18,11,3,0,1,Canteen D,8.0,2.9,62.1,13.8,Sunny,1.3,95
2024-01-18,12,3,0,1,Cafeteria A,8.0,2.9,62.1,13.8,Sunny,1.3,244
2024-01-18,12,3,0,1,Food Court B,8.0,2.9,62.1,13.8,Sunny,1.3,333
2024-01-18,12,3,0,1,Restaurant C,8.0,2.9,62.1,13.8,Sunny,1.3,161
2024-01-18,12,3,0,1,Canteen D,8.0,2.9,62.1,13.8,Sunny,1.3,204
2024-01-18,13,3,0,1,Cafeteria A,8.0,2.9,62.1,13.8,Sunny,1.3,269
2024-01-18,13,3,0,1,Food Court B,8.0,2.9,62.1,13.8,Sunny,1.3,352
2024-01-18,13,3,0,1,Restaurant C,8.0,2.9,62.1,13.8,Sunny,1.3,154
2024-01-18,13,3,0,1,Canteen D,8.0,2.9,62.1,13.8,Sunny,1.3,226
2024-01-18,14,3,0,1,Cafeteria A,8.0,2.9,62.1,13.8,Sunny,1.3,138
2024-01-18,14,3,0,1,Food Court B,8.0,2.9,62.1,13.8,Sunny,1.3,151
2024-01-18,14,3,0,1,Restaurant C,8.0,2.9,62.1,13.8,Sunny,1.3,94
2024-01-18,14,3,0,1,Canteen D,8.0,2.9,62.1,13.8,Sunny,1.3,116
2024-01-18,15,3,0,1,Cafeteria A,8.0,2.9,62.1,13.8,Sunny,1.3,30
2024-01-18,15,3,0,1,Food Court B,8.0,2.9,62.1,13.8,Sunny,1.3,39
2024-01-18,15,3,0,1,Restaurant C,8.0,2.9,62.1,13.8,Sunny,1.3,23
2024-01-18,15,3,0,1,Canteen D,8.0,2.9,62.1,13.8,Sunny,1.3,27
2024-01-19,9,4,0,1,Cafeteria A,3.0,-4.5,73.0,23.9,Rainy,0.75,2
2024-01-19,9,4,0,1,Food Court B,3.0,-4.5,73.0,23.9,Rainy,0.75,2
2024-01-19,9,4,0,1,Restaurant C,3.0,-4.5,73.0,23.9,Rainy,0.75,1
2024-01-19,9,4,0,1,Canteen D,3.0,-4.5,73.0,23.9,Rainy,0.75,1
2024-01-19,10,4,0,1,Cafeteria A,3.0,-4.5,73.0,23.9,Rainy,0.75,16
2024-01-19,10,4,0,1,Food Court B,3.0,-4.5,73.0,23.9,Rainy,0.75,22
2024-01-19,10,4,0,1,Restaurant C,3.0,-4.5,73.0,23.9,Rainy,0.75,12
2024-01-19,10,4,0,1,Canteen D,3.0,-4.5,73.0,23.9,Rainy,0.75,13
2024-01-19,11,4,0,1,Cafeteria A,3.0,-4.5,73.0,23.9,Rainy,0.75,70
2024-01-19,11,4,0,1,Food Court B,3.0,-4.5,73.0,23.9,Rainy,0.75,79
2024-01-19,11,4,0,1,Restaurant C,3.0,-4.5,73.0,23.9,Rainy,0.75,44
2024-01-19,11,4,0,1,Canteen D,3.0,-4.5,73.0,23.9,Rainy,0.75,55
2024-01-19,12,4,0,1,Cafeteria A,3.0,-4.5,73.0,23.9,Rainy,0.75,131
2024-01-19,12,4,0,1,Food Court B,3.0,-4.5,73.0,23.9,Rainy,0.75,165
2024-01-19,12,4,0,1,Restaurant C,3.0,-4.5,73.0,23.9,Rainy,0.75,87
2024-01-19,12,4,0,1,Canteen D,3.0,-4.5,73.0,23.9,Rainy,0.75,97
2024-01-19,13,4,0,1,Cafeteria A,3.0,-4.5,73.0,23.9,Rainy,0.75,134
2024-01-19,13,4,0,1,Food Court B,3.0,-4.5,73.0,23.9,Rainy,0.75,163
2024-01-19,13,4,0,1,Restaurant C,3.0,-4.5,73.0,23.9,Rainy,0.75,86
2024-01-19,13,4,0,1,Canteen D,3.0,-4.5,73.0,23.9,Rainy,0.75,100
2024-01-19,14,4,0,1,Cafeteria A,3.0,-4.5,73.0,23.9,Rainy,0.75,76
2024-01-19,14,4,0,1,Food Court B,3.0,-4.5,73.0,23.9,Rainy,0.75,89
2024-01-19,14,4,0,1,Restaurant C,3.0,-4.5,73.0,23.9,Rainy,0.75,46
2024-01-19,14,4,0,1,Canteen D,3.0,-4.5,73.0,23.9,Rainy,0.75,58
2024-01-19,15,4,0,1,Cafeteria A,3.0,-4.5,73.0,23.9,Rainy,0.75,17
2024-01-19,15,4,0,1,Food Court B,3.0,-4.5,73.0,23.9,Rainy,0.75,19
2024-01-19,15,4,0,1,Restaurant C,3.0,-4.5,73.0,23.9,Rainy,0.75,11
2024-01-19,15,4,0,1,Canteen D,3.0,-4.5,73.0,23.9,Rainy,0.75,14
2024-01-20,9,5,1,1,Cafeteria A,3.3,-0.4,90.0,7.6,Cloudy,1.0,1
2024-01-20,9,5,1,1,Food Court B,3.3,-0.4,90.0,7.6,Cloudy,1.0,1
2024-01-20,9,5,1,1,Restaurant C,3.3,-0.4,90.0,7.6,Cloudy,1.0,0
2024-01-20,9,5,1,1,Canteen D,3.3,-0.4,90.0,7.6,Cloudy,1.0,1
2024-01-20,10,5,1,1,Cafeteria A,3.3,-0.4,90.0,7.6,Cloudy,1.0,9
2024-01-20,10,5,1,1,Food Court B,3.3,-0.4,90.0,7.6,Cloudy,1.0,10
2024-01-20,10,5,1,1,Restaurant C,3.3,-0.4,90.0,7.6,Cloudy,1.0,5
2024-01-20,10,5,1,1,Canteen D,3.3,-0.4,90.0,7.6,Cloudy,1.0,6
2024-01-20,11,5,1,1,Cafeteria A,3.3,-0.4,90.0,7.6,Cloudy,1.0,35
2024-01-20,11,5,1,1,Food Court B,3.3,-0.4,90.0,7.6,Cloudy,1.0,43
2024-01-20,11,5,1,1,Restaurant C,3.3,-0.4,90.0,7.6,Cloudy,1.0,22
2024-01-20,11,5,1,1,Canteen D,3.3,-0.4,90.0,7.6,Cloudy,1.0,27
2024-01-20,12,5,1,1,Cafeteria A,3.3,-0.4,90.0,7.6,Cloudy,1.0,69
2024-01-20,12,5,1,1,Food Court B,3.3,-0.4,90.0,7.6,Cloudy,1.0,102
2024-01-20,12,5,1,1,Restaurant C,3.3,-0.4,90.0,7.6,Cloudy,1.0,43
2024-01-20,12,5,1,1,Canteen D,3.3,-0.4,90.0,7.6,Cloudy,1.0,59
2024-01-20,13,5,1,1,Cafeteria A,3.3,-0.4,90.0,7.6,Cloudy,1.0,73
2024-01-20,13,5,1,1,Food Court B,3.3,-0.4,90.0,7.6,Cloudy,1.0,104
2024-01-20,13,5,1,1,Restaurant C,3.3,-0.4,90.0,7.6,Cloudy,1.0,43
2024-01-20,13,5,1,1,Canteen D,3.3,-0.4,90.0,7.6,Cloudy,1.0,57
2024-01-20,14,5,1,1,Cafeteria A,3.3,-0.4,90.0,7.6,Cloudy,1.0,41
2024-01-20,14,5,1,1,Food Court B,3.3,-0.4,90.0,7.6,Cloudy,1.0,51
2024-01-20,14,5,1,1,Restaurant C,3.3,-0.4,90.0,7.6,Cloudy,1.0,25
2024-01-20,14,5,1,1,Canteen D,3.3,-0.4,90.0,7.6,Cloudy,1.0,27
2024-01-20,15,5,1,1,Cafeteria A,3.3,-0.4,90.0,7.6,Cloudy,1.0,8
2024-01-20,15,5,1,1,Food Court B,3.3,-0.4,90.0,7.6,Cloudy,1.0,12
2024-01-20,15,5,1,1,Restaurant C,3.3,-0.4,90.0,7.6,Cloudy,1.0,6
2024-01-20,15,5,1,1,Canteen D,3.3,-0.4,90.0,7.6,Cloudy,1.0,7
2024-01-21,9,6,1,1,Cafeteria A,-0.4,-4.2,84.7,9.2,Snowy,0.6,0
2024-01-21,9,6,1,1,Food Court B,-0.4,-4.2,84.7,9.2,Snowy,0.6,0
2024-01-21,9,6,1,1,Restaurant C,-0.4,-4.2,84.7,9.2,Snowy,0.6,0
2024-01-21,9,6,1,1,Canteen D,-0.4,-4.2,84.7,9.2,Snowy,0.6,0
2024-01-21,10,6,1,1,Cafeteria A,-0.4,-4.2,84.7,9.2,Snowy,0.6,5
2024-01-21,10,6,1,1,Food Court B,-0.4,-4.2,84.7,9.2,Snowy,0.6,6
2024-01-21,10,6,1,1,Restaurant C,-0.4,-4.2,84.7,9.2,Snowy,0.6,3
2024-01-21,10,6,1,1,Canteen D,-0.4,-4.2,84.7,9.2,Snowy,0.6,3
2024-01-21,11,6,1,1,Cafeteria A,-0.4,-4.2,84.7,9.2,Snowy,0.6,20
2024-01-21,11,6,1,1,Food Court B,-0.4,-4.2,84.7,9.2,Snowy,0.6,26
2024-01-21,11,6,1,1,Restaurant C,-0.4,-4.2,84.7,9.2,Snowy,0.6,11
2024-01-21,11,6,1,1,Canteen D,-0.4,-4.2,84.7,9.2,Snowy,0.6,15
2024-01-21,12,6,1,1,Cafeteria A,-0.4,-4.2,84.7,9.2,Snowy,0.6,37
2024-01-21,12,6,1,1,Food Court B,-0.4,-4.2,84.7,9.2,Snowy,0.6,46
2024-01-21,12,6,1,1,Restaurant C,-0.4,-4.2,84.7,9.2,Snowy,0.6,29
2024-01-21,12,6,1,1,Canteen D,-0.4,-4.2,84.7,9.2,Snowy,0.6,31
2024-01-21,13,6,1,1,Cafeteria A,-0.4,-4.2,84.7,9.2,Snowy,0.6,44
2024-01-21,13,6,1,1,Food Court B,-0.4,-4.2,84.7,9.2,Snowy,0.6,48
2024-01-21,13,6,1,1,Restaurant C,-0.4,-4.2,84.7,9.2,Snowy,0.6,27
2024-01-21,13,6,1,1,Canteen D,-0.4,-4.2,84.7,9.2,Snowy,0.6,34
2024-01-21,14,6,1,1,Cafeteria A,-0.4,-4.2,84.7,9.2,Snowy,0.6,21
2024-01-21,14,6,1,1,Food Court B,-0.4,-4.2,84.7,9.2,Snowy,0.6,25
2024-01-21,14,6,1,1,Restaurant C,-0.4,-4.2,84.7,9.2,Snowy,0.6,13
2024-01-21,14,6,1,1,Canteen D,-0.4,-4.2,84.7,9.2,Snowy,0.6,15
2024-01-21,15,6,1,1,Cafeteria A,-0.4,-4.2,84.7,9.2,Snowy,0.6,5
2024-01-21,15,6,1,1,Food Court B,-0.4,-4.2,84.7,9.2,Snowy,0.6,6
2024-01-21,15,6,1,1,Restaurant C,-0.4,-4.2,84.7,9.2,Snowy,0.6,3
2024-01-21,15,6,1,1,Canteen D,-0.4,-4.2,84.7,9.2,Snowy,0.6,3
2024-01-22,9,0,0,1,Cafeteria A,5.1,1.2,76.6,12.4,Sunny,1.3,4
2024-01-22,9,0,0,1,Food Court B,5.1,1.2,76.6,12.4,Sunny,1.3,5
2024-01-22,9,0,0,1,Restaurant C,5.1,1.2,76.6,12.4,Sunny,1.3,2
2024-01-22,9,0,0,1,Canteen D,5.1,1.2,76.6,12.4,Sunny,1.3,3
2024-01-22,10,0,0,1,Cafeteria A,5.1,1.2,76.6,12.4,Sunny,1.3,29
2024-01-22,10,0,0,1,Food Court B,5.1,1.2,76.6,12.4,Sunny,1.3,36
2024-01-22,10,0,0,1,Restaurant C,5.1,1.2,76.6,12.4,Sunny,1.3,18
2024-01-22,10,0,0,1,Canteen D,5.1,1.2,76.6,12.4,Sunny,1.3,26
2024-01-22,11,0,0,1,Cafeteria A,5.1,1.2,76.6,12.4,Sunny,1.3,132
2024-01-22,11,0,0,1,Food Court B,5.1,1.2,76.6,12.4,Sunny,1.3,159
2024-01-22,11,0,0,1,Restaurant C,5.1,1.2,76.6,12.4,Sunny,1.3,78
2024-01-22,11,0,0,1,Canteen D,5.1,1.2,76.6,12.4,Sunny,1.3,108
2024-01-22,12,0,0,1,Cafeteria A,5.1,1.2,76.6,12.4,Sunny,1.3,247
2024-01-22,12,0,0,1,Food Court B,5.1,1.2,76.6,12.4,Sunny,1.3,341
2024-01-22,12,0,0,1,Restaurant C,5.1,1.2,76.6,12.4,Sunny,1.3,161
2024-01-22,12,0,0,1,Canteen D,5.1,1.2,76.6,12.4,Sunny,1.3,193
2024-01-22,13,0,0,1,Cafeteria A,5.1,1.2,76.6,12.4,Sunny,1.3,251
2024-01-22,13,0,0,1,Food Court B,5.1,1.2,76.6,12.4,Sunny,1.3,302
2024-01-22,13,0,0,1,Restaurant C,5.1,1.2,76.6,12.4,Sunny,1.3,173
2024-01-22,13,0,0,1,Canteen D,5.1,1.2,76.6,12.4,Sunny,1.3,199
2024-01-22,14,0,0,1,Cafeteria A,5.1,1.2,76.6,12.4,Sunny,1.3,118
2024-01-22,14,0,0,1,Food Court B,5.1,1.2,76.6,12.4,Sunny,1.3,173
2024-01-22,14,0,0,1,Restaurant C,5.1,1.2,76.6,12.4,Sunny,1.3,79
2024-01-22,14,0,0,1,Canteen D,5.1,1.2,76.6,12.4,Sunny,1.3,100
2024-01-22,15,0,0,1,Cafeteria A,5.1,1.2,76.6,12.4,Sunny,1.3,34
2024-01-22,15,0,0,1,Food Court B,5.1,1.2,76.6,12.4,Sunny,1.3,40
2024-01-22,15,0,0,1,Restaurant C,5.1,1.2,76.6,12.4,Sunny,1.3,18
2024-01-22,15,0,0,1,Canteen D,5.1,1.2,76.6,12.4,Sunny,1.3,27
2024-01-23,9,1,0,1,Cafeteria A,0.2,-2.9,89.0,14.5,Cloudy,1.0,2
2024-01-23,9,1,0,1,Food Court B,0.2,-2.9,89.0,14.5,Cloudy,1.0,3
2024-01-23,9,1,0,1,Restaurant C,0.2,-2.9,89.0,14.5,Cloudy,1.0,1
2024-01-23,9,1,0,1,Canteen D,0.2,-2.9,89.0,14.5,Cloudy,1.0,1
2024-01-23,10,1,0,1,Cafeteria A,0.2,-2.9,89.0,14.5,Cloudy,1.0,20
2024-01-23,10,1,0,1,Food Court B,0.2,-2.9,89.0,14.5,Cloudy,1.0,25
2024-01-23,10,1,0,1,Restaurant C,0.2,-2.9,89.0,14.5,Cloudy,1.0,14
2024-01-23,10,1,0,1,Canteen D,0.2,-2.9,89.0,14.5,Cloudy,1.0,15
2024-01-23,11,1,0,1,Cafeteria A,0.2,-2.9,89.0,14.5,Cloudy,1.0,88
2024-01-23,11,1,0,1,Food Court B,0.2,-2.9,89.0,14.5,Cloudy,1.0,116
2024-01-23,11,1,0,1,Restaurant C,0.2,-2.9,89.0,14.5,Cloudy,1.0,61
2024-01-23,11,1,0,1,Canteen D,0.2,-2.9,89.0,14.5,Cloudy,1.0,66
2024-01-23,12,1,0,1,Cafeteria A,0.2,-2.9,89.0,14.5,Cloudy,1.0,188
2024-01-23,12,1,0,1,Food Court B,0.2,-2.9,89.0,14.5,Cloudy,1.0,198
2024-01-23,12,1,0,1,Restaurant C,0.2,-2.9,89.0,14.5,Cloudy,1.0,122
2024-01-23,12,1,0,1,Canteen D,0.2,-2.9,89.0,14.5,Cloudy,1.0,125
2024-01-23,13,1,0,1,Cafeteria A,0.2,-2.9,89.0,14.5,Cloudy,1.0,170
2024-01-23,13,1,0,1,Food Court B,0.2,-2.9,89.0,14.5,Cloudy,1.0,234
2024-01-23,13,1,0,1,Restaurant C,0.2,-2.9,89.0,14.5,Cloudy,1.0,103
2024-01-23,13,1,0,1,Canteen D,0.2,-2.9,89.0,14.5,Cloudy,1.0,128
2024-01-23,14,1,0,1,Cafeteria A,0.2,-2.9,89.0,14.5,Cloudy,1.0,92
2024-01-23,14,1,0,1,Food Court B,0.2,-2.9,89.0,14.5,Cloudy,1.0,115
2024-01-23,14,1,0,1,Restaurant C,0.2,-2.9,89.0,14.5,Cloudy,1.0,58
2024-01-23,14,1,0,1,Canteen D,0.2,-2.9,89.0,14.5,Cloudy,1.0,71
2024-01-23,15,1,0,1,Cafeteria A,0.2,-2.9,89.0,14.5,Cloudy,1.0,22
2024-01-23,15,1,0,1,Food Court B,0.2,-2.9,89.0,14.5,Cloudy,1.0,25
2024-01-23,15,1,0,1,Restaurant C,0.2,-2.9,89.0,14.5,Cloudy,1.0,13
2024-01-23,15,1,0,1,Canteen D,0.2,-2.9,89.0,14.5,Cloudy,1.0,15
2024-01-24,9,2,0,1,Cafeteria A,5.1,0.5,82.6,15.3,Cloudy,1.0,2
2024-01-24,9,2,0,1,Food Court B,5.1,0.5,82.6,15.3,Cloudy,1.0,3
2024-01-24,9,2,0,1,Restaurant C,5.1,0.5,82.6,15.3,Cloudy,1.0,1
2024-01-24,9,2,0,1,Canteen D,5.1,0.5,82.6,15.3,Cloudy,1.0,2
2024-01-24,10,2,0,1,Cafeteria A,5.1,0.5,82.6,15.3,Cloudy,1.0,21
2024-01-24,10,2,0,1,Food Court B,5.1,0.5,82.6,15.3,Cloudy,1.0,33
2024-01-24,10,2,0,1,Restaurant C,5.1,0.5,82.6,15.3,Cloudy,1.0,17
2024-01-24,10,2,0,1,Canteen D,5.1,0.5,82.6,15.3,Cloudy,1.0,19
2024-01-24,11,2,0,1,Cafeteria A,5.1,0.5,82.6,15.3,Cloudy,1.0,102
2024-01-24,11,2,0,1,Food Court B,5.1,0.5,82.6,15.3,Cloudy,1.0,134
2024-01-24,11,2,0,1,Restaurant C,5.1,0.5,82.6,15.3,Cloudy,1.0,65
2024-01-24,11,2,0,1,Canteen D,5.1,0.5,82.6,15.3,Cloudy,1.0,70
2024-01-24,12,2,0,1,Cafeteria A,5.1,0.5,82.6,15.3,Cloudy,1.0,199
2024-01-24,12,2,0,1,Food Court B,5.1,0.5,82.6,15.3,Cloudy,1.0,250
2024-01-24,12,2,0,1,Restaurant C,5.1,0.5,82.6,15.3,Cloudy,1.0,123
2024-01-24,12,2,0,1,Canteen D,5.1,0.5,82.6,15.3,Cloudy,1.0,162
2024-01-24,13,2,0,1,Cafeteria A,5.1,0.5,82.6,15.3,Cloudy,1.0,215
2024-01-24,13,2,0,1,Food Court B,5.1,0.5,82.6,15.3,Cloudy,1.0,269
2024-01-24,13,2,0,1,Restaurant C,5.1,0.5,82.6,15.3,Cloudy,1.0,124
2024-01-24,13,2,0,1,Canteen D,5.1,0.5,82.6,15.3,Cloudy,1.0,139
2024-01-24,14,2,0,1,Cafeteria A,5.1,0.5,82.6,15.3,Cloudy,1.0,109
2024-01-24,14,2,0,1,Food Court B,5.1,0.5,82.6,15.3,Cloudy,1.0,132
2024-01-24,14,2,0,1,Restaurant C,5.1,0.5,82.6,15.3,Cloudy,1.0,57
2024-01-24,14,2,0,1,Canteen D,5.1,0.5,82.6,15.3,Cloudy,1.0,84
2024-01-24,15,2,0,1,Cafeteria A,5.1,0.5,82.6,15.3,Cloudy,1.0,26
2024-01-24,15,2,0,1,Food Court B,5.1,0.5,82.6,15.3,Cloudy,1.0,30
2024-01-24,15,2,0,1,Restaurant C,5.1,0.5,82.6,15.3,Cloudy,1.0,15
2024-01-24,15,2,0,1,Canteen D,5.1,0.5,82.6,15.3,Cloudy,1.0,18
2024-01-25,9,3,0,1,Cafeteria A,4.1,-3.1,73.3,16.3,Snowy,0.6,1
2024-01-25,9,3,0,1,Food Court B,4.1,-3.1,73.3,16.3,Snowy,0.6,2
2024-01-25,9,3,0,1,Restaurant C,4.1,-3.1,73.3,16.3,Snowy,0.6,1
2024-01-25,9,3,0,1,Canteen D,4.1,-3.1,73.3,16.3,Snowy,0.6,1
2024-01-25,10,3,0,1,Cafeteria A,4.1,-3.1,73.3,16.3,Snowy,0.6,14
2024-01-25,10,3,0,1,Food Court B,4.1,-3.1,73.3,16.3,Snowy,0.6,16
2024-01-25,10,3,0,1,Restaurant C,4.1,-3.1,73.3,16.3,Snowy,0.6,9
2024-01-25,10,3,0,1,Canteen D,4.1,-3.1,73.3,16.3,Snowy,0.6,10
2024-01-25,11,3,0,1,Cafeteria A,4.1,-3.1,73.3,16.3,Snowy,0.6,52
2024-01-25,11,3,0,1,Food Court B,4.1,-3.1,73.3,16.3,Snowy,0.6,71
2024-01-25,11,3,0,1,Restaurant C,4.1,-3.1,73.3,16.3,Snowy,0.6,36
2024-01-25,11,3,0,1,Canteen D,4.1,-3.1,73.3,16.3,Snowy,0.6,49
2024-01-25,12,3,0,1,Cafeteria A,4.1,-3.1,73.3,16.3,Snowy,0.6,111
2024-01-25,12,3,0,1,Food Court B,4.1,-3.1,73.3,16.3,Snowy,0.6,146
2024-01-25,12,3,0,1,Restaurant C,4.1,-3.1,73.3,16.3,Snowy,0.6,76
2024-01-25,12,3,0,1,Canteen D,4.1,-3.1,73.3,16.3,Snowy,0.6,79
2024-01-25,13,3,0,1,Cafeteria A,4.1,-3.1,73.3,16.3,Snowy,0.6,119
2024-01-25,13,3,0,1,Food Court B,4.1,-3.1,73.3,16.3,Snowy,0.6,132
2024-01-25,13,3,0,1,Restaurant C,4.1,-3.1,73.3,16.3,Snowy,0.6,82
2024-01-25,13,3,0,1,Canteen D,4.1,-3.1,73.3,16.3,Snowy,0.6,82
2024-01-25,14,3,0,1,Cafeteria A,4.1,-3.1,73.3,16.3,Snowy,0.6,56
2024-01-25,14,3,0,1,Food Court B,4.1,-3.1,73.3,16.3,Snowy,0.6,64
2024-01-25,14,3,0,1,Restaurant C,4.1,-3.1,73.3,16.3,Snowy,0.6,41
2024-01-25,14,3,0,1,Canteen D,4.1,-3.1,73.3,16.3,Snowy,0.6,45
2024-01-25,15,3,0,1,Cafeteria A,4.1,-3.1,73.3,16.3,Snowy,0.6,14
2024-01-25,15,3,0,1,Food Court B,4.1,-3.1,73.3,16.3,Snowy,0.6,16
2024-01-25,15,3,0,1,Restaurant C,4.1,-3.1,73.3,16.3,Snowy,0.6,9
2024-01-25,15,3,0,1,Canteen D,4.1,-3.1,73.3,16.3,Snowy,0.6,10
2024-01-26,9,4,0,1,Cafeteria A,4.3,0.2,77.8,11.8,Cloudy,1.0,3
2024-01-26,9,4,0,1,Food Court B,4.3,0.2,77.8,11.8,Cloudy,1.0,3
2024-01-26,9,4,0,1,Restaurant C,4.3,0.2,77.8,11.8,Cloudy,1.0,2
2024-01-26,9,4,0,1,Canteen D,4.3,0.2,77.8,11.8,Cloudy,1.0,2
2024-01-26,10,4,0,1,Cafeteria A,4.3,0.2,77.8,11.8,Cloudy,1.0,24
2024-01-26,10,4,0,1,Food Court B,4.3,0.2,77.8,11.8,Cloudy,1.0,29
2024-01-26,10,4,0,1,Restaurant C,4.3,0.2,77.8,11.8,Cloudy,1.0,15
2024-01-26,10,4,0,1,Canteen D,4.3,0.2,77.8,11.8,Cloudy,1.0,19
2024-01-26,11,4,0,1,Cafeteria A,4.3,0.2,77.8,11.8,Cloudy,1.0,87
2024-01-26,11,4,0,1,Food Court B,4.3,0.2,77.8,11.8,Cloudy,1.0,110
2024-01-26,11,4,0,1,Restaurant C,4.3,0.2,77.8,11.8,Cloudy,1.0,67
2024-01-26,11,4,0,1,Canteen D,4.3,0.2,77.8,11.8,Cloudy,1.0,83
2024-01-26,12,4,0,1,Cafeteria A,4.3,0.2,77.8,11.8,Cloudy,1.0,186
2024-01-26,12,4,0,1,Food Court B,4.3,0.2,77.8,11.8,Cloudy,1.0,226
2024-01-26,12,4,0,1,Restaurant C,4.3,0.2,77.8,11.8,Cloudy,1.0,127
2024-01-26,12,4,0,1,Canteen D,4.3,0.2,77.8,11.8,Cloudy,1.0,147
2024-01-26,13,4,0,1,Cafeteria A,4.3,0.2,77.8,11.8,Cloudy,1.0,170
2024-01-26,13,4,0,1,Food Court B,4.3,0.2,77.8,11.8,Cloudy,1.0,220
2024-01-26,13,4,0,1,Restaurant C,4.3,0.2,77.8,11.8,Cloudy,1.0,129
2024-01-26,13,4,0,1,Canteen D,4.3,0.2,77.8,11.8,Cloudy,1.0,156
2024-01-26,14,4,0,1,Cafeteria A,4.3,0.2,77.8,11.8,Cloudy,1.0,85
2024-01-26,14,4,0,1,Food Court B,4.3,0.2,77.8,11.8,Cloudy,1.0,111
2024-01-26,14,4,0,1,Restaurant C,4.3,0.2,77.8,11.8,Cloudy,1.0,57
2024-01-26,14,4,0,1,Canteen D,4.3,0.2,77.8,11.8,Cloudy,1.0,78
2024-01-26,15,4,0,1,Cafeteria A,4.3,0.2,77.8,11.8,Cloudy,1.0,21
2024-01-26,15,4,0,1,Food Court B,4.3,0.2,77.8,11.8,Cloudy,1.0,27
2024-01-26,15,4,0,1,Restaurant C,4.3,0.2,77.8,11.8,Cloudy,1.0,16
2024-01-26,15,4,0,1,Canteen D,4.3,0.2,77.8,11.8,Cloudy,1.0,17
2024-01-27,9,5,1,1,Cafeteria A,0.9,-4.8,85.0,16.1,Sunny,1.3,1
2024-01-27,9,5,1,1,Food Court B,0.9,-4.8,85.0,16.1,Sunny,1.3,1
2024-01-27,9,5,1,1,Restaurant C,0.9,-4.8,85.0,16.1,Sunny,1.3,0
2024-01-27,9,5,1,1,Canteen D,0.9,-4.8,85.0,16.1,Sunny,1.3,1
2024-01-27,10,5,1,1,Cafeteria A,0.9,-4.8,85.0,16.1,Sunny,1.3,10
2024-01-27,10,5,1,1,Food Court B,0.9,-4.8,85.0,16.1,Sunny,1.3,13
2024-01-27,10,5,1,1,Restaurant C,0.9,-4.8,85.0,16.1,Sunny,1.3,8
2024-01-27,10,5,1,1,Canteen D,0.9,-4.8,85.0,16.1,Sunny,1.3,8
2024-01-27,11,5,1,1,Cafeteria A,0.9,-4.8,85.0,16.1,Sunny,1.3,41
2024-01-27,11,5,1,1,Food Court B,0.9,-4.8,85.0,16.1,Sunny,1.3,53
2024-01-27,11,5,1,1,Restaurant C,0.9,-4.8,85.0,16.1,Sunny,1.3,26
2024-01-27,11,5,1,1,Canteen D,0.9,-4.8,85.0,16.1,Sunny,1.3,33
2024-01-27,12,5,1,1,Cafeteria A,0.9,-4.8,85.0,16.1,Sunny,1.3,94
2024-01-27,12,5,1,1,Food Court B,0.9,-4.8,85.0,16.1,Sunny,1.3,113
2024-01-27,12,5,1,1,Restaurant C,0.9,-4.8,85.0,16.1,Sunny,1.3,65
2024-01-27,12,5,1,1,Canteen D,0.9,-4.8,85.0,16.1,Sunny,1.3,78
2024-01-27,13,5,1,1,Cafeteria A,0.9,-4.8,85.0,16.1,Sunny,1.3,89
2024-01-27,13,5,1,1,Food Court B,0.9,-4.8,85.0,16.1,Sunny,1.3,109
2024-01-27,13,5,1,1,Restaurant C,0.9,-4.8,85.0,16.1,Sunny,1.3,57
2024-01-27,13,5,1,1,Canteen D,0.9,-4.8,85.0,16.1,Sunny,1.3,74
2024-01-27,14,5,1,1,Cafeteria A,0.9,-4.8,85.0,16.1,Sunny,1.3,43
2024-01-27,14,5,1,1,Food Court B,0.9,-4.8,85.0,16.1,Sunny,1.3,59
2024-01-27,14,5,1,1,Restaurant C,0.9,-4.8,85.0,16.1,Sunny,1.3,29
2024-01-27,14,5,1,1,Canteen D,0.9,-4.8,85.0,16.1,Sunny,1.3,36
2024-01-27,15,5,1,1,Cafeteria A,0.9,-4.8,85.0,16.1,Sunny,1.3,11
2024-01-27,15,5,1,1,Food Court B,0.9,-4.8,85.0,16.1,Sunny,1.3,13
2024-01-27,15,5,1,1,Restaurant C,0.9,-4.8,85.0,16.1,Sunny,1.3,8
2024-01-27,15,5,1,1,Canteen D,0.9,-4.8,85.0,16.1,Sunny,1.3,9
2024-01-28,9,6,1,1,Cafeteria A,7.5,4.4,73.7,10.2,Rainy,0.75,0
2024-01-28,9,6,1,1,Food Court B,7.5,4.4,73.7,10.2,Rainy,0.75,1
2024-01-28,9,6,1,1,Restaurant C,7.5,4.4,73.7,10.2,Rainy,0.75,0
2024-01-28,9,6,1,1,Canteen D,7.5,4.4,73.7,10.2,Rainy,0.75,0
2024-01-28,10,6,1,1,Cafeteria A,7.5,4.4,73.7,10.2,Rainy,0.75,7
2024-01-28,10,6,1,1,Food Court B,7.5,4.4,73.7,10.2,Rainy,0.75,10
2024-01-28,10,6,1,1,Restaurant C,7.5,4.4,73.7,10.2,Rainy,0.75,5
2024-01-28,10,6,1,1,Canteen D,7.5,4.4,73.7,10.2,Rainy,0.75,6
2024-01-28,11,6,1,1,Cafeteria A,7.5,4.4,73.7,10.2,Rainy,0.75,28
2024-01-28,11,6,1,1,Food Court B,7.5,4.4,73.7,10.2,Rainy,0.75,36
2024-01-28,11,6,1,1,Restaurant C,7.5,4.4,73.7,10.2,Rainy,0.75,17
2024-01-28,11,6,1,1,Canteen D,7.5,4.4,73.7,10.2,Rainy,0.75,26
2024-01-28,12,6,1,1,Cafeteria A,7.5,4.4,73.7,10.2,Rainy,0.75,55
2024-01-28,12,6,1,1,Food Court B,7.5,4.4,73.7,10.2,Rainy,0.75,78
2024-01-28,12,6,1,1,Restaurant C,7.5,4.4,73.7,10.2,Rainy,0.75,37
2024-01-28,12,6,1,1,Canteen D,7.5,4.4,73.7,10.2,Rainy,0.75,49
2024-01-28,13,6,1,1,Cafeteria A,7.5,4.4,73.7,10.2,Rainy,0.75,63
2024-01-28,13,6,1,1,Food Court B,7.5,4.4,73.7,10.2,Rainy,0.75,83
2024-01-28,13,6,1,1,Restaurant C,7.5,4.4,73.7,10.2,Rainy,0.75,36
2024-01-28,13,6,1,1,Canteen D,7.5,4.4,73.7,10.2,Rainy,0.75,42
2024-01-28,14,6,1,1,Cafeteria A,7.5,4.4,73.7,10.2,Rainy,0.75,28
2024-01-28,14,6,1,1,Food Court B,7.5,4.4,73.7,10.2,Rainy,0.75,42
2024-01-28,14,6,1,1,Restaurant C,7.5,4.4,73.7,10.2,Rainy,0.75,21
2024-01-28,14,6,1,1,Canteen D,7.5,4.4,73.7,10.2,Rainy,0.75,24
2024-01-28,15,6,1,1,Cafeteria A,7.5,4.4,73.7,10.2,Rainy,0.75,7
2024-01-28,15,6,1,1,Food Court B,7.5,4.4,73.7,10.2,Rainy,0.75,9
2024-01-28,15,6,1,1,Restaurant C,7.5,4.4,73.7,10.2,Rainy,0.75,4
2024-01-28,15,6,1,1,Canteen D,7.5,4.4,73.7,10.2,Rainy,0.75,6
2024-01-29,9,0,0,1,Cafeteria A,-0.9,-3.8,70.5,10.3,Windy,0.85,2
2024-01-29,9,0,0,1,Food Court B,-0.9,-3.8,70.5,10.3,Windy,0.85,2
2024-01-29,9,0,0,1,Restaurant C,-0.9,-3.8,70.5,10.3,Windy,0.85,1
2024-01-29,9,0,0,1,Canteen D,-0.9,-3.8,70.5,10.3,Windy,0.85,1
2024-01-29,10,0,0,1,Cafeteria A,-0.9,-3.8,70.5,10.3,Windy,0.85,17
2024-01-29,10,0,0,1,Food Court B,-0.9,-3.8,70.5,10.3,Windy,0.85,23
2024-01-29,10,0,0,1,Restaurant C,-0.9,-3.8,70.5,10.3,Windy,0.85,11
2024-01-29,10,0,0,1,Canteen D,-0.9,-3.8,70.5,10.3,Windy,0.85,14
2024-01-29,11,0,0,1,Cafeteria A,-0.9,-3.8,70.5,10.3,Windy,0.85,72
2024-01-29,11,0,0,1,Food Court B,-0.9,-3.8,70.5,10.3,Windy,0.85,94
2024-01-29,11,0,0,1,Restaurant C,-0.9,-3.8,70.5,10.3,Windy,0.85,51
2024-01-29,11,0,0,1,Canteen D,-0.9,-3.8,70.5,10.3,Windy,0.85,60
2024-01-29,12,0,0,1,Cafeteria A,-0.9,-3.8,70.5,10.3,Windy,0.85,135
2024-01-29,12,0,0,1,Food Court B,-0.9,-3.8,70.5,10.3,Windy,0.85,161
2024-01-29,12,0,0,1,Restaurant C,-0.9,-3.8,70.5,10.3,Windy,0.85,88
2024-01-29,12,0,0,1,Canteen D,-0.9,-3.8,70.5,10.3,Windy,0.85,116
2024-01-29,13,0,0,1,Cafeteria A,-0.9,-3.8,70.5,10.3,Windy,0.85,129
2024-01-29,13,0,0,1,Food Court B,-0.9,-3.8,70.5,10.3,Windy,0.85,181
2024-01-29,13,0,0,1,Restaurant C,-0.9,-3.8,70.5,10.3,Windy,0.85,95
2024-01-29,13,0,0,1,Canteen D,-0.9,-3.8,70.5,10.3,Windy,0.85,109
2024-01-29,14,0,0,1,Cafeteria A,-0.9,-3.8,70.5,10.3,Windy,0.85,77
2024-01-29,14,0,0,1,Food Court B,-0.9,-3.8,70.5,10.3,Windy,0.85,82
2024-01-29,14,0,0,1,Restaurant C,-0.9,-3.8,70.5,10.3,Windy,0.85,41
2024-01-29,14,0,0,1,Canteen D,-0.9,-3.8,70.5,10.3,Windy,0.85,60
2024-01-29,15,0,0,1,Cafeteria A,-0.9,-3.8,70.5,10.3,Windy,0.85,18
2024-01-29,15,0,0,1,Food Court B,-0.9,-3.8,70.5,10.3,Windy,0.85,23
2024-01-29,15,0,0,1,Restaurant C,-0.9,-3.8,70.5,10.3,Windy,0.85,11
2024-01-29,15,0,0,1,Canteen D,-0.9,-3.8,70.5,10.3,Windy,0.85,13
2024-01-30,9,1,0,1,Cafeteria A,6.1,0.0,79.4,15.1,Rainy,0.75,2
2024-01-30,9,1,0,1,Food Court B,6.1,0.0,79.4,15.1,Rainy,0.75,2
2024-01-30,9,1,0,1,Restaurant C,6.1,0.0,79.4,15.1,Rainy,0.75,1
2024-01-30,9,1,0,1,Canteen D,6.1,0.0,79.4,15.1,Rainy,0.75,1
2024-01-30,10,1,0,1,Cafeteria A,6.1,0.0,79.4,15.1,Rainy,0.75,20
2024-01-30,10,1,0,1,Food Court B,6.1,0.0,79.4,15.1,Rainy,0.75,23
2024-01-30,10,1,0,1,Restaurant C,6.1,0.0,79.4,15.1,Rainy,0.75,11
2024-01-30,10,1,0,1,Canteen D,6.1,0.0,79.4,15.1,Rainy,0.75,14
2024-01-30,11,1,0,1,Cafeteria A,6.1,0.0,79.4,15.1,Rainy,0.75,81
2024-01-30,11,1,0,1,Food Court B,6.1,0.0,79.4,15.1,Rainy,0.75,98
2024-01-30,11,1,0,1,Restaurant C,6.1,0.0,79.4,15.1,Rainy,0.75,51
2024-01-30,11,1,0,1,Canteen D,6.1,0.0,79.4,15.1,Rainy,0.75,60
2024-01-30,12,1,0,1,Cafeteria A,6.1,0.0,79.4,15.1,Rainy,0.75,156
2024-01-30,12,1,0,1,Food Court B,6.1,0.0,79.4,15.1,Rainy,0.75,202
2024-01-30,12,1,0,1,Restaurant C,6.1,0.0,79.4,15.1,Rainy,0.75,90
2024-01-30,12,1,0,1,Canteen D,6.1,0.0,79.4,15.1,Rainy,0.75,117
2024-01-30,13,1,0,1,Cafeteria A,6.1,0.0,79.4,15.1,Rainy,0.75,139
2024-01-30,13,1,0,1,Food Court B,6.1,0.0,79.4,15.1,Rainy,0.75,209
2024-01-30,13,1,0,1,Restaurant C,6.1,0.0,79.4,15.1,Rainy,0.75,106
2024-01-30,13,1,0,1,Canteen D,6.1,0.0,79.4,15.1,Rainy,0.75,104
2024-01-30,14,1,0,1,Cafeteria A,6.1,0.0,79.4,15.1,Rainy,0.75,78
2024-01-30,14,1,0,1,Food Court B,6.1,0.0,79.4,15.1,Rainy,0.75,103
2024-01-30,14,1,0,1,Restaurant C,6.1,0.0,79.4,15.1,Rainy,0.75,44
2024-01-30,14,1,0,1,Canteen D,6.1,0.0,79.4,15.1,Rainy,0.75,59
2024-01-30,15,1,0,1,Cafeteria A,6.1,0.0,79.4,15.1,Rainy,0.75,20
2024-01-30,15,1,0,1,Food Court B,6.1,0.0,79.4,15.1,Rainy,0.75,20
2024-01-30,15,1,0,1,Restaurant C,6.1,0.0,79.4,15.1,Rainy,0.75,12
2024-01-30,15,1,0,1,Canteen D,6.1,0.0,79.4,15.1,Rainy,0.75,13
2024-01-31,9,2,0,1,Cafeteria A,4.5,2.5,81.9,9.7,Snowy,0.6,1
2024-01-31,9,2,0,1,Food Court B,4.5,2.5,81.9,9.7,Snowy,0.6,1
2024-01-31,9,2,0,1,Restaurant C,4.5,2.5,81.9,9.7,Snowy,0.6,1
2024-01-31,9,2,0,1,Canteen D,4.5,2.5,81.9,9.7,Snowy,0.6,1
2024-01-31,10,2,0,1,Cafeteria A,4.5,2.5,81.9,9.7,Snowy,0.6,13
2024-01-31,10,2,0,1,Food Court B,4.5,2.5,81.9,9.7,Snowy,0.6,16
2024-01-31,10,2,0,1,Restaurant C,4.5,2.5,81.9,9.7,Snowy,0.6,9
2024-01-31,10,2,0,1,Canteen D,4.5,2.5,81.9,9.7,Snowy,0.6,10
2024-01-31,11,2,0,1,Cafeteria A,4.5,2.5,81.9,9.7,Snowy,0.6,60
2024-01-31,11,2,0,1,Food Court B,4.5,2.5,81.9,9.7,Snowy,0.6,64
2024-01-31,11,2,0,1,Restaurant C,4.5,2.5,81.9,9.7,Snowy,0.6,35
2024-01-31,11,2,0,1,Canteen D,4.5,2.5,81.9,9.7,Snowy,0.6,45
2024-01-31,12,2,0,1,Cafeteria A,4.5,2.5,81.9,9.7,Snowy,0.6,123
2024-01-31,12,2,0,1,Food Court B,4.5,2.5,81.9,9.7,Snowy,0.6,138
2024-01-31,12,2,0,1,Restaurant C,4.5,2.5,81.9,9.7,Snowy,0.6,76
2024-01-31,12,2,0,1,Canteen D,4.5,2.5,81.9,9.7,Snowy,0.6,99
2024-01-31,13,2,0,1,Cafeteria A,4.5,2.5,81.9,9.7,Snowy,0.6,119
2024-01-31,13,2,0,1,Food Court B,4.5,2.5,81.9,9.7,Snowy,0.6,135
2024-01-31,13,2,0,1,Restaurant C,4.5,2.5,81.9,9.7,Snowy,0.6,65
2024-01-31,13,2,0,1,Canteen D,4.5,2.5,81.9,9.7,Snowy,0.6,99
2024-01-31,14,2,0,1,Cafeteria A,4.5,2.5,81.9,9.7,Snowy,0.6,51
2024-01-31,14,2,0,1,Food Court B,4.5,2.5,81.9,9.7,Snowy,0.6,78
2024-01-31,14,2,0,1,Restaurant C,4.5,2.5,81.9,9.7,Snowy,0.6,37
2024-01-31,14,2,0,1,Canteen D,4.5,2.5,81.9,9.7,Snowy,0.6,50
2024-01-31,15,2,0,1,Cafeteria A,4.5,2.5,81.9,9.7,Snowy,0.6,15
2024-01-31,15,2,0,1,Food Court B,4.5,2.5,81.9,9.7,Snowy,0.6,20
2024-01-31,15,2,0,1,Restaurant C,4.5,2.5,81.9,9.7,Snowy,0.6,8
2024-01-31,15,2,0,1,Canteen D,4.5,2.5,81.9,9.7,Snowy,0.6,12
2024-02-01,9,3,0,2,Cafeteria A,7.5,6.0,54.1,9.8,Rainy,0.75,2
2024-02-01,9,3,0,2,Food Court B,7.5,6.0,54.1,9.8,Rainy,0.75,3
2024-02-01,9,3,0,2,Restaurant C,7.5,6.0,54.1,9.8,Rainy,0.75,1
2024-02-01,9,3,0,2,Canteen D,7.5,6.0,54.1,9.8,Rainy,0.75,1
2024-02-01,10,3,0,2,Cafeteria A,7.5,6.0,54.1,9.8,Rainy,0.75,18
2024-02-01,10,3,0,2,Food Court B,7.5,6.0,54.1,9.8,Rainy,0.75,22
2024-02-01,10,3,0,2,Restaurant C,7.5,6.0,54.1,9.8,Rainy,0.75,11
2024-02-01,10,3,0,2,Canteen D,7.5,6.0,54.1,9.8,Rainy,0.75,14
2024-02-01,11,3,0,2,Cafeteria A,7.5,6.0,54.1,9.8,Rainy,0.75,68
2024-02-01,11,3,0,2,Food Court B,7.5,6.0,54.1,9.8,Rainy,0.75,84
2024-02-01,11,3,0,2,Restaurant C,7.5,6.0,54.1,9.8,Rainy,0.75,55
2024-02-01,11,3,0,2,Canteen D,7.5,6.0,54.1,9.8,Rainy,0.75,59
2024-02-01,12,3,0,2,Cafeteria A,7.5,6.0,54.1,9.8,Rainy,0.75,149
2024-02-01,12,3,0,2,Food Court B,7.5,6.0,54.1,9.8,Rainy,0.75,200
2024-02-01,12,3,0,2,Restaurant C,7.5,6.0,54.1,9.8,Rainy,0.75,92
2024-02-01,12,3,0,2,Canteen D,7.5,6.0,54.1,9.8,Rainy,0.75,134
2024-02-01,13,3,0,2,Cafeteria A,7.5,6.0,54.1,9.8,Rainy,0.75,164
2024-02-01,13,3,0,2,Food Court B,7.5,6.0,54.1,9.8,Rainy,0.75,173
2024-02-01,13,3,0,2,Restaurant C,7.5,6.0,54.1,9.8,Rainy,0.75,97
2024-02-01,13,3,0,2,Canteen D,7.5,6.0,54.1,9.8,Rainy,0.75,131
2024-02-01,14,3,0,2,Cafeteria A,7.5,6.0,54.1,9.8,Rainy,0.75,85
2024-02-01,14,3,0,2,Food Court B,7.5,6.0,54.1,9.8,Rainy,0.75,95
2024-02-01,14,3,0,2,Restaurant C,7.5,6.0,54.1,9.8,Rainy,0.75,50
2024-02-01,14,3,0,2,Canteen D,7.5,6.0,54.1,9.8,Rainy,0.75,55
2024-02-01,15,3,0,2,Cafeteria A,7.5,6.0,54.1,9.8,Rainy,0.75,21
2024-02-01,15,3,0,2,Food Court B,7.5,6.0,54.1,9.8,Rainy,0.75,22
2024-02-01,15,3,0,2,Restaurant C,7.5,6.0,54.1,9.8,Rainy,0.75,13
2024-02-01,15,3,0,2,Canteen D,7.5,6.0,54.1,9.8,Rainy,0.75,15
2024-02-02,9,4,0,2,Cafeteria A,9.9,6.4,91.7,9.4,Sunny,1.3,4
2024-02-02,9,4,0,2,Food Court B,9.9,6.4,91.7,9.4,Sunny,1.3,5
2024-02-02,9,4,0,2,Restaurant C,9.9,6.4,91.7,9.4,Sunny,1.3,2
2024-02-02,9,4,0,2,Canteen D,9.9,6.4,91.7,9.4,Sunny,1.3,3
2024-02-02,10,4,0,2,Cafeteria A,9.9,6.4,91.7,9.4,Sunny,1.3,38
2024-02-02,10,4,0,2,Food Court B,9.9,6.4,91.7,9.4,Sunny,1.3,47
2024-02-02,10,4,0,2,Restaurant C,9.9,6.4,91.7,9.4,Sunny,1.3,24
2024-02-02,10,4,0,2,Canteen D,9.9,6.4,91.7,9.4,Sunny,1.3,30
2024-02-02,11,4,0,2,Cafeteria A,9.9,6.4,91.7,9.4,Sunny,1.3,128
2024-02-02,11,4,0,2,Food Court B,9.9,6.4,91.7,9.4,Sunny,1.3,170
2024-02-02,11,4,0,2,Restaurant C,9.9,6.4,91.7,9.4,Sunny,1.3,95
2024-02-02,11,4,0,2,Canteen D,9.9,6.4,91.7,9.4,Sunny,1.3,114
2024-02-02,12,4,0,2,Cafeteria A,9.9,6.4,91.7,9.4,Sunny,1.3,256
2024-02-02,12,4,0,2,Food Court B,9.9,6.4,91.7,9.4,Sunny,1.3,376
2024-02-02,12,4,0,2,Restaurant C,9.9,6.4,91.7,9.4,Sunny,1.3,167
2024-02-02,12,4,0,2,Canteen D,9.9,6.4,91.7,9.4,Sunny,1.3,205
2024-02-02,13,4,0,2,Cafeteria A,9.9,6.4,91.7,9.4,Sunny,1.3,282
2024-02-02,13,4,0,2,Food Court B,9.9,6.4,91.7,9.4,Sunny,1.3,357
2024-02-02,13,4,0,2,Restaurant C,9.9,6.4,91.7,9.4,Sunny,1.3,183
2024-02-02,13,4,0,2,Canteen D,9.9,6.4,91.7,9.4,Sunny,1.3,198
2024-02-02,14,4,0,2,Cafeteria A,9.9,6.4,91.7,9.4,Sunny,1.3,152
2024-02-02,14,4,0,2,Food Court B,9.9,6.4,91.7,9.4,Sunny,1.3,164
2024-02-02,14,4,0,2,Restaurant C,9.9,6.4,91.7,9.4,Sunny,1.3,81
2024-02-02,14,4,0,2,Canteen D,9.9,6.4,91.7,9.4,Sunny,1.3,119
2024-02-02,15,4,0,2,Cafeteria A,9.9,6.4,91.7,9.4,Sunny,1.3,38
2024-02-02,15,4,0,2,Food Court B,9.9,6.4,91.7,9.4,Sunny,1.3,47
2024-02-02,15,4,0,2,Restaurant C,9.9,6.4,91.7,9.4,Sunny,1.3,24
2024-02-02,15,4,0,2,Canteen D,9.9,6.4,91.7,9.4,Sunny,1.3,28
2024-02-03,9,5,1,2,Cafeteria A,6.4,4.2,75.7,5.1,Cloudy,1.0,1
2024-02-03,9,5,1,2,Food Court B,6.4,4.2,75.7,5.1,Cloudy,1.0,1
2024-02-03,9,5,1,2,Restaurant C,6.4,4.2,75.7,5.1,Cloudy,1.0,0
2024-02-03,9,5,1,2,Canteen D,6.4,4.2,75.7,5.1,Cloudy,1.0,0
2024-02-03,10,5,1,2,Cafeteria A,6.4,4.2,75.7,5.1,Cloudy,1.0,10
2024-02-03,10,5,1,2,Food Court B,6.4,4.2,75.7,5.1,Cloudy,1.0,11
2024-02-03,10,5,1,2,Restaurant C,6.4,4.2,75.7,5.1,Cloudy,1.0,6
2024-02-03,10,5,1,2,Canteen D,6.4,4.2,75.7,5.1,Cloudy,1.0,7
2024-02-03,11,5,1,2,Cafeteria A,6.4,4.2,75.7,5.1,Cloudy,1.0,39
2024-02-03,11,5,1,2,Food Court B,6.4,4.2,75.7,5.1,Cloudy,1.0,51
2024-02-03,11,5,1,2,Restaurant C,6.4,4.2,75.7,5.1,Cloudy,1.0,27
2024-02-03,11,5,1,2,Canteen D,6.4,4.2,75.7,5.1,Cloudy,1.0,30
2024-02-03,12,5,1,2,Cafeteria A,6.4,4.2,75.7,5.1,Cloudy,1.0,83
2024-02-03,12,5,1,2,Food Court B,6.4,4.2,75.7,5.1,Cloudy,1.0,102
2024-02-03,12,5,1,2,Restaurant C,6.4,4.2,75.7,5.1,Cloudy,1.0,48
2024-02-03,12,5,1,2,Canteen D,6.4,4.2,75.7,5.1,Cloudy,1.0,68
2024-02-03,13,5,1,2,Cafeteria A,6.4,4.2,75.7,5.1,Cloudy,1.0,86
2024-02-03,13,5,1,2,Food Court B,6.4,4.2,75.7,5.1,Cloudy,1.0,104
2024-02-03,13,5,1,2,Restaurant C,6.4,4.2,75.7,5.1,Cloudy,1.0,56
2024-02-03,13,5,1,2,Canteen D,6.4,4.2,75.7,5.1,Cloudy,1.0,68
2024-02-03,14,5,1,2,Cafeteria A,6.4,4.2,75.7,5.1,Cloudy,1.0,42
2024-02-03,14,5,1,2,Food Court B,6.4,4.2,75.7,5.1,Cloudy,1.0,54
2024-02-03,14,5,1,2,Restaurant C,6.4,4.2,75.7,5.1,Cloudy,1.0,27
2024-02-03,14,5,1,2,Canteen D,6.4,4.2,75.7,5.1,Cloudy,1.0,32
2024-02-03,15,5,1,2,Cafeteria A,6.4,4.2,75.7,5.1,Cloudy,1.0,10
2024-02-03,15,5,1,2,Food Court B,6.4,4.2,75.7,5.1,Cloudy,1.0,13
2024-02-03,15,5,1,2,Restaurant C,6.4,4.2,75.7,5.1,Cloudy,1.0,5
2024-02-03,15,5,1,2,Canteen D,6.4,4.2,75.7,5.1,Cloudy,1.0,8
2024-02-04,9,6,1,2,Cafeteria A,8.5,6.4,74.4,8.6,Cloudy,1.0,1
2024-02-04,9,6,1,2,Food Court B,8.5,6.4,74.4,8.6,Cloudy,1.0,1
2024-02-04,9,6,1,2,Restaurant C,8.5,6.4,74.4,8.6,Cloudy,1.0,0
2024-02-04,9,6,1,2,Canteen D,8.5,6.4,74.4,8.6,Cloudy,1.0,0
2024-02-04,10,6,1,2,Cafeteria A,8.5,6.4,74.4,8.6,Cloudy,1.0,9
2024-02-04,10,6,1,2,Food Court B,8.5,6.4,74.4,8.6,Cloudy,1.0,13
2024-02-04,10,6,1,2,Restaurant C,8.5,6.4,74.4,8.6,Cloudy,1.0,7
2024-02-04,10,6,1,2,Canteen D,8.5,6.4,74.4,8.6,Cloudy,1.0,8
2024-02-04,11,6,1,2,Cafeteria A,8.5,6.4,74.4,8.6,Cloudy,1.0,39
2024-02-04,11,6,1,2,Food Court B,8.5,6.4,74.4,8.6,Cloudy,1.0,53
2024-02-04,11,6,1,2,Restaurant C,8.5,6.4,74.4,8.6,Cloudy,1.0,27
2024-02-04,11,6,1,2,Canteen D,8.5,6.4,74.4,8.6,Cloudy,1.0,35
2024-02-04,12,6,1,2,Cafeteria A,8.5,6.4,74.4,8.6,Cloudy,1.0,75
2024-02-04,12,6,1,2,Food Court B,8.5,6.4,74.4,8.6,Cloudy,1.0,111
2024-02-04,12,6,1,2,Restaurant C,8.5,6.4,74.4,8.6,Cloudy,1.0,54
2024-02-04,12,6,1,2,Canteen D,8.5,6.4,74.4,8.6,Cloudy,1.0,73
2024-02-04,13,6,1,2,Cafeteria A,8.5,6.4,74.4,8.6,Cloudy,1.0,80
2024-02-04,13,6,1,2,Food Court B,8.5,6.4,74.4,8.6,Cloudy,1.0,108
2024-02-04,13,6,1,2,Restaurant C,8.5,6.4,74.4,8.6,Cloudy,1.0,59
2024-02-04,13,6,1,2,Canteen D,8.5,6.4,74.4,8.6,Cloudy,1.0,59
2024-02-04,14,6,1,2,Cafeteria A,8.5,6.4,74.4,8.6,Cloudy,1.0,46
2024-02-04,14,6,1,2,Food Court B,8.5,6.4,74.4,8.6,Cloudy,1.0,54
2024-02-04,14,6,1,2,Restaurant C,8.5,6.4,74.4,8.6,Cloudy,1.0,24
2024-02-04,14,6,1,2,Canteen D,8.5,6.4,74.4,8.6,Cloudy,1.0,31
2024-02-04,15,6,1,2,Cafeteria A,8.5,6.4,74.4,8.6,Cloudy,1.0,10
2024-02-04,15,6,1,2,Food Court B,8.5,6.4,74.4,8.6,Cloudy,1.0,11
2024-02-04,15,6,1,2,Restaurant C,8.5,6.4,74.4,8.6,Cloudy,1.0,6
2024-02-04,15,6,1,2,Canteen D,8.5,6.4,74.4,8.6,Cloudy,1.0,7
2024-02-05,9,0,0,2,Cafeteria A,7.6,5.2,75.0,9.2,Windy,0.85,2
2024-02-05,9,0,0,2,Food Court B,7.6,5.2,75.0,9.2,Windy,0.85,3
2024-02-05,9,0,0,2,Restaurant C,7.6,5.2,75.0,9.2,Windy,0.85,1
2024-02-05,9,0,0,2,Canteen D,7.6,5.2,75.0,9.2,Windy,0.85,2
2024-02-05,10,0,0,2,Cafeteria A,7.6,5.2,75.0,9.2,Windy,0.85,21
2024-02-05,10,0,0,2,Food Court B,7.6,5.2,75.0,9.2,Windy,0.85,28
2024-02-05,10,0,0,2,Restaurant C,7.6,5.2,75.0,9.2,Windy,0.85,14
2024-02-05,10,0,0,2,Canteen D,7.6,5.2,75.0,9.2,Windy,0.85,16
2024-02-05,11,0,0,2,Cafeteria A,7.6,5.2,75.0,9.2,Windy,0.85,82
2024-02-05,11,0,0,2,Food Court B,7.6,5.2,75.0,9.2,Windy,0.85,122
2024-02-05,11,0,0,2,Restaurant C,7.6,5.2,75.0,9.2,Windy,0.85,55
2024-02-05,11,0,0,2,Canteen D,7.6,5.2,75.0,9.2,Windy,0.85,67
2024-02-05,12,0,0,2,Cafeteria A,7.6,5.2,75.0,9.2,Windy,0.85,160
2024-02-05,12,0,0,2,Food Court B,7.6,5.2,75.0,9.2,Windy,0.85,233
2024-02-05,12,0,0,2,Restaurant C,7.6,5.2,75.0,9.2,Windy,0.85,117
2024-02-05,12,0,0,2,Canteen D,7.6,5.2,75.0,9.2,Windy,0.85,128
2024-02-05,13,0,0,2,Cafeteria A,7.6,5.2,75.0,9.2,Windy,0.85,157
2024-02-05,13,0,0,2,Food Court B,7.6,5.2,75.0,9.2,Windy,0.85,227
2024-02-05,13,0,0,2,Restaurant C,7.6,5.2,75.0,9.2,Windy,0.85,116
2024-02-05,13,0,0,2,Canteen D,7.6,5.2,75.0,9.2,Windy,0.85,129
2024-02-05,14,0,0,2,Cafeteria A,7.6,5.2,75.0,9.2,Windy,0.85,96
2024-02-05,14,0,0,2,Food Court B,7.6,5.2,75.0,9.2,Windy,0.85,99
2024-02-05,14,0,0,2,Restaurant C,7.6,5.2,75.0,9.2,Windy,0.85,55
2024-02-05,14,0,0,2,Canteen D,7.6,5.2,75.0,9.2,Windy,0.85,75
2024-02-05,15,0,0,2,Cafeteria A,7.6,5.2,75.0,9.2,Windy,0.85,21
2024-02-05,15,0,0,2,Food Court B,7.6,5.2,75.0,9.2,Windy,0.85,28
2024-02-05,15,0,0,2,Restaurant C,7.6,5.2,75.0,9.2,Windy,0.85,13
2024-02-05,15,0,0,2,Canteen D,7.6,5.2,75.0,9.2,Windy,0.85,16
2024-02-06,9,1,0,2,Cafeteria A,8.9,5.7,74.9,8.4,Windy,0.85,2
2024-02-06,9,1,0,2,Food Court B,8.9,5.7,74.9,8.4,Windy,0.85,3
2024-02-06,9,1,0,2,Restaurant C,8.9,5.7,74.9,8.4,Windy,0.85,1
2024-02-06,9,1,0,2,Canteen D,8.9,5.7,74.9,8.4,Windy,0.85,2
2024-02-06,10,1,0,2,Cafeteria A,8.9,5.7,74.9,8.4,Windy,0.85,22
2024-02-06,10,1,0,2,Food Court B,8.9,5.7,74.9,8.4,Windy,0.85,31
2024-02-06,10,1,0,2,Restaurant C,8.9,5.7,74.9,8.4,Windy,0.85,13
2024-02-06,10,1,0,2,Canteen D,8.9,5.7,74.9,8.4,Windy,0.85,19
2024-02-06,11,1,0,2,Cafeteria A,8.9,5.7,74.9,8.4,Windy,0.85,95
2024-02-06,11,1,0,2,Food Court B,8.9,5.7,74.9,8.4,Windy,0.85,119
2024-02-06,11,1,0,2,Restaurant C,8.9,5.7,74.9,8.4,Windy,0.85,62
2024-02-06,11,1,0,2,Canteen D,8.9,5.7,74.9,8.4,Windy,0.85,74
2024-02-06,12,1,0,2,Cafeteria A,8.9,5.7,74.9,8.4,Windy,0.85,184
2024-02-06,12,1,0,2,Food Court B,8.9,5.7,74.9,8.4,Windy,0.85,204
2024-02-06,12,1,0,2,Restaurant C,8.9,5.7,74.9,8.4,Windy,0.85,102
2024-02-06,12,1,0,2,Canteen D,8.9,5.7,74.9,8.4,Windy,0.85,155
2024-02-06,13,1,0,2,Cafeteria A,8.9,5.7,74.9,8.4,Windy,0.85,184
2024-02-06,13,1,0,2,Food Court B,8.9,5.7,74.9,8.4,Windy,0.85,240
2024-02-06,13,1,0,2,Restaurant C,8.9,5.7,74.9,8.4,Windy,0.85,114
2024-02-06,13,1,0,2,Canteen D,8.9,5.7,74.9,8.4,Windy,0.85,127
2024-02-06,14,1,0,2,Cafeteria A,8.9,5.7,74.9,8.4,Windy,0.85,81
2024-02-06,14,1,0,2,Food Court B,8.9,5.7,74.9,8.4,Windy,0.85,116
2024-02-06,14,1,0,2,Restaurant C,8.9,5.7,74.9,8.4,Windy,0.85,56
2024-02-06,14,1,0,2,Canteen D,8.9,5.7,74.9,8.4,Windy,0.85,65
2024-02-06,15,1,0,2,Cafeteria A,8.9,5.7,74.9,8.4,Windy,0.85,22
2024-02-06,15,1,0,2,Food Court B,8.9,5.7,74.9,8.4,Windy,0.85,24
2024-02-06,15,1,0,2,Restaurant C,8.9,5.7,74.9,8.4,Windy,0.85,14
2024-02-06,15,1,0,2,Canteen D,8.9,5.7,74.9,8.4,Windy,0.85,16
2024-02-07,9,2,0,2,Cafeteria A,7.1,1.8,82.3,9.7,Cloudy,1.0,3
2024-02-07,9,2,0,2,Food Court B,7.1,1.8,82.3,9.7,Cloudy,1.0,3
2024-02-07,9,2,0,2,Restaurant C,7.1,1.8,82.3,9.7,Cloudy,1.0,2
2024-02-07,9,2,0,2,Canteen D,7.1,1.8,82.3,9.7,Cloudy,1.0,2
2024-02-07,10,2,0,2,Cafeteria A,7.1,1.8,82.3,9.7,Cloudy,1.0,27
2024-02-07,10,2,0,2,Food Court B,7.1,1.8,82.3,9.7,Cloudy,1.0,28
2024-02-07,10,2,0,2,Restaurant C,7.1,1.8,82.3,9.7,Cloudy,1.0,16
2024-02-07,10,2,0,2,Canteen D,7.1,1.8,82.3,9.7,Cloudy,1.0,18
2024-02-07,11,2,0,2,Cafeteria A,7.1,1.8,82.3,9.7,Cloudy,1.0,95
2024-02-07,11,2,0,2,Food Court B,7.1,1.8,82.3,9.7,Cloudy,1.0,142
2024-02-07,11,2,0,2,Restaurant C,7.1,1.8,82.3,9.7,Cloudy,1.0,59
2024-02-07,11,2,0,2,Canteen D,7.1,1.8,82.3,9.7,Cloudy,1.0,79
2024-02-07,12,2,0,2,Cafeteria A,7.1,1.8,82.3,9.7,Cloudy,1.0,209
2024-02-07,12,2,0,2,Food Court B,7.1,1.8,82.3,9.7,Cloudy,1.0,267
2024-02-07,12,2,0,2,Restaurant C,7.1,1.8,82.3,9.7,Cloudy,1.0,132
2024-02-07,12,2,0,2,Canteen D,7.1,1.8,82.3,9.7,Cloudy,1.0,141
2024-02-07,13,2,0,2,Cafeteria A,7.1,1.8,82.3,9.7,Cloudy,1.0,195
2024-02-07,13,2,0,2,Food Court B,7.1,1.8,82.3,9.7,Cloudy,1.0,255
2024-02-07,13,2,0,2,Restaurant C,7.1,1.8,82.3,9.7,Cloudy,1.0,118
2024-02-07,13,2,0,2,Canteen D,7.1,1.8,82.3,9.7,Cloudy,1.0,154
2024-02-07,14,2,0,2,Cafeteria A,7.1,1.8,82.3,9.7,Cloudy,1.0,90
2024-02-07,14,2,0,2,Food Court B,7.1,1.8,82.3,9.7,Cloudy,1.0,114
2024-02-07,14,2,0,2,Restaurant C,7.1,1.8,82.3,9.7,Cloudy,1.0,63
2024-02-07,14,2,0,2,Canteen D,7.1,1.8,82.3,9.7,Cloudy,1.0,72
2024-02-07,15,2,0,2,Cafeteria A,7.1,1.8,82.3,9.7,Cloudy,1.0,25
2024-02-07,15,2,0,2,Food Court B,7.1,1.8,82.3,9.7,Cloudy,1.0,33
2024-02-07,15,2,0,2,Restaurant C,7.1,1.8,82.3,9.7,Cloudy,1.0,17
2024-02-07,15,2,0,2,Canteen D,7.1,1.8,82.3,9.7,Cloudy,1.0,18
2024-02-08,9,3,0,2,Cafeteria A,13.2,7.2,76.8,21.1,Sunny,1.3,5
2024-02-08,9,3,0,2,Food Court B,13.2,7.2,76.8,21.1,Sunny,1.3,6
2024-02-08,9,3,0,2,Restaurant C,13.2,7.2,76.8,21.1,Sunny,1.3,3
2024-02-08,9,3,0,2,Canteen D,13.2,7.2,76.8,21.1,Sunny,1.3,3
2024-02-08,10,3,0,2,Cafeteria A,13.2,7.2,76.8,21.1,Sunny,1.3,39
2024-02-08,10,3,0,2,Food Court B,13.2,7.2,76.8,21.1,Sunny,1.3,41
2024-02-08,10,3,0,2,Restaurant C,13.2,7.2,76.8,21.1,Sunny,1.3,26
2024-02-08,10,3,0,2,Canteen D,13.2,7.2,76.8,21.1,Sunny,1.3,29
2024-02-08,11,3,0,2,Cafeteria A,13.2,7.2,76.8,21.1,Sunny,1.3,159
2024-02-08,11,3,0,2,Food Court B,13.2,7.2,76.8,21.1,Sunny,1.3,183
2024-02-08,11,3,0,2,Restaurant C,13.2,7.2,76.8,21.1,Sunny,1.3,98
2024-02-08,11,3,0,2,Canteen D,13.2,7.2,76.8,21.1,Sunny,1.3,117
2024-02-08,12,3,0,2,Cafeteria A,13.2,7.2,76.8,21.1,Sunny,1.3,313
2024-02-08,12,3,0,2,Food Court B,13.2,7.2,76.8,21.1,Sunny,1.3,334
2024-02-08,12,3,0,2,Restaurant C,13.2,7.2,76.8,21.1,Sunny,1.3,171
2024-02-08,12,3,0,2,Canteen D,13.2,7.2,76.8,21.1,Sunny,1.3,219
2024-02-08,13,3,0,2,Cafeteria A,13.2,7.2,76.8,21.1,Sunny,1.3,273
2024-02-08,13,3,0,2,Food Court B,13.2,7.2,76.8,21.1,Sunny,1.3,404
2024-02-08,13,3,0,2,Restaurant C,13.2,7.2,76.8,21.1,Sunny,1.3,178
2024-02-08,13,3,0,2,Canteen D,13.2,7.2,76.8,21.1,Sunny,1.3,260
2024-02-08,14,3,0,2,Cafeteria A,13.2,7.2,76.8,21.1,Sunny,1.3,142
2024-02-08,14,3,0,2,Food Court B,13.2,7.2,76.8,21.1,Sunny,1.3,171
2024-02-08,14,3,0,2,Restaurant C,13.2,7.2,76.8,21.1,Sunny,1.3,102
2024-02-08,14,3,0,2,Canteen D,13.2,7.2,76.8,21.1,Sunny,1.3,121
2024-02-08,15,3,0,2,Cafeteria A,13.2,7.2,76.8,21.1,Sunny,1.3,37
2024-02-08,15,3,0,2,Food Court B,13.2,7.2,76.8,21.1,Sunny,1.3,46
2024-02-08,15,3,0,2,Restaurant C,13.2,7.2,76.8,21.1,Sunny,1.3,25
2024-02-08,15,3,0,2,Canteen D,13.2,7.2,76.8,21.1,Sunny,1.3,27
2024-02-09,9,4,0,2,Cafeteria A,5.6,0.7,80.0,10.7,Rainy,0.75,2
2024-02-09,9,4,0,2,Food Court B,5.6,0.7,80.0,10.7,Rainy,0.75,3
2024-02-09,9,4,0,2,Restaurant C,5.6,0.7,80.0,10.7,Rainy,0.75,1
2024-02-09,9,4,0,2,Canteen D,5.6,0.7,80.0,10.7,Rainy,0.75,1
2024-02-09,10,4,0,2,Cafeteria A,5.6,0.7,80.0,10.7,Rainy,0.75,17
2024-02-09,10,4,0,2,Food Court B,5.6,0.7,80.0,10.7,Rainy,0.75,22
2024-02-09,10,4,0,2,Restaurant C,5.6,0.7,80.0,10.7,Rainy,0.75,13
2024-02-09,10,4,0,2,Canteen D,5.6,0.7,80.0,10.7,Rainy,0.75,12
2024-02-09,11,4,0,2,Cafeteria A,5.6,0.7,80.0,10.7,Rainy,0.75,80
2024-02-09,11,4,0,2,Food Court B,5.6,0.7,80.0,10.7,Rainy,0.75,94
2024-02-09,11,4,0,2,Restaurant C,5.6,0.7,80.0,10.7,Rainy,0.75,46
2024-02-09,11,4,0,2,Canteen D,5.6,0.7,80.0,10.7,Rainy,0.75,61
2024-02-09,12,4,0,2,Cafeteria A,5.6,0.7,80.0,10.7,Rainy,0.75,147
2024-02-09,12,4,0,2,Food Court B,5.6,0.7,80.0,10.7,Rainy,0.75,201
2024-02-09,12,4,0,2,Restaurant C,5.6,0.7,80.0,10.7,Rainy,0.75,104
2024-02-09,12,4,0,2,Canteen D,5.6,0.7,80.0,10.7,Rainy,0.75,114
2024-02-09,13,4,0,2,Cafeteria A,5.6,0.7,80.0,10.7,Rainy,0.75,140
2024-02-09,13,4,0,2,Food Court B,5.6,0.7,80.0,10.7,Rainy,0.75,189
2024-02-09,13,4,0,2,Restaurant C,5.6,0.7,80.0,10.7,Rainy,0.75,104
2024-02-09,13,4,0,2,Canteen D,5.6,0.7,80.0,10.7,Rainy,0.75,108
2024-02-09,14,4,0,2,Cafeteria A,5.6,0.7,80.0,10.7,Rainy,0.75,76
2024-02-09,14,4,0,2,Food Court B,5.6,0.7,80.0,10.7,Rainy,0.75,95
2024-02-09,14,4,0,2,Restaurant C,5.6,0.7,80.0,10.7,Rainy,0.75,50
2024-02-09,14,4,0,2,Canteen D,5.6,0.7,80.0,10.7,Rainy,0.75,53
2024-02-09,15,4,0,2,Cafeteria A,5.6,0.7,80.0,10.7,Rainy,0.75,19
2024-02-09,15,4,0,2,Food Court B,5.6,0.7,80.0,10.7,Rainy,0.75,25
2024-02-09,15,4,0,2,Restaurant C,5.6,0.7,80.0,10.7,Rainy,0.75,10
2024-02-09,15,4,0,2,Canteen D,5.6,0.7,80.0,10.7,Rainy,0.75,13
2024-02-10,9,5,1,2,Cafeteria A,8.9,6.6,82.2,11.2,Sunny,1.3,1
2024-02-10,9,5,1,2,Food Court B,8.9,6.6,82.2,11.2,Sunny,1.3,2
2024-02-10,9,5,1,2,Restaurant C,8.9,6.6,82.2,11.2,Sunny,1.3,1
2024-02-10,9,5,1,2,Canteen D,8.9,6.6,82.2,11.2,Sunny,1.3,1
2024-02-10,10,5,1,2,Cafeteria A,8.9,6.6,82.2,11.2,Sunny,1.3,13
2024-02-10,10,5,1,2,Food Court B,8.9,6.6,82.2,11.2,Sunny,1.3,19
2024-02-10,10,5,1,2,Restaurant C,8.9,6.6,82.2,11.2,Sunny,1.3,8
2024-02-10,10,5,1,2,Canteen D,8.9,6.6,82.2,11.2,Sunny,1.3,11
2024-02-10,11,5,1,2,Cafeteria A,8.9,6.6,82.2,11.2,Sunny,1.3,52
2024-02-10,11,5,1,2,Food Court B,8.9,6.6,82.2,11.2,Sunny,1.3,73
2024-02-10,11,5,1,2,Restaurant C,8.9,6.6,82.2,11.2,Sunny,1.3,32
2024-02-10,11,5,1,2,Canteen D,8.9,6.6,82.2,11.2,Sunny,1.3,47
2024-02-10,12,5,1,2,Cafeteria A,8.9,6.6,82.2,11.2,Sunny,1.3,108
2024-02-10,12,5,1,2,Food Court B,8.9,6.6,82.2,11.2,Sunny,1.3,128
2024-02-10,12,5,1,2,Restaurant C,8.9,6.6,82.2,11.2,Sunny,1.3,63
2024-02-10,12,5,1,2,Canteen D,8.9,6.6,82.2,11.2,Sunny,1.3,79
2024-02-10,13,5,1,2,Cafeteria A,8.9,6.6,82.2,11.2,Sunny,1.3,110
2024-02-10,13,5,1,2,Food Court B,8.9,6.6,82.2,11.2,Sunny,1.3,131
2024-02-10,13,5,1,2,Restaurant C,8.9,6.6,82.2,11.2,Sunny,1.3,76
2024-02-10,13,5,1,2,Canteen D,8.9,6.6,82.2,11.2,Sunny,1.3,84
2024-02-10,14,5,1,2,Cafeteria A,8.9,6.6,82.2,11.2,Sunny,1.3,51
2024-02-10,14,5,1,2,Food Court B,8.9,6.6,82.2,11.2,Sunny,1.3,70
2024-02-10,14,5,1,2,Restaurant C,8.9,6.6,82.2,11.2,Sunny,1.3,37
2024-02-10,14,5,1,2,Canteen D,8.9,6.6,82.2,11.2,Sunny,1.3,39
2024-02-10,15,5,1,2,Cafeteria A,8.9,6.6,82.2,11.2,Sunny,1.3,12
2024-02-10,15,5,1,2,Food Court B,8.9,6.6,82.2,11.2,Sunny,1.3,15
2024-02-10,15,5,1,2,Restaurant C,8.9,6.6,82.2,11.2,Sunny,1.3,9
2024-02-10,15,5,1,2,Canteen D,8.9,6.6,82.2,11.2,Sunny,1.3,11
2024-02-11,9,6,1,2,Cafeteria A,12.6,7.7,69.2,17.2,Windy,0.85,1
2024-02-11,9,6,1,2,Food Court B,12.6,7.7,69.2,17.2,Windy,0.85,1
2024-02-11,9,6,1,2,Restaurant C,12.6,7.7,69.2,17.2,Windy,0.85,0
2024-02-11,9,6,1,2,Canteen D,12.6,7.7,69.2,17.2,Windy,0.85,0
2024-02-11,10,6,1,2,Cafeteria A,12.6,7.7,69.2,17.2,Windy,0.85,9
2024-02-11,10,6,1,2,Food Court B,12.6,7.7,69.2,17.2,Windy,0.85,13
2024-02-11,10,6,1,2,Restaurant C,12.6,7.7,69.2,17.2,Windy,0.85,5
2024-02-11,10,6,1,2,Canteen D,12.6,7.7,69.2,17.2,Windy,0.85,6
2024-02-11,11,6,1,2,Cafeteria A,12.6,7.7,69.2,17.2,Windy,0.85,38
2024-02-11,11,6,1,2,Food Court B,12.6,7.7,69.2,17.2,Windy,0.85,53
2024-02-11,11,6,1,2,Restaurant C,12.6,7.7,69.2,17.2,Windy,0.85,23
2024-02-11,11,6,1,2,Canteen D,12.6,7.7,69.2,17.2,Windy,0.85,30
2024-02-11,12,6,1,2,Cafeteria A,12.6,7.7,69.2,17.2,Windy,0.85,68
2024-02-11,12,6,1,2,Food Court B,12.6,7.7,69.2,17.2,Windy,0.85,88
2024-02-11,12,6,1,2,Restaurant C,12.6,7.7,69.2,17.2,Windy,0.85,55
2024-02-11,12,6,1,2,Canteen D,12.6,7.7,69.2,17.2,Windy,0.85,67
2024-02-11,13,6,1,2,Cafeteria A,12.6,7.7,69.2,17.2,Windy,0.85,67
2024-02-11,13,6,1,2,Food Court B,12.6,7.7,69.2,17.2,Windy,0.85,106
2024-02-11,13,6,1,2,Restaurant C,12.6,7.7,69.2,17.2,Windy,0.85,51
2024-02-11,13,6,1,2,Canteen D,12.6,7.7,69.2,17.2,Windy,0.85,65
2024-02-11,14,6,1,2,Cafeteria A,12.6,7.7,69.2,17.2,Windy,0.85,38
2024-02-11,14,6,1,2,Food Court B,12.6,7.7,69.2,17.2,Windy,0.85,48
2024-02-11,14,6,1,2,Restaurant C,12.6,7.7,69.2,17.2,Windy,0.85,24
2024-02-11,14,6,1,2,Canteen D,12.6,7.7,69.2,17.2,Windy,0.85,31
2024-02-11,15,6,1,2,Cafeteria A,12.6,7.7,69.2,17.2,Windy,0.85,8
2024-02-11,15,6,1,2,Food Court B,12.6,7.7,69.2,17.2,Windy,0.85,10
2024-02-11,15,6,1,2,Restaurant C,12.6,7.7,69.2,17.2,Windy,0.85,5
2024-02-11,15,6,1,2,Canteen D,12.6,7.7,69.2,17.2,Windy,0.85,7
2024-02-12,9,0,0,2,Cafeteria A,10.8,6.2,62.9,13.4,Snowy,0.6,2
2024-02-12,9,0,0,2,Food Court B,10.8,6.2,62.9,13.4,Snowy,0.6,2
2024-02-12,9,0,0,2,Restaurant C,10.8,6.2,62.9,13.4,Snowy,0.6,1
2024-02-12,9,0,0,2,Canteen D,10.8,6.2,62.9,13.4,Snowy,0.6,1
2024-02-12,10,0,0,2,Cafeteria A,10.8,6.2,62.9,13.4,Snowy,0.6,17
2024-02-12,10,0,0,2,Food Court B,10.8,6.2,62.9,13.4,Snowy,0.6,22
2024-02-12,10,0,0,2,Restaurant C,10.8,6.2,62.9,13.4,Snowy,0.6,10
2024-02-12,10,0,0,2,Canteen D,10.8,6.2,62.9,13.4,Snowy,0.6,12
2024-02-12,11,0,0,2,Cafeteria A,10.8,6.2,62.9,13.4,Snowy,0.6,67
2024-02-12,11,0,0,2,Food Court B,10.8,6.2,62.9,13.4,Snowy,0.6,89
2024-02-12,11,0,0,2,Restaurant C,10.8,6.2,62.9,13.4,Snowy,0.6,42
2024-02-12,11,0,0,2,Canteen D,10.8,6.2,62.9,13.4,Snowy,0.6,45
2024-02-12,12,0,0,2,Cafeteria A,10.8,6.2,62.9,13.4,Snowy,0.6,145
2024-02-12,12,0,0,2,Food Court B,10.8,6.2,62.9,13.4,Snowy,0.6,171
2024-02-12,12,0,0,2,Restaurant C,10.8,6.2,62.9,13.4,Snowy,0.6,88
2024-02-12,12,0,0,2,Canteen D,10.8,6.2,62.9,13.4,Snowy,0.6,96
2024-02-12,13,0,0,2,Cafeteria A,10.8,6.2,62.9,13.4,Snowy,0.6,136
2024-02-12,13,0,0,2,Food Court B,10.8,6.2,62.9,13.4,Snowy,0.6,160
2024-02-12,13,0,0,2,Restaurant C,10.8,6.2,62.9,13.4,Snowy,0.6,87
2024-02-12,13,0,0,2,Canteen D,10.8,6.2,62.9,13.4,Snowy,0.6,93
2024-02-12,14,0,0,2,Cafeteria A,10.8,6.2,62.9,13.4,Snowy,0.6,68
2024-02-12,14,0,0,2,Food Court B,10.8,6.2,62.9,13.4,Snowy,0.6,91
2024-02-12,14,0,0,2,Restaurant C,10.8,6.2,62.9,13.4,Snowy,0.6,37
2024-02-12,14,0,0,2,Canteen D,10.8,6.2,62.9,13.4,Snowy,0.6,57
2024-02-12,15,0,0,2,Cafeteria A,10.8,6.2,62.9,13.4,Snowy,0.6,16
2024-02-12,15,0,0,2,Food Court B,10.8,6.2,62.9,13.4,Snowy,0.6,22
2024-02-12,15,0,0,2,Restaurant C,10.8,6.2,62.9,13.4,Snowy,0.6,11
2024-02-12,15,0,0,2,Canteen D,10.8,6.2,62.9,13.4,Snowy,0.6,13
2024-02-13,9,1,0,2,Cafeteria A,10.7,4.1,74.3,17.9,Cloudy,1.0,3
2024-02-13,9,1,0,2,Food Court B,10.7,4.1,74.3,17.9,Cloudy,1.0,4
2024-02-13,9,1,0,2,Restaurant C,10.7,4.1,74.3,17.9,Cloudy,1.0,2
2024-02-13,9,1,0,2,Canteen D,10.7,4.1,74.3,17.9,Cloudy,1.0,2
2024-02-13,10,1,0,2,Cafeteria A,10.7,4.1,74.3,17.9,Cloudy,1.0,29
2024-02-13,10,1,0,2,Food Court B,10.7,4.1,74.3,17.9,Cloudy,1.0,30
2024-02-13,10,1,0,2,Restaurant C,10.7,4.1,74.3,17.9,Cloudy,1.0,17
2024-02-13,10,1,0,2,Canteen D,10.7,4.1,74.3,17.9,Cloudy,1.0,18
2024-02-13,11,1,0,2,Cafeteria A,10.7,4.1,74.3,17.9,Cloudy,1.0,104
2024-02-13,11,1,0,2,Food Court B,10.7,4.1,74.3,17.9,Cloudy,1.0,132
2024-02-13,11,1,0,2,Restaurant C,10.7,4.1,74.3,17.9,Cloudy,1.0,68
2024-02-13,11,1,0,2,Canteen D,10.7,4.1,74.3,17.9,Cloudy,1.0,89
2024-02-13,12,1,0,2,Cafeteria A,10.7,4.1,74.3,17.9,Cloudy,1.0,212
2024-02-13,12,1,0,2,Food Court B,10.7,4.1,74.3,17.9,Cloudy,1.0,269
2024-02-13,12,1,0,2,Restaurant C,10.7,4.1,74.3,17.9,Cloudy,1.0,131
2024-02-13,12,1,0,2,Canteen D,10.7,4.1,74.3,17.9,Cloudy,1.0,166
2024-02-13,13,1,0,2,Cafeteria A,10.7,4.1,74.3,17.9,Cloudy,1.0,204
2024-02-13,13,1,0,2,Food Court B,10.7,4.1,74.3,17.9,Cloudy,1.0,245
2024-02-13,13,1,0,2,Restaurant C,10.7,4.1,74.3,17.9,Cloudy,1.0,143
2024-02-13,13,1,0,2,Canteen D,10.7,4.1,74.3,17.9,Cloudy,1.0,178
2024-02-13,14,1,0,2,Cafeteria A,10.7,4.1,74.3,17.9,Cloudy,1.0,112
2024-02-13,14,1,0,2,Food Court B,10.7,4.1,74.3,17.9,Cloudy,1.0,135
2024-02-13,14,1,0,2,Restaurant C,10.7,4.1,74.3,17.9,Cloudy,1.0,68
2024-02-13,14,1,0,2,Canteen D,10.7,4.1,74.3,17.9,Cloudy,1.0,93
2024-02-13,15,1,0,2,Cafeteria A,10.7,4.1,74.3,17.9,Cloudy,1.0,27
2024-02-13,15,1,0,2,Food Court B,10.7,4.1,74.3,17.9,Cloudy,1.0,33
2024-02-13,15,1,0,2,Restaurant C,10.7,4.1,74.3,17.9,Cloudy,1.0,15
2024-02-13,15,1,0,2,Canteen D,10.7,4.1,74.3,17.9,Cloudy,1.0,20
2024-02-14,9,2,0,2,Cafeteria A,4.8,-1.5,63.0,23.6,Windy,0.85,2
2024-02-14,9,2,0,2,Food Court B,4.8,-1.5,63.0,23.6,Windy,0.85,3
2024-02-14,9,2,0,2,Restaurant C,4.8,-1.5,63.0,23.6,Windy,0.85,1
2024-02-14,9,2,0,2,Canteen D,4.8,-1.5,63.0,23.6,Windy,0.85,2
2024-02-14,10,2,0,2,Cafeteria A,4.8,-1.5,63.0,23.6,Windy,0.85,18
2024-02-14,10,2,0,2,Food Court B,4.8,-1.5,63.0,23.6,Windy,0.85,23
2024-02-14,10,2,0,2,Restaurant C,4.8,-1.5,63.0,23.6,Windy,0.85,11
2024-02-14,10,2,0,2,Canteen D,4.8,-1.5,63.0,23.6,Windy,0.85,16
2024-02-14,11,2,0,2,Cafeteria A,4.8,-1.5,63.0,23.6,Windy,0.85,90
2024-02-14,11,2,0,2,Food Court B,4.8,-1.5,63.0,23.6,Windy,0.85,96
2024-02-14,11,2,0,2,Restaurant C,4.8,-1.5,63.0,23.6,Windy,0.85,58
2024-02-14,11,2,0,2,Canteen D,4.8,-1.5,63.0,23.6,Windy,0.85,57
2024-02-14,12,2,0,2,Cafeteria A,4.8,-1.5,63.0,23.6,Windy,0.85,182
2024-02-14,12,2,0,2,Food Court B,4.8,-1.5,63.0,23.6,Windy,0.85,199
2024-02-14,12,2,0,2,Restaurant C,4.8,-1.5,63.0,23.6,Windy,0.85,96
2024-02-14,12,2,0,2,Canteen D,4.8,-1.5,63.0,23.6,Windy,0.85,129
2024-02-14,13,2,0,2,Cafeteria A,4.8,-1.5,63.0,23.6,Windy,0.85,155
2024-02-14,13,2,0,2,Food Court B,4.8,-1.5,63.0,23.6,Windy,0.85,195
2024-02-14,13,2,0,2,Restaurant C,4.8,-1.5,63.0,23.6,Windy,0.85,101
2024-02-14,13,2,0,2,Canteen D,4.8,-1.5,63.0,23.6,Windy,0.85,139
2024-02-14,14,2,0,2,Cafeteria A,4.8,-1.5,63.0,23.6,Windy,0.85,83
2024-02-14,14,2,0,2,Food Court B,4.8,-1.5,63.0,23.6,Windy,0.85,98
2024-02-14,14,2,0,2,Restaurant C,4.8,-1.5,63.0,23.6,Windy,0.85,54
2024-02-14,14,2,0,2,Canteen D,4.8,-1.5,63.0,23.6,Windy,0.85,68
2024-02-14,15,2,0,2,Cafeteria A,4.8,-1.5,63.0,23.6,Windy,0.85,19
2024-02-14,15,2,0,2,Food Court B,4.8,-1.5,63.0,23.6,Windy,0.85,25
2024-02-14,15,2,0,2,Restaurant C,4.8,-1.5,63.0,23.6,Windy,0.85,12
2024-02-14,15,2,0,2,Canteen D,4.8,-1.5,63.0,23.6,Windy,0.85,14
2024-02-15,9,3,0,2,Cafeteria A,6.1,3.7,79.5,9.0,Cloudy,1.0,3
2024-02-15,9,3,0,2,Food Court B,6.1,3.7,79.5,9.0,Cloudy,1.0,3
2024-02-15,9,3,0,2,Restaurant C,6.1,3.7,79.5,9.0,Cloudy,1.0,2
2024-02-15,9,3,0,2,Canteen D,6.1,3.7,79.5,9.0,Cloudy,1.0,2
2024-02-15,10,3,0,2,Cafeteria A,6.1,3.7,79.5,9.0,Cloudy,1.0,26
2024-02-15,10,3,0,2,Food Court B,6.1,3.7,79.5,9.0,Cloudy,1.0,31
2024-02-15,10,3,0,2,Restaurant C,6.1,3.7,79.5,9.0,Cloudy,1.0,14
2024-02-15,10,3,0,2,Canteen D,6.1,3.7,79.5,9.0,Cloudy,1.0,20
2024-02-15,11,3,0,2,Cafeteria A,6.1,3.7,79.5,9.0,Cloudy,1.0,110
2024-02-15,11,3,0,2,Food Court B,6.1,3.7,79.5,9.0,Cloudy,1.0,127
2024-02-15,11,3,0,2,Restaurant C,6.1,3.7,79.5,9.0,Cloudy,1.0,68
2024-02-15,11,3,0,2,Canteen D,6.1,3.7,79.5,9.0,Cloudy,1.0,85
2024-02-15,12,3,0,2,Cafeteria A,6.1,3.7,79.5,9.0,Cloudy,1.0,186
2024-02-15,12,3,0,2,Food Court B,6.1,3.7,79.5,9.0,Cloudy,1.0,232
2024-02-15,12,3,0,2,Restaurant C,6.1,3.7,79.5,9.0,Cloudy,1.0,131
2024-02-15,12,3,0,2,Canteen D,6.1,3.7,79.5,9.0,Cloudy,1.0,153
2024-02-15,13,3,0,2,Cafeteria A,6.1,3.7,79.5,9.0,Cloudy,1.0,215
2024-02-15,13,3,0,2,Food Court B,6.1,3.7,79.5,9.0,Cloudy,1.0,273
2024-02-15,13,3,0,2,Restaurant C,6.1,3.7,79.5,9.0,Cloudy,1.0,123
2024-02-15,13,3,0,2,Canteen D,6.1,3.7,79.5,9.0,Cloudy,1.0,146
2024-02-15,14,3,0,2,Cafeteria A,6.1,3.7,79.5,9.0,Cloudy,1.0,106
2024-02-15,14,3,0,2,Food Court B,6.1,3.7,79.5,9.0,Cloudy,1.0,117
2024-02-15,14,3,0,2,Restaurant C,6.1,3.7,79.5,9.0,Cloudy,1.0,69
2024-02-15,14,3,0,2,Canteen D,6.1,3.7,79.5,9.0,Cloudy,1.0,76
2024-02-15,15,3,0,2,Cafeteria A,6.1,3.7,79.5,9.0,Cloudy,1.0,25
2024-02-15,15,3,0,2,Food Court B,6.1,3.7,79.5,9.0,Cloudy,1.0,28
2024-02-15,15,3,0,2,Restaurant C,6.1,3.7,79.5,9.0,Cloudy,1.0,16
2024-02-15,15,3,0,2,Canteen D,6.1,3.7,79.5,9.0,Cloudy,1.0,19
2024-02-16,9,4,0,2,Cafeteria A,5.4,2.8,78.1,10.2,Rainy,0.75,2
2024-02-16,9,4,0,2,Food Court B,5.4,2.8,78.1,10.2,Rainy,0.75,2
2024-02-16,9,4,0,2,Restaurant C,5.4,2.8,78.1,10.2,Rainy,0.75,1
2024-02-16,9,4,0,2,Canteen D,5.4,2.8,78.1,10.2,Rainy,0.75,1
2024-02-16,10,4,0,2,Cafeteria A,5.4,2.8,78.1,10.2,Rainy,0.75,18
2024-02-16,10,4,0,2,Food Court B,5.4,2.8,78.1,10.2,Rainy,0.75,21
2024-02-16,10,4,0,2,Restaurant C,5.4,2.8,78.1,10.2,Rainy,0.75,11
2024-02-16,10,4,0,2,Canteen D,5.4,2.8,78.1,10.2,Rainy,0.75,14
2024-02-16,11,4,0,2,Cafeteria A,5.4,2.8,78.1,10.2,Rainy,0.75,73
2024-02-16,11,4,0,2,Food Court B,5.4,2.8,78.1,10.2,Rainy,0.75,102
2024-02-16,11,4,0,2,Restaurant C,5.4,2.8,78.1,10.2,Rainy,0.75,43
2024-02-16,11,4,0,2,Canteen D,5.4,2.8,78.1,10.2,Rainy,0.75,60
2024-02-16,12,4,0,2,Cafeteria A,5.4,2.8,78.1,10.2,Rainy,0.75,144
2024-02-16,12,4,0,2,Food Court B,5.4,2.8,78.1,10.2,Rainy,0.75,181
2024-02-16,12,4,0,2,Restaurant C,5.4,2.8,78.1,10.2,Rainy,0.75,99
2024-02-16,12,4,0,2,Canteen D,5.4,2.8,78.1,10.2,Rainy,0.75,121
2024-02-16,13,4,0,2,Cafeteria A,5.4,2.8,78.1,10.2,Rainy,0.75,165
2024-02-16,13,4,0,2,Food Court B,5.4,2.8,78.1,10.2,Rainy,0.75,168
2024-02-16,13,4,0,2,Restaurant C,5.4,2.8,78.1,10.2,Rainy,0.75,85
2024-02-16,13,4,0,2,Canteen D,5.4,2.8,78.1,10.2,Rainy,0.75,122
2024-02-16,14,4,0,2,Cafeteria A,5.4,2.8,78.1,10.2,Rainy,0.75,75
2024-02-16,14,4,0,2,Food Court B,5.4,2.8,78.1,10.2,Rainy,0.75,87
2024-02-16,14,4,0,2,Restaurant C,5.4,2.8,78.1,10.2,Rainy,0.75,42
2024-02-16,14,4,0,2,Canteen D,5.4,2.8,78.1,10.2,Rainy,0.75,52
2024-02-16,15,4,0,2,Cafeteria A,5.4,2.8,78.1,10.2,Rainy,0.75,20
2024-02-16,15,4,0,2,Food Court B,5.4,2.8,78.1,10.2,Rainy,0.75,21
2024-02-16,15,4,0,2,Restaurant C,5.4,2.8,78.1,10.2,Rainy,0.75,11
2024-02-16,15,4,0,2,Canteen D,5.4,2.8,78.1,10.2,Rainy,0.75,13
2024-02-17,9,5,1,2,Cafeteria A,7.2,1.7,72.6,13.2,Cloudy,1.0,1
2024-02-17,9,5,1,2,Food Court B,7.2,1.7,72.6,13.2,Cloudy,1.0,1
2024-02-17,9,5,1,2,Restaurant C,7.2,1.7,72.6,13.2,Cloudy,1.0,0
2024-02-17,9,5,1,2,Canteen D,7.2,1.7,72.6,13.2,Cloudy,1.0,0
2024-02-17,10,5,1,2,Cafeteria A,7.2,1.7,72.6,13.2,Cloudy,1.0,9
2024-02-17,10,5,1,2,Food Court B,7.2,1.7,72.6,13.2,Cloudy,1.0,13
2024-02-17,10,5,1,2,Restaurant C,7.2,1.7,72.6,13.2,Cloudy,1.0,7
2024-02-17,10,5,1,2,Canteen D,7.2,1.7,72.6,13.2,Cloudy,1.0,8
2024-02-17,11,5,1,2,Cafeteria A,7.2,1.7,72.6,13.2,Cloudy,1.0,41
2024-02-17,11,5,1,2,Food Court B,7.2,1.7,72.6,13.2,Cloudy,1.0,53
2024-02-17,11,5,1,2,Restaurant C,7.2,1.7,72.6,13.2,Cloudy,1.0,26
2024-02-17,11,5,1,2,Canteen D,7.2,1.7,72.6,13.2,Cloudy,1.0,28
2024-02-17,12,5,1,2,Cafeteria A,7.2,1.7,72.6,13.2,Cloudy,1.0,82
2024-02-17,12,5,1,2,Food Court B,7.2,1.7,72.6,13.2,Cloudy,1.0,113
2024-02-17,12,5,1,2,Restaurant C,7.2,1.7,72.6,13.2,Cloudy,1.0,48
2024-02-17,12,5,1,2,Canteen D,7.2,1.7,72.6,13.2,Cloudy,1.0,67
2024-02-17,13,5,1,2,Cafeteria A,7.2,1.7,72.6,13.2,Cloudy,1.0,75
2024-02-17,13,5,1,2,Food Court B,7.2,1.7,72.6,13.2,Cloudy,1.0,103
2024-02-17,13,5,1,2,Restaurant C,7.2,1.7,72.6,13.2,Cloudy,1.0,47
2024-02-17,13,5,1,2,Canteen D,7.2,1.7,72.6,13.2,Cloudy,1.0,63
2024-02-17,14,5,1,2,Cafeteria A,7.2,1.7,72.6,13.2,Cloudy,1.0,43
2024-02-17,14,5,1,2,Food Court B,7.2,1.7,72.6,13.2,Cloudy,1.0,49
2024-02-17,14,5,1,2,Restaurant C,7.2,1.7,72.6,13.2,Cloudy,1.0,27
2024-02-17,14,5,1,2,Canteen D,7.2,1.7,72.6,13.2,Cloudy,1.0,34
2024-02-17,15,5,1,2,Cafeteria A,7.2,1.7,72.6,13.2,Cloudy,1.0,11
2024-02-17,15,5,1,2,Food Court B,7.2,1.7,72.6,13.2,Cloudy,1.0,11
2024-02-17,15,5,1,2,Restaurant C,7.2,1.7,72.6,13.2,Cloudy,1.0,6
2024-02-17,15,5,1,2,Canteen D,7.2,1.7,72.6,13.2,Cloudy,1.0,7
2024-02-18,9,6,1,2,Cafeteria A,12.6,10.4,71.0,8.3,Cloudy,1.0,1
2024-02-18,9,6,1,2,Food Court B,12.6,10.4,71.0,8.3,Cloudy,1.0,1
2024-02-18,9,6,1,2,Restaurant C,12.6,10.4,71.0,8.3,Cloudy,1.0,0
2024-02-18,9,6,1,2,Canteen D,12.6,10.4,71.0,8.3,Cloudy,1.0,1
2024-02-18,10,6,1,2,Cafeteria A,12.6,10.4,71.0,8.3,Cloudy,1.0,11
2024-02-18,10,6,1,2,Food Court B,12.6,10.4,71.0,8.3,Cloudy,1.0,12
2024-02-18,10,6,1,2,Restaurant C,12.6,10.4,71.0,8.3,Cloudy,1.0,6
2024-02-18,10,6,1,2,Canteen D,12.6,10.4,71.0,8.3,Cloudy,1.0,8
2024-02-18,11,6,1,2,Cafeteria A,12.6,10.4,71.0,8.3,Cloudy,1.0,43
2024-02-18,11,6,1,2,Food Court B,12.6,10.4,71.0,8.3,Cloudy,1.0,50
2024-02-18,11,6,1,2,Restaurant C,12.6,10.4,71.0,8.3,Cloudy,1.0,32
2024-02-18,11,6,1,2,Canteen D,12.6,10.4,71.0,8.3,Cloudy,1.0,36
2024-02-18,12,6,1,2,Cafeteria A,12.6,10.4,71.0,8.3,Cloudy,1.0,86
2024-02-18,12,6,1,2,Food Court B,12.6,10.4,71.0,8.3,Cloudy,1.0,110
2024-02-18,12,6,1,2,Restaurant C,12.6,10.4,71.0,8.3,Cloudy,1.0,57
2024-02-18,12,6,1,2,Canteen D,12.6,10.4,71.0,8.3,Cloudy,1.0,72
2024-02-18,13,6,1,2,Cafeteria A,12.6,10.4,71.0,8.3,Cloudy,1.0,90
2024-02-18,13,6,1,2,Food Court B,12.6,10.4,71.0,8.3,Cloudy,1.0,124
2024-02-18,13,6,1,2,Restaurant C,12.6,10.4,71.0,8.3,Cloudy,1.0,58
2024-02-18,13,6,1,2,Canteen D,12.6,10.4,71.0,8.3,Cloudy,1.0,79
2024-02-18,14,6,1,2,Cafeteria A,12.6,10.4,71.0,8.3,Cloudy,1.0,49
2024-02-18,14,6,1,2,Food Court B,12.6,10.4,71.0,8.3,Cloudy,1.0,52
2024-02-18,14,6,1,2,Restaurant C,12.6,10.4,71.0,8.3,Cloudy,1.0,32
2024-02-18,14,6,1,2,Canteen D,12.6,10.4,71.0,8.3,Cloudy,1.0,32
2024-02-18,15,6,1,2,Cafeteria A,12.6,10.4,71.0,8.3,Cloudy,1.0,12
2024-02-18,15,6,1,2,Food Court B,12.6,10.4,71.0,8.3,Cloudy,1.0,13
2024-02-18,15,6,1,2,Restaurant C,12.6,10.4,71.0,8.3,Cloudy,1.0,7
2024-02-18,15,6,1,2,Canteen D,12.6,10.4,71.0,8.3,Cloudy,1.0,9
2024-02-19,9,0,0,2,Cafeteria A,10.7,6.6,76.2,11.1,Cloudy,1.0,3
2024-02-19,9,0,0,2,Food Court B,10.7,6.6,76.2,11.1,Cloudy,1.0,4
2024-02-19,9,0,0,2,Restaurant C,10.7,6.6,76.2,11.1,Cloudy,1.0,2
2024-02-19,9,0,0,2,Canteen D,10.7,6.6,76.2,11.1,Cloudy,1.0,2
2024-02-19,10,0,0,2,Cafeteria A,10.7,6.6,76.2,11.1,Cloudy,1.0,28
2024-02-19,10,0,0,2,Food Court B,10.7,6.6,76.2,11.1,Cloudy,1.0,36
2024-02-19,10,0,0,2,Restaurant C,10.7,6.6,76.2,11.1,Cloudy,1.0,15
2024-02-19,10,0,0,2,Canteen D,10.7,6.6,76.2,11.1,Cloudy,1.0,23
2024-02-19,11,0,0,2,Cafeteria A,10.7,6.6,76.2,11.1,Cloudy,1.0,120
2024-02-19,11,0,0,2,Food Court B,10.7,6.6,76.2,11.1,Cloudy,1.0,135
2024-02-19,11,0,0,2,Restaurant C,10.7,6.6,76.2,11.1,Cloudy,1.0,71
2024-02-19,11,0,0,2,Canteen D,10.7,6.6,76.2,11.1,Cloudy,1.0,91
2024-02-19,12,0,0,2,Cafeteria A,10.7,6.6,76.2,11.1,Cloudy,1.0,201
2024-02-19,12,0,0,2,Food Court B,10.7,6.6,76.2,11.1,Cloudy,1.0,273
2024-02-19,12,0,0,2,Restaurant C,10.7,6.6,76.2,11.1,Cloudy,1.0,137
2024-02-19,12,0,0,2,Canteen D,10.7,6.6,76.2,11.1,Cloudy,1.0,157
2024-02-19,13,0,0,2,Cafeteria A,10.7,6.6,76.2,11.1,Cloudy,1.0,211
2024-02-19,13,0,0,2,Food Court B,10.7,6.6,76.2,11.1,Cloudy,1.0,244
2024-02-19,13,0,0,2,Restaurant C,10.7,6.6,76.2,11.1,Cloudy,1.0,124
2024-02-19,13,0,0,2,Canteen D,10.7,6.6,76.2,11.1,Cloudy,1.0,156
2024-02-19,14,0,0,2,Cafeteria A,10.7,6.6,76.2,11.1,Cloudy,1.0,121
2024-02-19,14,0,0,2,Food Court B,10.7,6.6,76.2,11.1,Cloudy,1.0,138
2024-02-19,14,0,0,2,Restaurant C,10.7,6.6,76.2,11.1,Cloudy,1.0,77
2024-02-19,14,0,0,2,Canteen D,10.7,6.6,76.2,11.1,Cloudy,1.0,84
2024-02-19,15,0,0,2,Cafeteria A,10.7,6.6,76.2,11.1,Cloudy,1.0,25
2024-02-19,15,0,0,2,Food Court B,10.7,6.6,76.2,11.1,Cloudy,1.0,34
2024-02-19,15,0,0,2,Restaurant C,10.7,6.6,76.2,11.1,Cloudy,1.0,17
2024-02-19,15,0,0,2,Canteen D,10.7,6.6,76.2,11.1,Cloudy,1.0,19
2024-02-20,9,1,0,2,Cafeteria A,5.4,3.6,80.5,7.2,Rainy,0.75,2
2024-02-20,9,1,0,2,Food Court B,5.4,3.6,80.5,7.2,Rainy,0.75,3
2024-02-20,9,1,0,2,Restaurant C,5.4,3.6,80.5,7.2,Rainy,0.75,1
2024-02-20,9,1,0,2,Canteen D,5.4,3.6,80.5,7.2,Rainy,0.75,1
2024-02-20,10,1,0,2,Cafeteria A,5.4,3.6,80.5,7.2,Rainy,0.75,20
2024-02-20,10,1,0,2,Food Court B,5.4,3.6,80.5,7.2,Rainy,0.75,20
2024-02-20,10,1,0,2,Restaurant C,5.4,3.6,80.5,7.2,Rainy,0.75,12
2024-02-20,10,1,0,2,Canteen D,5.4,3.6,80.5,7.2,Rainy,0.75,16
2024-02-20,11,1,0,2,Cafeteria A,5.4,3.6,80.5,7.2,Rainy,0.75,69
2024-02-20,11,1,0,2,Food Court B,5.4,3.6,80.5,7.2,Rainy,0.75,84
2024-02-20,11,1,0,2,Restaurant C,5.4,3.6,80.5,7.2,Rainy,0.75,43
2024-02-20,11,1,0,2,Canteen D,5.4,3.6,80.5,7.2,Rainy,0.75,55
2024-02-20,12,1,0,2,Cafeteria A,5.4,3.6,80.5,7.2,Rainy,0.75,133
2024-02-20,12,1,0,2,Food Court B,5.4,3.6,80.5,7.2,Rainy,0.75,192
2024-02-20,12,1,0,2,Restaurant C,5.4,3.6,80.5,7.2,Rainy,0.75,84
2024-02-20,12,1,0,2,Canteen D,5.4,3.6,80.5,7.2,Rainy,0.75,116
2024-02-20,13,1,0,2,Cafeteria A,5.4,3.6,80.5,7.2,Rainy,0.75,165
2024-02-20,13,1,0,2,Food Court B,5.4,3.6,80.5,7.2,Rainy,0.75,198
2024-02-20,13,1,0,2,Restaurant C,5.4,3.6,80.5,7.2,Rainy,0.75,97
2024-02-20,13,1,0,2,Canteen D,5.4,3.6,80.5,7.2,Rainy,0.75,110
2024-02-20,14,1,0,2,Cafeteria A,5.4,3.6,80.5,7.2,Rainy,0.75,75
2024-02-20,14,1,0,2,Food Court B,5.4,3.6,80.5,7.2,Rainy,0.75,92
2024-02-20,14,1,0,2,Restaurant C,5.4,3.6,80.5,7.2,Rainy,0.75,46
2024-02-20,14,1,0,2,Canteen D,5.4,3.6,80.5,7.2,Rainy,0.75,52
2024-02-20,15,1,0,2,Cafeteria A,5.4,3.6,80.5,7.2,Rainy,0.75,20
2024-02-20,15,1,0,2,Food Court B,5.4,3.6,80.5,7.2,Rainy,0.75,22
2024-02-20,15,1,0,2,Restaurant C,5.4,3.6,80.5,7.2,Rainy,0.75,10
2024-02-20,15,1,0,2,Canteen D,5.4,3.6,80.5,7.2,Rainy,0.75,13
2024-02-21,9,2,0,2,Cafeteria A,12.6,7.3,67.4,9.1,Rainy,0.75,2
2024-02-21,9,2,0,2,Food Court B,12.6,7.3,67.4,9.1,Rainy,0.75,3
2024-02-21,9,2,0,2,Restaurant C,12.6,7.3,67.4,9.1,Rainy,0.75,1
2024-02-21,9,2,0,2,Canteen D,12.6,7.3,67.4,9.1,Rainy,0.75,1
2024-02-21,10,2,0,2,Cafeteria A,12.6,7.3,67.4,9.1,Rainy,0.75,21
2024-02-21,10,2,0,2,Food Court B,12.6,7.3,67.4,9.1,Rainy,0.75,24
2024-02-21,10,2,0,2,Restaurant C,12.6,7.3,67.4,9.1,Rainy,0.75,12
2024-02-21,10,2,0,2,Canteen D,12.6,7.3,67.4,9.1,Rainy,0.75,15
2024-02-21,11,2,0,2,Cafeteria A,12.6,7.3,67.4,9.1,Rainy,0.75,94
2024-02-21,11,2,0,2,Food Court B,12.6,7.3,67.4,9.1,Rainy,0.75,113
2024-02-21,11,2,0,2,Restaurant C,12.6,7.3,67.4,9.1,Rainy,0.75,60
2024-02-21,11,2,0,2,Canteen D,12.6,7.3,67.4,9.1,Rainy,0.75,66
2024-02-21,12,2,0,2,Cafeteria A,12.6,7.3,67.4,9.1,Rainy,0.75,153
2024-02-21,12,2,0,2,Food Court B,12.6,7.3,67.4,9.1,Rainy,0.75,214
2024-02-21,12,2,0,2,Restaurant C,12.6,7.3,67.4,9.1,Rainy,0.75,107
2024-02-21,12,2,0,2,Canteen D,12.6,7.3,67.4,9.1,Rainy,0.75,144
2024-02-21,13,2,0,2,Cafeteria A,12.6,7.3,67.4,9.1,Rainy,0.75,153
2024-02-21,13,2,0,2,Food Court B,12.6,7.3,67.4,9.1,Rainy,0.75,211
2024-02-21,13,2,0,2,Restaurant C,12.6,7.3,67.4,9.1,Rainy,0.75,99
2024-02-21,13,2,0,2,Canteen D,12.6,7.3,67.4,9.1,Rainy,0.75,127
2024-02-21,14,2,0,2,Cafeteria A,12.6,7.3,67.4,9.1,Rainy,0.75,89
2024-02-21,14,2,0,2,Food Court B,12.6,7.3,67.4,9.1,Rainy,0.75,105
2024-02-21,14,2,0,2,Restaurant C,12.6,7.3,67.4,9.1,Rainy,0.75,52
2024-02-21,14,2,0,2,Canteen D,12.6,7.3,67.4,9.1,Rainy,0.75,64
2024-02-21,15,2,0,2,Cafeteria A,12.6,7.3,67.4,9.1,Rainy,0.75,20
2024-02-21,15,2,0,2,Food Court B,12.6,7.3,67.4,9.1,Rainy,0.75,28
2024-02-21,15,2,0,2,Restaurant C,12.6,7.3,67.4,9.1,Rainy,0.75,14
2024-02-21,15,2,0,2,Canteen D,12.6,7.3,67.4,9.1,Rainy,0.75,18
2024-02-22,9,3,0,2,Cafeteria A,7.0,5.4,82.7,4.0,Rainy,0.75,2
2024-02-22,9,3,0,2,Food Court B,7.0,5.4,82.7,4.0,Rainy,0.75,2
2024-02-22,9,3,0,2,Restaurant C,7.0,5.4,82.7,4.0,Rainy,0.75,1
2024-02-22,9,3,0,2,Canteen D,7.0,5.4,82.7,4.0,Rainy,0.75,1
2024-02-22,10,3,0,2,Cafeteria A,7.0,5.4,82.7,4.0,Rainy,0.75,19
2024-02-22,10,3,0,2,Food Court B,7.0,5.4,82.7,4.0,Rainy,0.75,24
2024-02-22,10,3,0,2,Restaurant C,7.0,5.4,82.7,4.0,Rainy,0.75,13
2024-02-22,10,3,0,2,Canteen D,7.0,5.4,82.7,4.0,Rainy,0.75,15
2024-02-22,11,3,0,2,Cafeteria A,7.0,5.4,82.7,4.0,Rainy,0.75,78
2024-02-22,11,3,0,2,Food Court B,7.0,5.4,82.7,4.0,Rainy,0.75,85
2024-02-22,11,3,0,2,Restaurant C,7.0,5.4,82.7,4.0,Rainy,0.75,49
2024-02-22,11,3,0,2,Canteen D,7.0,5.4,82.7,4.0,Rainy,0.75,54
2024-02-22,12,3,0,2,Cafeteria A,7.0,5.4,82.7,4.0,Rainy,0.75,161
2024-02-22,12,3,0,2,Food Court B,7.0,5.4,82.7,4.0,Rainy,0.75,191
2024-02-22,12,3,0,2,Restaurant C,7.0,5.4,82.7,4.0,Rainy,0.75,102
2024-02-22,12,3,0,2,Canteen D,7.0,5.4,82.7,4.0,Rainy,0.75,106
2024-02-22,13,3,0,2,Cafeteria A,7.0,5.4,82.7,4.0,Rainy,0.75,137
2024-02-22,13,3,0,2,Food Court B,7.0,5.4,82.7,4.0,Rainy,0.75,200
2024-02-22,13,3,0,2,Restaurant C,7.0,5.4,82.7,4.0,Rainy,0.75,87
2024-02-22,13,3,0,2,Canteen D,7.0,5.4,82.7,4.0,Rainy,0.75,107
2024-02-22,14,3,0,2,Cafeteria A,7.0,5.4,82.7,4.0,Rainy,0.75,67
2024-02-22,14,3,0,2,Food Court B,7.0,5.4,82.7,4.0,Rainy,0.75,105
2024-02-22,14,3,0,2,Restaurant C,7.0,5.4,82.7,4.0,Rainy,0.75,51
2024-02-22,14,3,0,2,Canteen D,7.0,5.4,82.7,4.0,Rainy,0.75,57
2024-02-22,15,3,0,2,Cafeteria A,7.0,5.4,82.7,4.0,Rainy,0.75,18
2024-02-22,15,3,0,2,Food Court B,7.0,5.4,82.7,4.0,Rainy,0.75,22
2024-02-22,15,3,0,2,Restaurant C,7.0,5.4,82.7,4.0,Rainy,0.75,13
2024-02-22,15,3,0,2,Canteen D,7.0,5.4,82.7,4.0,Rainy,0.75,15
2024-02-23,9,4,0,2,Cafeteria A,7.6,3.0,70.4,17.9,Sunny,1.3,3
2024-02-23,9,4,0,2,Food Court B,7.6,3.0,70.4,17.9,Sunny,1.3,4
2024-02-23,9,4,0,2,Restaurant C,7.6,3.0,70.4,17.9,Sunny,1.3,2
2024-02-23,9,4,0,2,Canteen D,7.6,3.0,70.4,17.9,Sunny,1.3,3
2024-02-23,10,4,0,2,Cafeteria A,7.6,3.0,70.4,17.9,Sunny,1.3,31
2024-02-23,10,4,0,2,Food Court B,7.6,3.0,70.4,17.9,Sunny,1.3,44
2024-02-23,10,4,0,2,Restaurant C,7.6,3.0,70.4,17.9,Sunny,1.3,22
2024-02-23,10,4,0,2,Canteen D,7.6,3.0,70.4,17.9,Sunny,1.3,25
2024-02-23,11,4,0,2,Cafeteria A,7.6,3.0,70.4,17.9,Sunny,1.3,124
2024-02-23,11,4,0,2,Food Court B,7.6,3.0,70.4,17.9,Sunny,1.3,151
2024-02-23,11,4,0,2,Restaurant C,7.6,3.0,70.4,17.9,Sunny,1.3,88
2024-02-23,11,4,0,2,Canteen D,7.6,3.0,70.4,17.9,Sunny,1.3,111
2024-02-23,12,4,0,2,Cafeteria A,7.6,3.0,70.4,17.9,Sunny,1.3,277
2024-02-23,12,4,0,2,Food Court B,7.6,3.0,70.4,17.9,Sunny,1.3,337
2024-02-23,12,4,0,2,Restaurant C,7.6,3.0,70.4,17.9,Sunny,1.3,153
2024-02-23,12,4,0,2,Canteen D,7.6,3.0,70.4,17.9,Sunny,1.3,234
2024-02-23,13,4,0,2,Cafeteria A,7.6,3.0,70.4,17.9,Sunny,1.3,286
2024-02-23,13,4,0,2,Food Court B,7.6,3.0,70.4,17.9,Sunny,1.3,318
2024-02-23,13,4,0,2,Restaurant C,7.6,3.0,70.4,17.9,Sunny,1.3,191
2024-02-23,13,4,0,2,Canteen D,7.6,3.0,70.4,17.9,Sunny,1.3,215
2024-02-23,14,4,0,2,Cafeteria A,7.6,3.0,70.4,17.9,Sunny,1.3,136
2024-02-23,14,4,0,2,Food Court B,7.6,3.0,70.4,17.9,Sunny,1.3,177
2024-02-23,14,4,0,2,Restaurant C,7.6,3.0,70.4,17.9,Sunny,1.3,92
2024-02-23,14,4,0,2,Canteen D,7.6,3.0,70.4,17.9,Sunny,1.3,109
2024-02-23,15,4,0,2,Cafeteria A,7.6,3.0,70.4,17.9,Sunny,1.3,30
2024-02-23,15,4,0,2,Food Court B,7.6,3.0,70.4,17.9,Sunny,1.3,40
2024-02-23,15,4,0,2,Restaurant C,7.6,3.0,70.4,17.9,Sunny,1.3,23
2024-02-23,15,4,0,2,Canteen D,7.6,3.0,70.4,17.9,Sunny,1.3,24
2024-02-24,9,5,1,2,Cafeteria A,5.9,1.5,59.6,14.9,Cloudy,1.0,1
2024-02-24,9,5,1,2,Food Court B,5.9,1.5,59.6,14.9,Cloudy,1.0,1
2024-02-24,9,5,1,2,Restaurant C,5.9,1.5,59.6,14.9,Cloudy,1.0,0
2024-02-24,9,5,1,2,Canteen D,5.9,1.5,59.6,14.9,Cloudy,1.0,1
2024-02-24,10,5,1,2,Cafeteria A,5.9,1.5,59.6,14.9,Cloudy,1.0,10
2024-02-24,10,5,1,2,Food Court B,5.9,1.5,59.6,14.9,Cloudy,1.0,11
2024-02-24,10,5,1,2,Restaurant C,5.9,1.5,59.6,14.9,Cloudy,1.0,6
2024-02-24,10,5,1,2,Canteen D,5.9,1.5,59.6,14.9,Cloudy,1.0,8
2024-02-24,11,5,1,2,Cafeteria A,5.9,1.5,59.6,14.9,Cloudy,1.0,42
2024-02-24,11,5,1,2,Food Court B,5.9,1.5,59.6,14.9,Cloudy,1.0,54
2024-02-24,11,5,1,2,Restaurant C,5.9,1.5,59.6,14.9,Cloudy,1.0,23
2024-02-24,11,5,1,2,Canteen D,5.9,1.5,59.6,14.9,Cloudy,1.0,33
2024-02-24,12,5,1,2,Cafeteria A,5.9,1.5,59.6,14.9,Cloudy,1.0,78
2024-02-24,12,5,1,2,Food Court B,5.9,1.5,59.6,14.9,Cloudy,1.0,107
2024-02-24,12,5,1,2,Restaurant C,5.9,1.5,59.6,14.9,Cloudy,1.0,53
2024-02-24,12,5,1,2,Canteen D,5.9,1.5,59.6,14.9,Cloudy,1.0,66
2024-02-24,13,5,1,2,Cafeteria A,5.9,1.5,59.6,14.9,Cloudy,1.0,82
2024-02-24,13,5,1,2,Food Court B,5.9,1.5,59.6,14.9,Cloudy,1.0,91
2024-02-24,13,5,1,2,Restaurant C,5.9,1.5,59.6,14.9,Cloudy,1.0,51
2024-02-24,13,5,1,2,Canteen D,5.9,1.5,59.6,14.9,Cloudy,1.0,69
2024-02-24,14,5,1,2,Cafeteria A,5.9,1.5,59.6,14.9,Cloudy,1.0,43
2024-02-24,14,5,1,2,Food Court B,5.9,1.5,59.6,14.9,Cloudy,1.0,44
2024-02-24,14,5,1,2,Restaurant C,5.9,1.5,59.6,14.9,Cloudy,1.0,23
2024-02-24,14,5,1,2,Canteen D,5.9,1.5,59.6,14.9,Cloudy,1.0,28
2024-02-24,15,5,1,2,Cafeteria A,5.9,1.5,59.6,14.9,Cloudy,1.0,10
2024-02-24,15,5,1,2,Food Court B,5.9,1.5,59.6,14.9,Cloudy,1.0,13
2024-02-24,15,5,1,2,Restaurant C,5.9,1.5,59.6,14.9,Cloudy,1.0,5
2024-02-24,15,5,1,2,Canteen D,5.9,1.5,59.6,14.9,Cloudy,1.0,7
2024-02-25,9,6,1,2,Cafeteria A,10.5,9.1,77.4,13.2,Cloudy,1.0,1
2024-02-25,9,6,1,2,Food Court B,10.5,9.1,77.4,13.2,Cloudy,1.0,1
2024-02-25,9,6,1,2,Restaurant C,10.5,9.1,77.4,13.2,Cloudy,1.0,0
2024-02-25,9,6,1,2,Canteen D,10.5,9.1,77.4,13.2,Cloudy,1.0,1
2024-02-25,10,6,1,2,Cafeteria A,10.5,9.1,77.4,13.2,Cloudy,1.0,11
2024-02-25,10,6,1,2,Food Court B,10.5,9.1,77.4,13.2,Cloudy,1.0,14
2024-02-25,10,6,1,2,Restaurant C,10.5,9.1,77.4,13.2,Cloudy,1.0,6
2024-02-25,10,6,1,2,Canteen D,10.5,9.1,77.4,13.2,Cloudy,1.0,8
2024-02-25,11,6,1,2,Cafeteria A,10.5,9.1,77.4,13.2,Cloudy,1.0,38
2024-02-25,11,6,1,2,Food Court B,10.5,9.1,77.4,13.2,Cloudy,1.0,51
2024-02-25,11,6,1,2,Restaurant C,10.5,9.1,77.4,13.2,Cloudy,1.0,29
2024-02-25,11,6,1,2,Canteen D,10.5,9.1,77.4,13.2,Cloudy,1.0,38
2024-02-25,12,6,1,2,Cafeteria A,10.5,9.1,77.4,13.2,Cloudy,1.0,78
2024-02-25,12,6,1,2,Food Court B,10.5,9.1,77.4,13.2,Cloudy,1.0,106
2024-02-25,12,6,1,2,Restaurant C,10.5,9.1,77.4,13.2,Cloudy,1.0,59
2024-02-25,12,6,1,2,Canteen D,10.5,9.1,77.4,13.2,Cloudy,1.0,63
2024-02-25,13,6,1,2,Cafeteria A,10.5,9.1,77.4,13.2,Cloudy,1.0,88
2024-02-25,13,6,1,2,Food Court B,10.5,9.1,77.4,13.2,Cloudy,1.0,114
2024-02-25,13,6,1,2,Restaurant C,10.5,9.1,77.4,13.2,Cloudy,1.0,57
2024-02-25,13,6,1,2,Canteen D,10.5,9.1,77.4,13.2,Cloudy,1.0,63
2024-02-25,14,6,1,2,Cafeteria A,10.5,9.1,77.4,13.2,Cloudy,1.0,41
2024-02-25,14,6,1,2,Food Court B,10.5,9.1,77.4,13.2,Cloudy,1.0,58
2024-02-25,14,6,1,2,Restaurant C,10.5,9.1,77.4,13.2,Cloudy,1.0,28
2024-02-25,14,6,1,2,Canteen D,10.5,9.1,77.4,13.2,Cloudy,1.0,30
2024-02-25,15,6,1,2,Cafeteria A,10.5,9.1,77.4,13.2,Cloudy,1.0,11
2024-02-25,15,6,1,2,Food Court B,10.5,9.1,77.4,13.2,Cloudy,1.0,12
2024-02-25,15,6,1,2,Restaurant C,10.5,9.1,77.4,13.2,Cloudy,1.0,7
2024-02-25,15,6,1,2,Canteen D,10.5,9.1,77.4,13.2,Cloudy,1.0,7
2024-02-26,9,0,0,2,Cafeteria A,8.6,4.9,76.4,9.7,Cloudy,1.0,3
2024-02-26,9,0,0,2,Food Court B,8.6,4.9,76.4,9.7,Cloudy,1.0,4
2024-02-26,9,0,0,2,Restaurant C,8.6,4.9,76.4,9.7,Cloudy,1.0,2
2024-02-26,9,0,0,2,Canteen D,8.6,4.9,76.4,9.7,Cloudy,1.0,2
2024-02-26,10,0,0,2,Cafeteria A,8.6,4.9,76.4,9.7,Cloudy,1.0,27
2024-02-26,10,0,0,2,Food Court B,8.6,4.9,76.4,9.7,Cloudy,1.0,35
2024-02-26,10,0,0,2,Restaurant C,8.6,4.9,76.4,9.7,Cloudy,1.0,17
2024-02-26,10,0,0,2,Canteen D,8.6,4.9,76.4,9.7,Cloudy,1.0,20
2024-02-26,11,0,0,2,Cafeteria A,8.6,4.9,76.4,9.7,Cloudy,1.0,102
2024-02-26,11,0,0,2,Food Court B,8.6,4.9,76.4,9.7,Cloudy,1.0,137
2024-02-26,11,0,0,2,Restaurant C,8.6,4.9,76.4,9.7,Cloudy,1.0,59
2024-02-26,11,0,0,2,Canteen D,8.6,4.9,76.4,9.7,Cloudy,1.0,84
2024-02-26,12,0,0,2,Cafeteria A,8.6,4.9,76.4,9.7,Cloudy,1.0,202
2024-02-26,12,0,0,2,Food Court B,8.6,4.9,76.4,9.7,Cloudy,1.0,281
2024-02-26,12,0,0,2,Restaurant C,8.6,4.9,76.4,9.7,Cloudy,1.0,121
2024-02-26,12,0,0,2,Canteen D,8.6,4.9,76.4,9.7,Cloudy,1.0,168
2024-02-26,13,0,0,2,Cafeteria A,8.6,4.9,76.4,9.7,Cloudy,1.0,209
2024-02-26,13,0,0,2,Food Court B,8.6,4.9,76.4,9.7,Cloudy,1.0,271
2024-02-26,13,0,0,2,Restaurant C,8.6,4.9,76.4,9.7,Cloudy,1.0,120
2024-02-26,13,0,0,2,Canteen D,8.6,4.9,76.4,9.7,Cloudy,1.0,168
2024-02-26,14,0,0,2,Cafeteria A,8.6,4.9,76.4,9.7,Cloudy,1.0,106
2024-02-26,14,0,0,2,Food Court B,8.6,4.9,76.4,9.7,Cloudy,1.0,133
2024-02-26,14,0,0,2,Restaurant C,8.6,4.9,76.4,9.7,Cloudy,1.0,69
2024-02-26,14,0,0,2,Canteen D,8.6,4.9,76.4,9.7,Cloudy,1.0,85
2024-02-26,15,0,0,2,Cafeteria A,8.6,4.9,76.4,9.7,Cloudy,1.0,28
2024-02-26,15,0,0,2,Food Court B,8.6,4.9,76.4,9.7,Cloudy,1.0,30
2024-02-26,15,0,0,2,Restaurant C,8.6,4.9,76.4,9.7,Cloudy,1.0,18
2024-02-26,15,0,0,2,Canteen D,8.6,4.9,76.4,9.7,Cloudy,1.0,20
2024-02-27,9,1,0,2,Cafeteria A,12.3,10.1,64.9,12.4,Rainy,0.75,2
2024-02-27,9,1,0,2,Food Court B,12.3,10.1,64.9,12.4,Rainy,0.75,2
2024-02-27,9,1,0,2,Restaurant C,12.3,10.1,64.9,12.4,Rainy,0.75,1
2024-02-27,9,1,0,2,Canteen D,12.3,10.1,64.9,12.4,Rainy,0.75,2
2024-02-27,10,1,0,2,Cafeteria A,12.3,10.1,64.9,12.4,Rainy,0.75,18
2024-02-27,10,1,0,2,Food Court B,12.3,10.1,64.9,12.4,Rainy,0.75,24
2024-02-27,10,1,0,2,Restaurant C,12.3,10.1,64.9,12.4,Rainy,0.75,13
2024-02-27,10,1,0,2,Canteen D,12.3,10.1,64.9,12.4,Rainy,0.75,17
2024-02-27,11,1,0,2,Cafeteria A,12.3,10.1,64.9,12.4,Rainy,0.75,94
2024-02-27,11,1,0,2,Food Court B,12.3,10.1,64.9,12.4,Rainy,0.75,116
2024-02-27,11,1,0,2,Restaurant C,12.3,10.1,64.9,12.4,Rainy,0.75,56
2024-02-27,11,1,0,2,Canteen D,12.3,10.1,64.9,12.4,Rainy,0.75,65
2024-02-27,12,1,0,2,Cafeteria A,12.3,10.1,64.9,12.4,Rainy,0.75,174
2024-02-27,12,1,0,2,Food Court B,12.3,10.1,64.9,12.4,Rainy,0.75,225
2024-02-27,12,1,0,2,Restaurant C,12.3,10.1,64.9,12.4,Rainy,0.75,98
2024-02-27,12,1,0,2,Canteen D,12.3,10.1,64.9,12.4,Rainy,0.75,129
2024-02-27,13,1,0,2,Cafeteria A,12.3,10.1,64.9,12.4,Rainy,0.75,182
2024-02-27,13,1,0,2,Food Court B,12.3,10.1,64.9,12.4,Rainy,0.75,205
2024-02-27,13,1,0,2,Restaurant C,12.3,10.1,64.9,12.4,Rainy,0.75,110
2024-02-27,13,1,0,2,Canteen D,12.3,10.1,64.9,12.4,Rainy,0.75,135
2024-02-27,14,1,0,2,Cafeteria A,12.3,10.1,64.9,12.4,Rainy,0.75,77
2024-02-27,14,1,0,2,Food Court B,12.3,10.1,64.9,12.4,Rainy,0.75,101
2024-02-27,14,1,0,2,Restaurant C,12.3,10.1,64.9,12.4,Rainy,0.75,52
2024-02-27,14,1,0,2,Canteen D,12.3,10.1,64.9,12.4,Rainy,0.75,58
2024-02-27,15,1,0,2,Cafeteria A,12.3,10.1,64.9,12.4,Rainy,0.75,18
2024-02-27,15,1,0,2,Food Court B,12.3,10.1,64.9,12.4,Rainy,0.75,28
2024-02-27,15,1,0,2,Restaurant C,12.3,10.1,64.9,12.4,Rainy,0.75,12
2024-02-27,15,1,0,2,Canteen D,12.3,10.1,64.9,12.4,Rainy,0.75,16
2024-02-28,9,2,0,2,Cafeteria A,10.0,4.6,70.8,17.2,Sunny,1.3,4
2024-02-28,9,2,0,2,Food Court B,10.0,4.6,70.8,17.2,Sunny,1.3,5
2024-02-28,9,2,0,2,Restaurant C,10.0,4.6,70.8,17.2,Sunny,1.3,2
2024-02-28,9,2,0,2,Canteen D,10.0,4.6,70.8,17.2,Sunny,1.3,3
2024-02-28,10,2,0,2,Cafeteria A,10.0,4.6,70.8,17.2,Sunny,1.3,34
2024-02-28,10,2,0,2,Food Court B,10.0,4.6,70.8,17.2,Sunny,1.3,39
2024-02-28,10,2,0,2,Restaurant C,10.0,4.6,70.8,17.2,Sunny,1.3,20
2024-02-28,10,2,0,2,Canteen D,10.0,4.6,70.8,17.2,Sunny,1.3,28
2024-02-28,11,2,0,2,Cafeteria A,10.0,4.6,70.8,17.2,Sunny,1.3,139
2024-02-28,11,2,0,2,Food Court B,10.0,4.6,70.8,17.2,Sunny,1.3,172
2024-02-28,11,2,0,2,Restaurant C,10.0,4.6,70.8,17.2,Sunny,1.3,94
2024-02-28,11,2,0,2,Canteen D,10.0,4.6,70.8,17.2,Sunny,1.3,116
2024-02-28,12,2,0,2,Cafeteria A,10.0,4.6,70.8,17.2,Sunny,1.3,257
2024-02-28,12,2,0,2,Food Court B,10.0,4.6,70.8,17.2,Sunny,1.3,359
2024-02-28,12,2,0,2,Restaurant C,10.0,4.6,70.8,17.2,Sunny,1.3,164
2024-02-28,12,2,0,2,Canteen D,10.0,4.6,70.8,17.2,Sunny,1.3,233
2024-02-28,13,2,0,2,Cafeteria A,10.0,4.6,70.8,17.2,Sunny,1.3,290
2024-02-28,13,2,0,2,Food Court B,10.0,4.6,70.8,17.2,Sunny,1.3,388
2024-02-28,13,2,0,2,Restaurant C,10.0,4.6,70.8,17.2,Sunny,1.3,161
2024-02-28,13,2,0,2,Canteen D,10.0,4.6,70.8,17.2,Sunny,1.3,196
2024-02-28,14,2,0,2,Cafeteria A,10.0,4.6,70.8,17.2,Sunny,1.3,132
2024-02-28,14,2,0,2,Food Court B,10.0,4.6,70.8,17.2,Sunny,1.3,164
2024-02-28,14,2,0,2,Restaurant C,10.0,4.6,70.8,17.2,Sunny,1.3,84
2024-02-28,14,2,0,2,Canteen D,10.0,4.6,70.8,17.2,Sunny,1.3,120
2024-02-28,15,2,0,2,Cafeteria A,10.0,4.6,70.8,17.2,Sunny,1.3,32
2024-02-28,15,2,0,2,Food Court B,10.0,4.6,70.8,17.2,Sunny,1.3,41
2024-02-28,15,2,0,2,Restaurant C,10.0,4.6,70.8,17.2,Sunny,1.3,23
2024-02-28,15,2,0,2,Canteen D,10.0,4.6,70.8,17.2,Sunny,1.3,27
2024-02-29,9,3,0,2,Cafeteria A,7.4,8.3,74.0,0.1,Sunny,1.3,3
2024-02-29,9,3,0,2,Food Court B,7.4,8.3,74.0,0.1,Sunny,1.3,5
2024-02-29,9,3,0,2,Restaurant C,7.4,8.3,74.0,0.1,Sunny,1.3,2
2024-02-29,9,3,0,2,Canteen D,7.4,8.3,74.0,0.1,Sunny,1.3,3
2024-02-29,10,3,0,2,Cafeteria A,7.4,8.3,74.0,0.1,Sunny,1.3,36
2024-02-29,10,3,0,2,Food Court B,7.4,8.3,74.0,0.1,Sunny,1.3,42
2024-02-29,10,3,0,2,Restaurant C,7.4,8.3,74.0,0.1,Sunny,1.3,23
2024-02-29,10,3,0,2,Canteen D,7.4,8.3,74.0,0.1,Sunny,1.3,23
2024-02-29,11,3,0,2,Cafeteria A,7.4,8.3,74.0,0.1,Sunny,1.3,130
2024-02-29,11,3,0,2,Food Court B,7.4,8.3,74.0,0.1,Sunny,1.3,156
2024-02-29,11,3,0,2,Restaurant C,7.4,8.3,74.0,0.1,Sunny,1.3,90
2024-02-29,11,3,0,2,Canteen D,7.4,8.3,74.0,0.1,Sunny,1.3,116
2024-02-29,12,3,0,2,Cafeteria A,7.4,8.3,74.0,0.1,Sunny,1.3,250
2024-02-29,12,3,0,2,Food Court B,7.4,8.3,74.0,0.1,Sunny,1.3,345
2024-02-29,12,3,0,2,Restaurant C,7.4,8.3,74.0,0.1,Sunny,1.3,158
2024-02-29,12,3,0,2,Canteen D,7.4,8.3,74.0,0.1,Sunny,1.3,212
2024-02-29,13,3,0,2,Cafeteria A,7.4,8.3,74.0,0.1,Sunny,1.3,264
2024-02-29,13,3,0,2,Food Court B,7.4,8.3,74.0,0.1,Sunny,1.3,370
2024-02-29,13,3,0,2,Restaurant C,7.4,8.3,74.0,0.1,Sunny,1.3,175
2024-02-29,13,3,0,2,Canteen D,7.4,8.3,74.0,0.1,Sunny,1.3,201
2024-02-29,14,3,0,2,Cafeteria A,7.4,8.3,74.0,0.1,Sunny,1.3,120
2024-02-29,14,3,0,2,Food Court B,7.4,8.3,74.0,0.1,Sunny,1.3,152
2024-02-29,14,3,0,2,Restaurant C,7.4,8.3,74.0,0.1,Sunny,1.3,79
2024-02-29,14,3,0,2,Canteen D,7.4,8.3,74.0,0.1,Sunny,1.3,98
2024-02-29,15,3,0,2,Cafeteria A,7.4,8.3,74.0,0.1,Sunny,1.3,35
2024-02-29,15,3,0,2,Food Court B,7.4,8.3,74.0,0.1,Sunny,1.3,42
2024-02-29,15,3,0,2,Restaurant C,7.4,8.3,74.0,0.1,Sunny,1.3,21
2024-02-29,15,3,0,2,Canteen D,7.4,8.3,74.0,0.1,Sunny,1.3,23
2024-03-01,9,4,0,3,Cafeteria A,16.3,13.9,72.5,13.9,Sunny,1.3,4
2024-03-01,9,4,0,3,Food Court B,16.3,13.9,72.5,13.9,Sunny,1.3,6
2024-03-01,9,4,0,3,Restaurant C,16.3,13.9,72.5,13.9,Sunny,1.3,3
2024-03-01,9,4,0,3,Canteen D,16.3,13.9,72.5,13.9,Sunny,1.3,3
2024-03-01,10,4,0,3,Cafeteria A,16.3,13.9,72.5,13.9,Sunny,1.3,43
2024-03-01,10,4,0,3,Food Court B,16.3,13.9,72.5,13.9,Sunny,1.3,52
2024-03-01,10,4,0,3,Restaurant C,16.3,13.9,72.5,13.9,Sunny,1.3,26
2024-03-01,10,4,0,3,Canteen D,16.3,13.9,72.5,13.9,Sunny,1.3,30
2024-03-01,11,4,0,3,Cafeteria A,16.3,13.9,72.5,13.9,Sunny,1.3,153
2024-03-01,11,4,0,3,Food Court B,16.3,13.9,72.5,13.9,Sunny,1.3,203
2024-03-01,11,4,0,3,Restaurant C,16.3,13.9,72.5,13.9,Sunny,1.3,101
2024-03-01,11,4,0,3,Canteen D,16.3,13.9,72.5,13.9,Sunny,1.3,110
2024-03-01,12,4,0,3,Cafeteria A,16.3,13.9,72.5,13.9,Sunny,1.3,314
2024-03-01,12,4,0,3,Food Court B,16.3,13.9,72.5,13.9,Sunny,1.3,421
2024-03-01,12,4,0,3,Restaurant C,16.3,13.9,72.5,13.9,Sunny,1.3,199
2024-03-01,12,4,0,3,Canteen D,16.3,13.9,72.5,13.9,Sunny,1.3,220
2024-03-01,13,4,0,3,Cafeteria A,16.3,13.9,72.5,13.9,Sunny,1.3,335
2024-03-01,13,4,0,3,Food Court B,16.3,13.9,72.5,13.9,Sunny,1.3,364
2024-03-01,13,4,0,3,Restaurant C,16.3,13.9,72.5,13.9,Sunny,1.3,190
2024-03-01,13,4,0,3,Canteen D,16.3,13.9,72.5,13.9,Sunny,1.3,226
2024-03-01,14,4,0,3,Cafeteria A,16.3,13.9,72.5,13.9,Sunny,1.3,150
2024-03-01,14,4,0,3,Food Court B,16.3,13.9,72.5,13.9,Sunny,1.3,208
2024-03-01,14,4,0,3,Restaurant C,16.3,13.9,72.5,13.9,Sunny,1.3,101
2024-03-01,14,4,0,3,Canteen D,16.3,13.9,72.5,13.9,Sunny,1.3,114
2024-03-01,15,4,0,3,Cafeteria A,16.3,13.9,72.5,13.9,Sunny,1.3,42
2024-03-01,15,4,0,3,Food Court B,16.3,13.9,72.5,13.9,Sunny,1.3,53
2024-03-01,15,4,0,3,Restaurant C,16.3,13.9,72.5,13.9,Sunny,1.3,27
2024-03-01,15,4,0,3,Canteen D,16.3,13.9,72.5,13.9,Sunny,1.3,28
2024-03-02,9,5,1,3,Cafeteria A,16.0,10.9,67.0,16.4,Rainy,0.75,1
2024-03-02,9,5,1,3,Food Court B,16.0,10.9,67.0,16.4,Rainy,0.75,1
2024-03-02,9,5,1,3,Restaurant C,16.0,10.9,67.0,16.4,Rainy,0.75,0
2024-03-02,9,5,1,3,Canteen D,16.0,10.9,67.0,16.4,Rainy,0.75,0
2024-03-02,10,5,1,3,Cafeteria A,16.0,10.9,67.0,16.4,Rainy,0.75,9
2024-03-02,10,5,1,3,Food Court B,16.0,10.9,67.0,16.4,Rainy,0.75,10
2024-03-02,10,5,1,3,Restaurant C,16.0,10.9,67.0,16.4,Rainy,0.75,6
2024-03-02,10,5,1,3,Canteen D,16.0,10.9,67.0,16.4,Rainy,0.75,7
2024-03-02,11,5,1,3,Cafeteria A,16.0,10.9,67.0,16.4,Rainy,0.75,33
2024-03-02,11,5,1,3,Food Court B,16.0,10.9,67.0,16.4,Rainy,0.75,45
2024-03-02,11,5,1,3,Restaurant C,16.0,10.9,67.0,16.4,Rainy,0.75,21
2024-03-02,11,5,1,3,Canteen D,16.0,10.9,67.0,16.4,Rainy,0.75,30
2024-03-02,12,5,1,3,Cafeteria A,16.0,10.9,67.0,16.4,Rainy,0.75,73
2024-03-02,12,5,1,3,Food Court B,16.0,10.9,67.0,16.4,Rainy,0.75,92
2024-03-02,12,5,1,3,Restaurant C,16.0,10.9,67.0,16.4,Rainy,0.75,49
2024-03-02,12,5,1,3,Canteen D,16.0,10.9,67.0,16.4,Rainy,0.75,55
2024-03-02,13,5,1,3,Cafeteria A,16.0,10.9,67.0,16.4,Rainy,0.75,79
2024-03-02,13,5,1,3,Food Court B,16.0,10.9,67.0,16.4,Rainy,0.75,90
2024-03-02,13,5,1,3,Restaurant C,16.0,10.9,67.0,16.4,Rainy,0.75,42
2024-03-02,13,5,1,3,Canteen D,16.0,10.9,67.0,16.4,Rainy,0.75,59
2024-03-02,14,5,1,3,Cafeteria A,16.0,10.9,67.0,16.4,Rainy,0.75,38
2024-03-02,14,5,1,3,Food Court B,16.0,10.9,67.0,16.4,Rainy,0.75,42
2024-03-02,14,5,1,3,Restaurant C,16.0,10.9,67.0,16.4,Rainy,0.75,25
2024-03-02,14,5,1,3,Canteen D,16.0,10.9,67.0,16.4,Rainy,0.75,31
2024-03-02,15,5,1,3,Cafeteria A,16.0,10.9,67.0,16.4,Rainy,0.75,8
2024-03-02,15,5,1,3,Food Court B,16.0,10.9,67.0,16.4,Rainy,0.75,12
2024-03-02,15,5,1,3,Restaurant C,16.0,10.9,67.0,16.4,Rainy,0.75,5
2024-03-02,15,5,1,3,Canteen D,16.0,10.9,67.0,16.4,Rainy,0.75,6
2024-03-03,9,6,1,3,Cafeteria A,12.1,9.8,73.7,8.3,Cloudy,1.0,1
2024-03-03,9,6,1,3,Food Court B,12.1,9.8,73.7,8.3,Cloudy,1.0,1
2024-03-03,9,6,1,3,Restaurant C,12.1,9.8,73.7,8.3,Cloudy,1.0,0
2024-03-03,9,6,1,3,Canteen D,12.1,9.8,73.7,8.3,Cloudy,1.0,1
2024-03-03,10,6,1,3,Cafeteria A,12.1,9.8,73.7,8.3,Cloudy,1.0,10
2024-03-03,10,6,1,3,Food Court B,12.1,9.8,73.7,8.3,Cloudy,1.0,15
2024-03-03,10,6,1,3,Restaurant C,12.1,9.8,73.7,8.3,Cloudy,1.0,7
2024-03-03,10,6,1,3,Canteen D,12.1,9.8,73.7,8.3,Cloudy,1.0,9
2024-03-03,11,6,1,3,Cafeteria A,12.1,9.8,73.7,8.3,Cloudy,1.0,41
2024-03-03,11,6,1,3,Food Court B,12.1,9.8,73.7,8.3,Cloudy,1.0,61
2024-03-03,11,6,1,3,Restaurant C,12.1,9.8,73.7,8.3,Cloudy,1.0,28
2024-03-03,11,6,1,3,Canteen D,12.1,9.8,73.7,8.3,Cloudy,1.0,32
2024-03-03,12,6,1,3,Cafeteria A,12.1,9.8,73.7,8.3,Cloudy,1.0,79
2024-03-03,12,6,1,3,Food Court B,12.1,9.8,73.7,8.3,Cloudy,1.0,113
2024-03-03,12,6,1,3,Restaurant C,12.1,9.8,73.7,8.3,Cloudy,1.0,58
2024-03-03,12,6,1,3,Canteen D,12.1,9.8,73.7,8.3,Cloudy,1.0,74
2024-03-03,13,6,1,3,Cafeteria A,12.1,9.8,73.7,8.3,Cloudy,1.0,98
2024-03-03,13,6,1,3,Food Court B,12.1,9.8,73.7,8.3,Cloudy,1.0,100
2024-03-03,13,6,1,3,Restaurant C,12.1,9.8,73.7,8.3,Cloudy,1.0,60
2024-03-03,13,6,1,3,Canteen D,12.1,9.8,73.7,8.3,Cloudy,1.0,65
2024-03-03,14,6,1,3,Cafeteria A,12.1,9.8,73.7,8.3,Cloudy,1.0,48
2024-03-03,14,6,1,3,Food Court B,12.1,9.8,73.7,8.3,Cloudy,1.0,60
2024-03-03,14,6,1,3,Restaurant C,12.1,9.8,73.7,8.3,Cloudy,1.0,29
2024-03-03,14,6,1,3,Canteen D,12.1,9.8,73.7,8.3,Cloudy,1.0,36
2024-03-03,15,6,1,3,Cafeteria A,12.1,9.8,73.7,8.3,Cloudy,1.0,10
2024-03-03,15,6,1,3,Food Court B,12.1,9.8,73.7,8.3,Cloudy,1.0,13
2024-03-03,15,6,1,3,Restaurant C,12.1,9.8,73.7,8.3,Cloudy,1.0,7
2024-03-03,15,6,1,3,Canteen D,12.1,9.8,73.7,8.3,Cloudy,1.0,8
2024-03-04,9,0,0,3,Cafeteria A,14.7,12.1,50.3,7.0,Windy,0.85,3
2024-03-04,9,0,0,3,Food Court B,14.7,12.1,50.3,7.0,Windy,0.85,4
2024-03-04,9,0,0,3,Restaurant C,14.7,12.1,50.3,7.0,Windy,0.85,1
2024-03-04,9,0,0,3,Canteen D,14.7,12.1,50.3,7.0,Windy,0.85,2
2024-03-04,10,0,0,3,Cafeteria A,14.7,12.1,50.3,7.0,Windy,0.85,22
2024-03-04,10,0,0,3,Food Court B,14.7,12.1,50.3,7.0,Windy,0.85,29
2024-03-04,10,0,0,3,Restaurant C,14.7,12.1,50.3,7.0,Windy,0.85,15
2024-03-04,10,0,0,3,Canteen D,14.7,12.1,50.3,7.0,Windy,0.85,20
2024-03-04,11,0,0,3,Cafeteria A,14.7,12.1,50.3,7.0,Windy,0.85,103
2024-03-04,11,0,0,3,Food Court B,14.7,12.1,50.3,7.0,Windy,0.85,128
2024-03-04,11,0,0,3,Restaurant C,14.7,12.1,50.3,7.0,Windy,0.85,61
2024-03-04,11,0,0,3,Canteen D,14.7,12.1,50.3,7.0,Windy,0.85,84
2024-03-04,12,0,0,3,Cafeteria A,14.7,12.1,50.3,7.0,Windy,0.85,198
2024-03-04,12,0,0,3,Food Court B,14.7,12.1,50.3,7.0,Windy,0.85,278
2024-03-04,12,0,0,3,Restaurant C,14.7,12.1,50.3,7.0,Windy,0.85,132
2024-03-04,12,0,0,3,Canteen D,14.7,12.1,50.3,7.0,Windy,0.85,142
2024-03-04,13,0,0,3,Cafeteria A,14.7,12.1,50.3,7.0,Windy,0.85,208
2024-03-04,13,0,0,3,Food Court B,14.7,12.1,50.3,7.0,Windy,0.85,239
2024-03-04,13,0,0,3,Restaurant C,14.7,12.1,50.3,7.0,Windy,0.85,134
2024-03-04,13,0,0,3,Canteen D,14.7,12.1,50.3,7.0,Windy,0.85,140
2024-03-04,14,0,0,3,Cafeteria A,14.7,12.1,50.3,7.0,Windy,0.85,91
2024-03-04,14,0,0,3,Food Court B,14.7,12.1,50.3,7.0,Windy,0.85,135
2024-03-04,14,0,0,3,Restaurant C,14.7,12.1,50.3,7.0,Windy,0.85,59
2024-03-04,14,0,0,3,Canteen D,14.7,12.1,50.3,7.0,Windy,0.85,84
2024-03-04,15,0,0,3,Cafeteria A,14.7,12.1,50.3,7.0,Windy,0.85,23
2024-03-04,15,0,0,3,Food Court B,14.7,12.1,50.3,7.0,Windy,0.85,32
2024-03-04,15,0,0,3,Restaurant C,14.7,12.1,50.3,7.0,Windy,0.85,16
2024-03-04,15,0,0,3,Canteen D,14.7,12.1,50.3,7.0,Windy,0.85,19
2024-03-05,9,1,0,3,Cafeteria A,12.0,5.5,65.0,17.1,Sunny,1.3,4
2024-03-05,9,1,0,3,Food Court B,12.0,5.5,65.0,17.1,Sunny,1.3,6
2024-03-05,9,1,0,3,Restaurant C,12.0,5.5,65.0,17.1,Sunny,1.3,3
2024-03-05,9,1,0,3,Canteen D,12.0,5.5,65.0,17.1,Sunny,1.3,3
2024-03-05,10,1,0,3,Cafeteria A,12.0,5.5,65.0,17.1,Sunny,1.3,37
2024-03-05,10,1,0,3,Food Court B,12.0,5.5,65.0,17.1,Sunny,1.3,42
2024-03-05,10,1,0,3,Restaurant C,12.0,5.5,65.0,17.1,Sunny,1.3,25
2024-03-05,10,1,0,3,Canteen D,12.0,5.5,65.0,17.1,Sunny,1.3,29
2024-03-05,11,1,0,3,Cafeteria A,12.0,5.5,65.0,17.1,Sunny,1.3,147
2024-03-05,11,1,0,3,Food Court B,12.0,5.5,65.0,17.1,Sunny,1.3,164
2024-03-05,11,1,0,3,Restaurant C,12.0,5.5,65.0,17.1,Sunny,1.3,92
2024-03-05,11,1,0,3,Canteen D,12.0,5.5,65.0,17.1,Sunny,1.3,113
2024-03-05,12,1,0,3,Cafeteria A,12.0,5.5,65.0,17.1,Sunny,1.3,316
2024-03-05,12,1,0,3,Food Court B,12.0,5.5,65.0,17.1,Sunny,1.3,367
2024-03-05,12,1,0,3,Restaurant C,12.0,5.5,65.0,17.1,Sunny,1.3,181
2024-03-05,12,1,0,3,Canteen D,12.0,5.5,65.0,17.1,Sunny,1.3,254
2024-03-05,13,1,0,3,Cafeteria A,12.0,5.5,65.0,17.1,Sunny,1.3,263
2024-03-05,13,1,0,3,Food Court B,12.0,5.5,65.0,17.1,Sunny,1.3,357
2024-03-05,13,1,0,3,Restaurant C,12.0,5.5,65.0,17.1,Sunny,1.3,166
2024-03-05,13,1,0,3,Canteen D,12.0,5.5,65.0,17.1,Sunny,1.3,241
2024-03-05,14,1,0,3,Cafeteria A,12.0,5.5,65.0,17.1,Sunny,1.3,159
2024-03-05,14,1,0,3,Food Court B,12.0,5.5,65.0,17.1,Sunny,1.3,172
2024-03-05,14,1,0,3,Restaurant C,12.0,5.5,65.0,17.1,Sunny,1.3,101
2024-03-05,14,1,0,3,Canteen D,12.0,5.5,65.0,17.1,Sunny,1.3,108
2024-03-05,15,1,0,3,Cafeteria A,12.0,5.5,65.0,17.1,Sunny,1.3,39
2024-03-05,15,1,0,3,Food Court B,12.0,5.5,65.0,17.1,Sunny,1.3,48
2024-03-05,15,1,0,3,Restaurant C,12.0,5.5,65.0,17.1,Sunny,1.3,24
2024-03-05,15,1,0,3,Canteen D,12.0,5.5,65.0,17.1,Sunny,1.3,25
2024-03-06,9,2,0,3,Cafeteria A,17.7,15.4,61.7,13.8,Sunny,1.3,4
2024-03-06,9,2,0,3,Food Court B,17.7,15.4,61.7,13.8,Sunny,1.3,5
2024-03-06,9,2,0,3,Restaurant C,17.7,15.4,61.7,13.8,Sunny,1.3,2
2024-03-06,9,2,0,3,Canteen D,17.7,15.4,61.7,13.8,Sunny,1.3,3
2024-03-06,10,2,0,3,Cafeteria A,17.7,15.4,61.7,13.8,Sunny,1.3,38
2024-03-06,10,2,0,3,Food Court B,17.7,15.4,61.7,13.8,Sunny,1.3,51
2024-03-06,10,2,0,3,Restaurant C,17.7,15.4,61.7,13.8,Sunny,1.3,24
2024-03-06,10,2,0,3,Canteen D,17.7,15.4,61.7,13.8,Sunny,1.3,29
2024-03-06,11,2,0,3,Cafeteria A,17.7,15.4,61.7,13.8,Sunny,1.3,169
2024-03-06,11,2,0,3,Food Court B,17.7,15.4,61.7,13.8,Sunny,1.3,178
2024-03-06,11,2,0,3,Restaurant C,17.7,15.4,61.7,13.8,Sunny,1.3,113
2024-03-06,11,2,0,3,Canteen D,17.7,15.4,61.7,13.8,Sunny,1.3,136
2024-03-06,12,2,0,3,Cafeteria A,17.7,15.4,61.7,13.8,Sunny,1.3,334
2024-03-06,12,2,0,3,Food Court B,17.7,15.4,61.7,13.8,Sunny,1.3,410
2024-03-06,12,2,0,3,Restaurant C,17.7,15.4,61.7,13.8,Sunny,1.3,225
2024-03-06,12,2,0,3,Canteen D,17.7,15.4,61.7,13.8,Sunny,1.3,233
2024-03-06,13,2,0,3,Cafeteria A,17.7,15.4,61.7,13.8,Sunny,1.3,288
2024-03-06,13,2,0,3,Food Court B,17.7,15.4,61.7,13.8,Sunny,1.3,376
2024-03-06,13,2,0,3,Restaurant C,17.7,15.4,61.7,13.8,Sunny,1.3,221
2024-03-06,13,2,0,3,Canteen D,17.7,15.4,61.7,13.8,Sunny,1.3,224
2024-03-06,14,2,0,3,Cafeteria A,17.7,15.4,61.7,13.8,Sunny,1.3,163
2024-03-06,14,2,0,3,Food Court B,17.7,15.4,61.7,13.8,Sunny,1.3,224
2024-03-06,14,2,0,3,Restaurant C,17.7,15.4,61.7,13.8,Sunny,1.3,111
2024-03-06,14,2,0,3,Canteen D,17.7,15.4,61.7,13.8,Sunny,1.3,126
2024-03-06,15,2,0,3,Cafeteria A,17.7,15.4,61.7,13.8,Sunny,1.3,35
2024-03-06,15,2,0,3,Food Court B,17.7,15.4,61.7,13.8,Sunny,1.3,53
2024-03-06,15,2,0,3,Restaurant C,17.7,15.4,61.7,13.8,Sunny,1.3,26
2024-03-06,15,2,0,3,Canteen D,17.7,15.4,61.7,13.8,Sunny,1.3,28
2024-03-07,9,3,0,3,Cafeteria A,17.9,16.0,69.7,15.3,Windy,0.85,3
2024-03-07,9,3,0,3,Food Court B,17.9,16.0,69.7,15.3,Windy,0.85,3
2024-03-07,9,3,0,3,Restaurant C,17.9,16.0,69.7,15.3,Windy,0.85,2
2024-03-07,9,3,0,3,Canteen D,17.9,16.0,69.7,15.3,Windy,0.85,2
2024-03-07,10,3,0,3,Cafeteria A,17.9,16.0,69.7,15.3,Windy,0.85,26
2024-03-07,10,3,0,3,Food Court B,17.9,16.0,69.7,15.3,Windy,0.85,35
2024-03-07,10,3,0,3,Restaurant C,17.9,16.0,69.7,15.3,Windy,0.85,16
2024-03-07,10,3,0,3,Canteen D,17.9,16.0,69.7,15.3,Windy,0.85,21
2024-03-07,11,3,0,3,Cafeteria A,17.9,16.0,69.7,15.3,Windy,0.85,108
2024-03-07,11,3,0,3,Food Court B,17.9,16.0,69.7,15.3,Windy,0.85,134
2024-03-07,11,3,0,3,Restaurant C,17.9,16.0,69.7,15.3,Windy,0.85,71
2024-03-07,11,3,0,3,Canteen D,17.9,16.0,69.7,15.3,Windy,0.85,77
2024-03-07,12,3,0,3,Cafeteria A,17.9,16.0,69.7,15.3,Windy,0.85,211
2024-03-07,12,3,0,3,Food Court B,17.9,16.0,69.7,15.3,Windy,0.85,238
2024-03-07,12,3,0,3,Restaurant C,17.9,16.0,69.7,15.3,Windy,0.85,131
2024-03-07,12,3,0,3,Canteen D,17.9,16.0,69.7,15.3,Windy,0.85,165
2024-03-07,13,3,0,3,Cafeteria A,17.9,16.0,69.7,15.3,Windy,0.85,218
2024-03-07,13,3,0,3,Food Court B,17.9,16.0,69.7,15.3,Windy,0.85,292
2024-03-07,13,3,0,3,Restaurant C,17.9,16.0,69.7,15.3,Windy,0.85,138
2024-03-07,13,3,0,3,Canteen D,17.9,16.0,69.7,15.3,Windy,0.85,175
2024-03-07,14,3,0,3,Cafeteria A,17.9,16.0,69.7,15.3,Windy,0.85,105
2024-03-07,14,3,0,3,Food Court B,17.9,16.0,69.7,15.3,Windy,0.85,135
2024-03-07,14,3,0,3,Restaurant C,17.9,16.0,69.7,15.3,Windy,0.85,60
2024-03-07,14,3,0,3,Canteen D,17.9,16.0,69.7,15.3,Windy,0.85,77
2024-03-07,15,3,0,3,Cafeteria A,17.9,16.0,69.7,15.3,Windy,0.85,25
2024-03-07,15,3,0,3,Food Court B,17.9,16.0,69.7,15.3,Windy,0.85,32
2024-03-07,15,3,0,3,Restaurant C,17.9,16.0,69.7,15.3,Windy,0.85,15
2024-03-07,15,3,0,3,Canteen D,17.9,16.0,69.7,15.3,Windy,0.85,18
2024-03-08,9,4,0,3,Cafeteria A,14.3,13.8,52.0,4.5,Sunny,1.3,4
2024-03-08,9,4,0,3,Food Court B,14.3,13.8,52.0,4.5,Sunny,1.3,5
2024-03-08,9,4,0,3,Restaurant C,14.3,13.8,52.0,4.5,Sunny,1.3,2
2024-03-08,9,4,0,3,Canteen D,14.3,13.8,52.0,4.5,Sunny,1.3,3
2024-03-08,10,4,0,3,Cafeteria A,14.3,13.8,52.0,4.5,Sunny,1.3,35
2024-03-08,10,4,0,3,Food Court B,14.3,13.8,52.0,4.5,Sunny,1.3,41
2024-03-08,10,4,0,3,Restaurant C,14.3,13.8,52.0,4.5,Sunny,1.3,22
2024-03-08,10,4,0,3,Canteen D,14.3,13.8,52.0,4.5,Sunny,1.3,28
2024-03-08,11,4,0,3,Cafeteria A,14.3,13.8,52.0,4.5,Sunny,1.3,162
2024-03-08,11,4,0,3,Food Court B,14.3,13.8,52.0,4.5,Sunny,1.3,192
2024-03-08,11,4,0,3,Restaurant C,14.3,13.8,52.0,4.5,Sunny,1.3,97
2024-03-08,11,4,0,3,Canteen D,14.3,13.8,52.0,4.5,Sunny,1.3,113
2024-03-08,12,4,0,3,Cafeteria A,14.3,13.8,52.0,4.5,Sunny,1.3,334
2024-03-08,12,4,0,3,Food Court B,14.3,13.8,52.0,4.5,Sunny,1.3,370
2024-03-08,12,4,0,3,Restaurant C,14.3,13.8,52.0,4.5,Sunny,1.3,175
2024-03-08,12,4,0,3,Canteen D,14.3,13.8,52.0,4.5,Sunny,1.3,245
2024-03-08,13,4,0,3,Cafeteria A,14.3,13.8,52.0,4.5,Sunny,1.3,275
2024-03-08,13,4,0,3,Food Court B,14.3,13.8,52.0,4.5,Sunny,1.3,365
2024-03-08,13,4,0,3,Restaurant C,14.3,13.8,52.0,4.5,Sunny,1.3,195
2024-03-08,13,4,0,3,Canteen D,14.3,13.8,52.0,4.5,Sunny,1.3,259
2024-03-08,14,4,0,3,Cafeteria A,14.3,13.8,52.0,4.5,Sunny,1.3,151
2024-03-08,14,4,0,3,Food Court B,14.3,13.8,52.0,4.5,Sunny,1.3,198
2024-03-08,14,4,0,3,Restaurant C,14.3,13.8,52.0,4.5,Sunny,1.3,108
2024-03-08,14,4,0,3,Canteen D,14.3,13.8,52.0,4.5,Sunny,1.3,108
2024-03-08,15,4,0,3,Cafeteria A,14.3,13.8,52.0,4.5,Sunny,1.3,35
2024-03-08,15,4,0,3,Food Court B,14.3,13.8,52.0,4.5,Sunny,1.3,46
2024-03-08,15,4,0,3,Restaurant C,14.3,13.8,52.0,4.5,Sunny,1.3,23
2024-03-08,15,4,0,3,Canteen D,14.3,13.8,52.0,4.5,Sunny,1.3,29
2024-03-09,9,5,1,3,Cafeteria A,15.8,10.3,71.4,16.6,Rainy,0.75,1
2024-03-09,9,5,1,3,Food Court B,15.8,10.3,71.4,16.6,Rainy,0.75,1
2024-03-09,9,5,1,3,Restaurant C,15.8,10.3,71.4,16.6,Rainy,0.75,0
2024-03-09,9,5,1,3,Canteen D,15.8,10.3,71.4,16.6,Rainy,0.75,0
2024-03-09,10,5,1,3,Cafeteria A,15.8,10.3,71.4,16.6,Rainy,0.75,7
2024-03-09,10,5,1,3,Food Court B,15.8,10.3,71.4,16.6,Rainy,0.75,10
2024-03-09,10,5,1,3,Restaurant C,15.8,10.3,71.4,16.6,Rainy,0.75,5
2024-03-09,10,5,1,3,Canteen D,15.8,10.3,71.4,16.6,Rainy,0.75,7
2024-03-09,11,5,1,3,Cafeteria A,15.8,10.3,71.4,16.6,Rainy,0.75,37
2024-03-09,11,5,1,3,Food Court B,15.8,10.3,71.4,16.6,Rainy,0.75,40
2024-03-09,11,5,1,3,Restaurant C,15.8,10.3,71.4,16.6,Rainy,0.75,22
2024-03-09,11,5,1,3,Canteen D,15.8,10.3,71.4,16.6,Rainy,0.75,27
2024-03-09,12,5,1,3,Cafeteria A,15.8,10.3,71.4,16.6,Rainy,0.75,69
2024-03-09,12,5,1,3,Food Court B,15.8,10.3,71.4,16.6,Rainy,0.75,81
2024-03-09,12,5,1,3,Restaurant C,15.8,10.3,71.4,16.6,Rainy,0.75,45
2024-03-09,12,5,1,3,Canteen D,15.8,10.3,71.4,16.6,Rainy,0.75,59
2024-03-09,13,5,1,3,Cafeteria A,15.8,10.3,71.4,16.6,Rainy,0.75,64
2024-03-09,13,5,1,3,Food Court B,15.8,10.3,71.4,16.6,Rainy,0.75,80
2024-03-09,13,5,1,3,Restaurant C,15.8,10.3,71.4,16.6,Rainy,0.75,44
2024-03-09,13,5,1,3,Canteen D,15.8,10.3,71.4,16.6,Rainy,0.75,62
2024-03-09,14,5,1,3,Cafeteria A,15.8,10.3,71.4,16.6,Rainy,0.75,37
2024-03-09,14,5,1,3,Food Court B,15.8,10.3,71.4,16.6,Rainy,0.75,46
2024-03-09,14,5,1,3,Restaurant C,15.8,10.3,71.4,16.6,Rainy,0.75,22
2024-03-09,14,5,1,3,Canteen D,15.8,10.3,71.4,16.6,Rainy,0.75,28
2024-03-09,15,5,1,3,Cafeteria A,15.8,10.3,71.4,16.6,Rainy,0.75,7
2024-03-09,15,5,1,3,Food Court B,15.8,10.3,71.4,16.6,Rainy,0.75,11
2024-03-09,15,5,1,3,Restaurant C,15.8,10.3,71.4,16.6,Rainy,0.75,6
2024-03-09,15,5,1,3,Canteen D,15.8,10.3,71.4,16.6,Rainy,0.75,7
2024-03-10,9,6,1,3,Cafeteria A,16.1,14.4,72.2,6.3,Sunny,1.3,1
2024-03-10,9,6,1,3,Food Court B,16.1,14.4,72.2,6.3,Sunny,1.3,2
2024-03-10,9,6,1,3,Restaurant C,16.1,14.4,72.2,6.3,Sunny,1.3,1
2024-03-10,9,6,1,3,Canteen D,16.1,14.4,72.2,6.3,Sunny,1.3,1
2024-03-10,10,6,1,3,Cafeteria A,16.1,14.4,72.2,6.3,Sunny,1.3,15
2024-03-10,10,6,1,3,Food Court B,16.1,14.4,72.2,6.3,Sunny,1.3,17
2024-03-10,10,6,1,3,Restaurant C,16.1,14.4,72.2,6.3,Sunny,1.3,9
2024-03-10,10,6,1,3,Canteen D,16.1,14.4,72.2,6.3,Sunny,1.3,12
2024-03-10,11,6,1,3,Cafeteria A,16.1,14.4,72.2,6.3,Sunny,1.3,60
2024-03-10,11,6,1,3,Food Court B,16.1,14.4,72.2,6.3,Sunny,1.3,82
2024-03-10,11,6,1,3,Restaurant C,16.1,14.4,72.2,6.3,Sunny,1.3,41
2024-03-10,11,6,1,3,Canteen D,16.1,14.4,72.2,6.3,Sunny,1.3,53
2024-03-10,12,6,1,3,Cafeteria A,16.1,14.4,72.2,6.3,Sunny,1.3,131
2024-03-10,12,6,1,3,Food Court B,16.1,14.4,72.2,6.3,Sunny,1.3,153
2024-03-10,12,6,1,3,Restaurant C,16.1,14.4,72.2,6.3,Sunny,1.3,83
2024-03-10,12,6,1,3,Canteen D,16.1,14.4,72.2,6.3,Sunny,1.3,93
2024-03-10,13,6,1,3,Cafeteria A,16.1,14.4,72.2,6.3,Sunny,1.3,119
2024-03-10,13,6,1,3,Food Court B,16.1,14.4,72.2,6.3,Sunny,1.3,167
2024-03-10,13,6,1,3,Restaurant C,16.1,14.4,72.2,6.3,Sunny,1.3,79
2024-03-10,13,6,1,3,Canteen D,16.1,14.4,72.2,6.3,Sunny,1.3,105
2024-03-10,14,6,1,3,Cafeteria A,16.1,14.4,72.2,6.3,Sunny,1.3,67
2024-03-10,14,6,1,3,Food Court B,16.1,14.4,72.2,6.3,Sunny,1.3,84
2024-03-10,14,6,1,3,Restaurant C,16.1,14.4,72.2,6.3,Sunny,1.3,44
2024-03-10,14,6,1,3,Canteen D,16.1,14.4,72.2,6.3,Sunny,1.3,48
2024-03-10,15,6,1,3,Cafeteria A,16.1,14.4,72.2,6.3,Sunny,1.3,14
2024-03-10,15,6,1,3,Food Court B,16.1,14.4,72.2,6.3,Sunny,1.3,19
2024-03-10,15,6,1,3,Restaurant C,16.1,14.4,72.2,6.3,Sunny,1.3,9
2024-03-10,15,6,1,3,Canteen D,16.1,14.4,72.2,6.3,Sunny,1.3,12
2024-03-11,9,0,0,3,Cafeteria A,18.1,13.7,74.5,10.7,Cloudy,1.0,3
2024-03-11,9,0,0,3,Food Court B,18.1,13.7,74.5,10.7,Cloudy,1.0,5
2024-03-11,9,0,0,3,Restaurant C,18.1,13.7,74.5,10.7,Cloudy,1.0,2
2024-03-11,9,0,0,3,Canteen D,18.1,13.7,74.5,10.7,Cloudy,1.0,2
2024-03-11,10,0,0,3,Cafeteria A,18.1,13.7,74.5,10.7,Cloudy,1.0,27
2024-03-11,10,0,0,3,Food Court B,18.1,13.7,74.5,10.7,Cloudy,1.0,40
2024-03-11,10,0,0,3,Restaurant C,18.1,13.7,74.5,10.7,Cloudy,1.0,20
2024-03-11,10,0,0,3,Canteen D,18.1,13.7,74.5,10.7,Cloudy,1.0,23
2024-03-11,11,0,0,3,Cafeteria A,18.1,13.7,74.5,10.7,Cloudy,1.0,111
2024-03-11,11,0,0,3,Food Court B,18.1,13.7,74.5,10.7,Cloudy,1.0,151
2024-03-11,11,0,0,3,Restaurant C,18.1,13.7,74.5,10.7,Cloudy,1.0,76
2024-03-11,11,0,0,3,Canteen D,18.1,13.7,74.5,10.7,Cloudy,1.0,101
2024-03-11,12,0,0,3,Cafeteria A,18.1,13.7,74.5,10.7,Cloudy,1.0,255
2024-03-11,12,0,0,3,Food Court B,18.1,13.7,74.5,10.7,Cloudy,1.0,301
2024-03-11,12,0,0,3,Restaurant C,18.1,13.7,74.5,10.7,Cloudy,1.0,149
2024-03-11,12,0,0,3,Canteen D,18.1,13.7,74.5,10.7,Cloudy,1.0,218
2024-03-11,13,0,0,3,Cafeteria A,18.1,13.7,74.5,10.7,Cloudy,1.0,246
2024-03-11,13,0,0,3,Food Court B,18.1,13.7,74.5,10.7,Cloudy,1.0,325
2024-03-11,13,0,0,3,Restaurant C,18.1,13.7,74.5,10.7,Cloudy,1.0,146
2024-03-11,13,0,0,3,Canteen D,18.1,13.7,74.5,10.7,Cloudy,1.0,194
2024-03-11,14,0,0,3,Cafeteria A,18.1,13.7,74.5,10.7,Cloudy,1.0,110
2024-03-11,14,0,0,3,Food Court B,18.1,13.7,74.5,10.7,Cloudy,1.0,155
2024-03-11,14,0,0,3,Restaurant C,18.1,13.7,74.5,10.7,Cloudy,1.0,88
2024-03-11,14,0,0,3,Canteen D,18.1,13.7,74.5,10.7,Cloudy,1.0,94
2024-03-11,15,0,0,3,Cafeteria A,18.1,13.7,74.5,10.7,Cloudy,1.0,27
2024-03-11,15,0,0,3,Food Court B,18.1,13.7,74.5,10.7,Cloudy,1.0,34
2024-03-11,15,0,0,3,Restaurant C,18.1,13.7,74.5,10.7,Cloudy,1.0,19
2024-03-11,15,0,0,3,Canteen D,18.1,13.7,74.5,10.7,Cloudy,1.0,22
2024-03-12,9,1,0,3,Cafeteria A,9.6,4.6,69.5,15.5,Windy,0.85,2
2024-03-12,9,1,0,3,Food Court B,9.6,4.6,69.5,15.5,Windy,0.85,3
2024-03-12,9,1,0,3,Restaurant C,9.6,4.6,69.5,15.5,Windy,0.85,2
2024-03-12,9,1,0,3,Canteen D,9.6,4.6,69.5,15.5,Windy,0.85,2
2024-03-12,10,1,0,3,Cafeteria A,9.6,4.6,69.5,15.5,Windy,0.85,25
2024-03-12,10,1,0,3,Food Court B,9.6,4.6,69.5,15.5,Windy,0.85,27
2024-03-12,10,1,0,3,Restaurant C,9.6,4.6,69.5,15.5,Windy,0.85,14
2024-03-12,10,1,0,3,Canteen D,9.6,4.6,69.5,15.5,Windy,0.85,17
2024-03-12,11,1,0,3,Cafeteria A,9.6,4.6,69.5,15.5,Windy,0.85,91
2024-03-12,11,1,0,3,Food Court B,9.6,4.6,69.5,15.5,Windy,0.85,104
2024-03-12,11,1,0,3,Restaurant C,9.6,4.6,69.5,15.5,Windy,0.85,59
2024-03-12,11,1,0,3,Canteen D,9.6,4.6,69.5,15.5,Windy,0.85,72
2024-03-12,12,1,0,3,Cafeteria A,9.6,4.6,69.5,15.5,Windy,0.85,193
2024-03-12,12,1,0,3,Food Court B,9.6,4.6,69.5,15.5,Windy,0.85,245
2024-03-12,12,1,0,3,Restaurant C,9.6,4.6,69.5,15.5,Windy,0.85,115
2024-03-12,12,1,0,3,Canteen D,9.6,4.6,69.5,15.5,Windy,0.85,136
2024-03-12,13,1,0,3,Cafeteria A,9.6,4.6,69.5,15.5,Windy,0.85,171
2024-03-12,13,1,0,3,Food Court B,9.6,4.6,69.5,15.5,Windy,0.85,210
2024-03-12,13,1,0,3,Restaurant C,9.6,4.6,69.5,15.5,Windy,0.85,104
2024-03-12,13,1,0,3,Canteen D,9.6,4.6,69.5,15.5,Windy,0.85,137
2024-03-12,14,1,0,3,Cafeteria A,9.6,4.6,69.5,15.5,Windy,0.85,85
2024-03-12,14,1,0,3,Food Court B,9.6,4.6,69.5,15.5,Windy,0.85,126
2024-03-12,14,1,0,3,Restaurant C,9.6,4.6,69.5,15.5,Windy,0.85,59
2024-03-12,14,1,0,3,Canteen D,9.6,4.6,69.5,15.5,Windy,0.85,68
2024-03-12,15,1,0,3,Cafeteria A,9.6,4.6,69.5,15.5,Windy,0.85,23
2024-03-12,15,1,0,3,Food Court B,9.6,4.6,69.5,15.5,Windy,0.85,25
2024-03-12,15,1,0,3,Restaurant C,9.6,4.6,69.5,15.5,Windy,0.85,14
2024-03-12,15,1,0,3,Canteen D,9.6,4.6,69.5,15.5,Windy,0.85,18
2024-03-13,9,2,0,3,Cafeteria A,7.4,4.3,71.8,13.5,Snowy,0.6,1
2024-03-13,9,2,0,3,Food Court B,7.4,4.3,71.8,13.5,Snowy,0.6,2
2024-03-13,9,2,0,3,Restaurant C,7.4,4.3,71.8,13.5,Snowy,0.6,1
2024-03-13,9,2,0,3,Canteen D,7.4,4.3,71.8,13.5,Snowy,0.6,1
2024-03-13,10,2,0,3,Cafeteria A,7.4,4.3,71.8,13.5,Snowy,0.6,13
2024-03-13,10,2,0,3,Food Court B,7.4,4.3,71.8,13.5,Snowy,0.6,19
2024-03-13,10,2,0,3,Restaurant C,7.4,4.3,71.8,13.5,Snowy,0.6,9
2024-03-13,10,2,0,3,Canteen D,7.4,4.3,71.8,13.5,Snowy,0.6,11
2024-03-13,11,2,0,3,Cafeteria A,7.4,4.3,71.8,13.5,Snowy,0.6,68
2024-03-13,11,2,0,3,Food Court B,7.4,4.3,71.8,13.5,Snowy,0.6,84
2024-03-13,11,2,0,3,Restaurant C,7.4,4.3,71.8,13.5,Snowy,0.6,41
2024-03-13,11,2,0,3,Canteen D,7.4,4.3,71.8,13.5,Snowy,0.6,48
2024-03-13,12,2,0,3,Cafeteria A,7.4,4.3,71.8,13.5,Snowy,0.6,133
2024-03-13,12,2,0,3,Food Court B,7.4,4.3,71.8,13.5,Snowy,0.6,140
2024-03-13,12,2,0,3,Restaurant C,7.4,4.3,71.8,13.5,Snowy,0.6,84
2024-03-13,12,2,0,3,Canteen D,7.4,4.3,71.8,13.5,Snowy,0.6,87
2024-03-13,13,2,0,3,Cafeteria A,7.4,4.3,71.8,13.5,Snowy,0.6,131
2024-03-13,13,2,0,3,Food Court B,7.4,4.3,71.8,13.5,Snowy,0.6,145
2024-03-13,13,2,0,3,Restaurant C,7.4,4.3,71.8,13.5,Snowy,0.6,86
2024-03-13,13,2,0,3,Canteen D,7.4,4.3,71.8,13.5,Snowy,0.6,106
2024-03-13,14,2,0,3,Cafeteria A,7.4,4.3,71.8,13.5,Snowy,0.6,56
2024-03-13,14,2,0,3,Food Court B,7.4,4.3,71.8,13.5,Snowy,0.6,76
2024-03-13,14,2,0,3,Restaurant C,7.4,4.3,71.8,13.5,Snowy,0.6,44
2024-03-13,14,2,0,3,Canteen D,7.4,4.3,71.8,13.5,Snowy,0.6,48
2024-03-13,15,2,0,3,Cafeteria A,7.4,4.3,71.8,13.5,Snowy,0.6,16
2024-03-13,15,2,0,3,Food Court B,7.4,4.3,71.8,13.5,Snowy,0.6,19
2024-03-13,15,2,0,3,Restaurant C,7.4,4.3,71.8,13.5,Snowy,0.6,9
2024-03-13,15,2,0,3,Canteen D,7.4,4.3,71.8,13.5,Snowy,0.6,11
2024-03-14,9,3,0,3,Cafeteria A,16.9,19.7,60.7,1.3,Cloudy,1.0,3
2024-03-14,9,3,0,3,Food Court B,16.9,19.7,60.7,1.3,Cloudy,1.0,5
2024-03-14,9,3,0,3,Restaurant C,16.9,19.7,60.7,1.3,Cloudy,1.0,2
2024-03-14,9,3,0,3,Canteen D,16.9,19.7,60.7,1.3,Cloudy,1.0,2
2024-03-14,10,3,0,3,Cafeteria A,16.9,19.7,60.7,1.3,Cloudy,1.0,32
2024-03-14,10,3,0,3,Food Court B,16.9,19.7,60.7,1.3,Cloudy,1.0,40
2024-03-14,10,3,0,3,Restaurant C,16.9,19.7,60.7,1.3,Cloudy,1.0,19
2024-03-14,10,3,0,3,Canteen D,16.9,19.7,60.7,1.3,Cloudy,1.0,26
2024-03-14,11,3,0,3,Cafeteria A,16.9,19.7,60.7,1.3,Cloudy,1.0,113
2024-03-14,11,3,0,3,Food Court B,16.9,19.7,60.7,1.3,Cloudy,1.0,138
2024-03-14,11,3,0,3,Restaurant C,16.9,19.7,60.7,1.3,Cloudy,1.0,85
2024-03-14,11,3,0,3,Canteen D,16.9,19.7,60.7,1.3,Cloudy,1.0,94
2024-03-14,12,3,0,3,Cafeteria A,16.9,19.7,60.7,1.3,Cloudy,1.0,264
2024-03-14,12,3,0,3,Food Court B,16.9,19.7,60.7,1.3,Cloudy,1.0,333
2024-03-14,12,3,0,3,Restaurant C,16.9,19.7,60.7,1.3,Cloudy,1.0,140
2024-03-14,12,3,0,3,Canteen D,16.9,19.7,60.7,1.3,Cloudy,1.0,209
2024-03-14,13,3,0,3,Cafeteria A,16.9,19.7,60.7,1.3,Cloudy,1.0,241
2024-03-14,13,3,0,3,Food Court B,16.9,19.7,60.7,1.3,Cloudy,1.0,305
2024-03-14,13,3,0,3,Restaurant C,16.9,19.7,60.7,1.3,Cloudy,1.0,161
2024-03-14,13,3,0,3,Canteen D,16.9,19.7,60.7,1.3,Cloudy,1.0,211
2024-03-14,14,3,0,3,Cafeteria A,16.9,19.7,60.7,1.3,Cloudy,1.0,107
2024-03-14,14,3,0,3,Food Court B,16.9,19.7,60.7,1.3,Cloudy,1.0,151
2024-03-14,14,3,0,3,Restaurant C,16.9,19.7,60.7,1.3,Cloudy,1.0,81
2024-03-14,14,3,0,3,Canteen D,16.9,19.7,60.7,1.3,Cloudy,1.0,100
2024-03-14,15,3,0,3,Cafeteria A,16.9,19.7,60.7,1.3,Cloudy,1.0,31
2024-03-14,15,3,0,3,Food Court B,16.9,19.7,60.7,1.3,Cloudy,1.0,34
2024-03-14,15,3,0,3,Restaurant C,16.9,19.7,60.7,1.3,Cloudy,1.0,18
2024-03-14,15,3,0,3,Canteen D,16.9,19.7,60.7,1.3,Cloudy,1.0,23
2024-03-15,9,4,0,3,Cafeteria A,13.1,11.2,76.4,9.3,Sunny,1.3,4
2024-03-15,9,4,0,3,Food Court B,13.1,11.2,76.4,9.3,Sunny,1.3,6
2024-03-15,9,4,0,3,Restaurant C,13.1,11.2,76.4,9.3,Sunny,1.3,3
2024-03-15,9,4,0,3,Canteen D,13.1,11.2,76.4,9.3,Sunny,1.3,3
2024-03-15,10,4,0,3,Cafeteria A,13.1,11.2,76.4,9.3,Sunny,1.3,33
2024-03-15,10,4,0,3,Food Court B,13.1,11.2,76.4,9.3,Sunny,1.3,49
2024-03-15,10,4,0,3,Restaurant C,13.1,11.2,76.4,9.3,Sunny,1.3,25
2024-03-15,10,4,0,3,Canteen D,13.1,11.2,76.4,9.3,Sunny,1.3,30
2024-03-15,11,4,0,3,Cafeteria A,13.1,11.2,76.4,9.3,Sunny,1.3,157
2024-03-15,11,4,0,3,Food Court B,13.1,11.2,76.4,9.3,Sunny,1.3,200
2024-03-15,11,4,0,3,Restaurant C,13.1,11.2,76.4,9.3,Sunny,1.3,97
2024-03-15,11,4,0,3,Canteen D,13.1,11.2,76.4,9.3,Sunny,1.3,105
2024-03-15,12,4,0,3,Cafeteria A,13.1,11.2,76.4,9.3,Sunny,1.3,296
2024-03-15,12,4,0,3,Food Court B,13.1,11.2,76.4,9.3,Sunny,1.3,333
2024-03-15,12,4,0,3,Restaurant C,13.1,11.2,76.4,9.3,Sunny,1.3,186
2024-03-15,12,4,0,3,Canteen D,13.1,11.2,76.4,9.3,Sunny,1.3,228
2024-03-15,13,4,0,3,Cafeteria A,13.1,11.2,76.4,9.3,Sunny,1.3,266
2024-03-15,13,4,0,3,Food Court B,13.1,11.2,76.4,9.3,Sunny,1.3,357
2024-03-15,13,4,0,3,Restaurant C,13.1,11.2,76.4,9.3,Sunny,1.3,173
2024-03-15,13,4,0,3,Canteen D,13.1,11.2,76.4,9.3,Sunny,1.3,250
2024-03-15,14,4,0,3,Cafeteria A,13.1,11.2,76.4,9.3,Sunny,1.3,164
2024-03-15,14,4,0,3,Food Court B,13.1,11.2,76.4,9.3,Sunny,1.3,166
2024-03-15,14,4,0,3,Restaurant C,13.1,11.2,76.4,9.3,Sunny,1.3,105
2024-03-15,14,4,0,3,Canteen D,13.1,11.2,76.4,9.3,Sunny,1.3,117
2024-03-15,15,4,0,3,Cafeteria A,13.1,11.2,76.4,9.3,Sunny,1.3,35
2024-03-15,15,4,0,3,Food Court B,13.1,11.2,76.4,9.3,Sunny,1.3,41
2024-03-15,15,4,0,3,Restaurant C,13.1,11.2,76.4,9.3,Sunny,1.3,23
2024-03-15,15,4,0,3,Canteen D,13.1,11.2,76.4,9.3,Sunny,1.3,31
2024-03-16,9,5,1,3,Cafeteria A,14.5,12.5,69.1,4.0,Sunny,1.3,1
2024-03-16,9,5,1,3,Food Court B,14.5,12.5,69.1,4.0,Sunny,1.3,2
2024-03-16,9,5,1,3,Restaurant C,14.5,12.5,69.1,4.0,Sunny,1.3,1
2024-03-16,9,5,1,3,Canteen D,14.5,12.5,69.1,4.0,Sunny,1.3,1
2024-03-16,10,5,1,3,Cafeteria A,14.5,12.5,69.1,4.0,Sunny,1.3,14
2024-03-16,10,5,1,3,Food Court B,14.5,12.5,69.1,4.0,Sunny,1.3,20
2024-03-16,10,5,1,3,Restaurant C,14.5,12.5,69.1,4.0,Sunny,1.3,9
2024-03-16,10,5,1,3,Canteen D,14.5,12.5,69.1,4.0,Sunny,1.3,11
2024-03-16,11,5,1,3,Cafeteria A,14.5,12.5,69.1,4.0,Sunny,1.3,56
2024-03-16,11,5,1,3,Food Court B,14.5,12.5,69.1,4.0,Sunny,1.3,78
2024-03-16,11,5,1,3,Restaurant C,14.5,12.5,69.1,4.0,Sunny,1.3,43
2024-03-16,11,5,1,3,Canteen D,14.5,12.5,69.1,4.0,Sunny,1.3,48
2024-03-16,12,5,1,3,Cafeteria A,14.5,12.5,69.1,4.0,Sunny,1.3,117
2024-03-16,12,5,1,3,Food Court B,14.5,12.5,69.1,4.0,Sunny,1.3,157
2024-03-16,12,5,1,3,Restaurant C,14.5,12.5,69.1,4.0,Sunny,1.3,71
2024-03-16,12,5,1,3,Canteen D,14.5,12.5,69.1,4.0,Sunny,1.3,104
2024-03-16,13,5,1,3,Cafeteria A,14.5,12.5,69.1,4.0,Sunny,1.3,121
2024-03-16,13,5,1,3,Food Court B,14.5,12.5,69.1,4.0,Sunny,1.3,150
2024-03-16,13,5,1,3,Restaurant C,14.5,12.5,69.1,4.0,Sunny,1.3,79
2024-03-16,13,5,1,3,Canteen D,14.5,12.5,69.1,4.0,Sunny,1.3,98
2024-03-16,14,5,1,3,Cafeteria A,14.5,12.5,69.1,4.0,Sunny,1.3,54
2024-03-16,14,5,1,3,Food Court B,14.5,12.5,69.1,4.0,Sunny,1.3,79
2024-03-16,14,5,1,3,Restaurant C,14.5,12.5,69.1,4.0,Sunny,1.3,36
2024-03-16,14,5,1,3,Canteen D,14.5,12.5,69.1,4.0,Sunny,1.3,50
2024-03-16,15,5,1,3,Cafeteria A,14.5,12.5,69.1,4.0,Sunny,1.3,16
2024-03-16,15,5,1,3,Food Court B,14.5,12.5,69.1,4.0,Sunny,1.3,20
2024-03-16,15,5,1,3,Restaurant C,14.5,12.5,69.1,4.0,Sunny,1.3,9
2024-03-16,15,5,1,3,Canteen D,14.5,12.5,69.1,4.0,Sunny,1.3,11
2024-03-17,9,6,1,3,Cafeteria A,16.2,15.3,63.0,2.8,Sunny,1.3,1
2024-03-17,9,6,1,3,Food Court B,16.2,15.3,63.0,2.8,Sunny,1.3,2
2024-03-17,9,6,1,3,Restaurant C,16.2,15.3,63.0,2.8,Sunny,1.3,1
2024-03-17,9,6,1,3,Canteen D,16.2,15.3,63.0,2.8,Sunny,1.3,1
2024-03-17,10,6,1,3,Cafeteria A,16.2,15.3,63.0,2.8,Sunny,1.3,14
2024-03-17,10,6,1,3,Food Court B,16.2,15.3,63.0,2.8,Sunny,1.3,17
2024-03-17,10,6,1,3,Restaurant C,16.2,15.3,63.0,2.8,Sunny,1.3,10
2024-03-17,10,6,1,3,Canteen D,16.2,15.3,63.0,2.8,Sunny,1.3,10
2024-03-17,11,6,1,3,Cafeteria A,16.2,15.3,63.0,2.8,Sunny,1.3,59
2024-03-17,11,6,1,3,Food Court B,16.2,15.3,63.0,2.8,Sunny,1.3,82
2024-03-17,11,6,1,3,Restaurant C,16.2,15.3,63.0,2.8,Sunny,1.3,36
2024-03-17,11,6,1,3,Canteen D,16.2,15.3,63.0,2.8,Sunny,1.3,53
2024-03-17,12,6,1,3,Cafeteria A,16.2,15.3,63.0,2.8,Sunny,1.3,110
2024-03-17,12,6,1,3,Food Court B,16.2,15.3,63.0,2.8,Sunny,1.3,147
2024-03-17,12,6,1,3,Restaurant C,16.2,15.3,63.0,2.8,Sunny,1.3,85
2024-03-17,12,6,1,3,Canteen D,16.2,15.3,63.0,2.8,Sunny,1.3,94
2024-03-17,13,6,1,3,Cafeteria A,16.2,15.3,63.0,2.8,Sunny,1.3,113
2024-03-17,13,6,1,3,Food Court B,16.2,15.3,63.0,2.8,Sunny,1.3,151
2024-03-17,13,6,1,3,Restaurant C,16.2,15.3,63.0,2.8,Sunny,1.3,76
2024-03-17,13,6,1,3,Canteen D,16.2,15.3,63.0,2.8,Sunny,1.3,106
2024-03-17,14,6,1,3,Cafeteria A,16.2,15.3,63.0,2.8,Sunny,1.3,59
2024-03-17,14,6,1,3,Food Court B,16.2,15.3,63.0,2.8,Sunny,1.3,83
2024-03-17,14,6,1,3,Restaurant C,16.2,15.3,63.0,2.8,Sunny,1.3,44
2024-03-17,14,6,1,3,Canteen D,16.2,15.3,63.0,2.8,Sunny,1.3,48
2024-03-17,15,6,1,3,Cafeteria A,16.2,15.3,63.0,2.8,Sunny,1.3,17
2024-03-17,15,6,1,3,Food Court B,16.2,15.3,63.0,2.8,Sunny,1.3,18
2024-03-17,15,6,1,3,Restaurant C,16.2,15.3,63.0,2.8,Sunny,1.3,11
2024-03-17,15,6,1,3,Canteen D,16.2,15.3,63.0,2.8,Sunny,1.3,11
2024-03-18,9,0,0,3,Cafeteria A,14.8,10.0,84.0,19.1,Cloudy,1.0,3
2024-03-18,9,0,0,3,Food Court B,14.8,10.0,84.0,19.1,Cloudy,1.0,4
2024-03-18,9,0,0,3,Restaurant C,14.8,10.0,84.0,19.1,Cloudy,1.0,2
2024-03-18,9,0,0,3,Canteen D,14.8,10.0,84.0,19.1,Cloudy,1.0,2
2024-03-18,10,0,0,3,Cafeteria A,14.8,10.0,84.0,19.1,Cloudy,1.0,32
2024-03-18,10,0,0,3,Food Court B,14.8,10.0,84.0,19.1,Cloudy,1.0,38
2024-03-18,10,0,0,3,Restaurant C,14.8,10.0,84.0,19.1,Cloudy,1.0,20
2024-03-18,10,0,0,3,Canteen D,14.8,10.0,84.0,19.1,Cloudy,1.0,24
2024-03-18,11,0,0,3,Cafeteria A,14.8,10.0,84.0,19.1,Cloudy,1.0,111
2024-03-18,11,0,0,3,Food Court B,14.8,10.0,84.0,19.1,Cloudy,1.0,133
2024-03-18,11,0,0,3,Restaurant C,14.8,10.0,84.0,19.1,Cloudy,1.0,80
2024-03-18,11,0,0,3,Canteen D,14.8,10.0,84.0,19.1,Cloudy,1.0,95
2024-03-18,12,0,0,3,Cafeteria A,14.8,10.0,84.0,19.1,Cloudy,1.0,209
2024-03-18,12,0,0,3,Food Court B,14.8,10.0,84.0,19.1,Cloudy,1.0,284
2024-03-18,12,0,0,3,Restaurant C,14.8,10.0,84.0,19.1,Cloudy,1.0,167
2024-03-18,12,0,0,3,Canteen D,14.8,10.0,84.0,19.1,Cloudy,1.0,184
2024-03-18,13,0,0,3,Cafeteria A,14.8,10.0,84.0,19.1,Cloudy,1.0,231
2024-03-18,13,0,0,3,Food Court B,14.8,10.0,84.0,19.1,Cloudy,1.0,291
2024-03-18,13,0,0,3,Restaurant C,14.8,10.0,84.0,19.1,Cloudy,1.0,140
2024-03-18,13,0,0,3,Canteen D,14.8,10.0,84.0,19.1,Cloudy,1.0,179
2024-03-18,14,0,0,3,Cafeteria A,14.8,10.0,84.0,19.1,Cloudy,1.0,113
2024-03-18,14,0,0,3,Food Court B,14.8,10.0,84.0,19.1,Cloudy,1.0,131
2024-03-18,14,0,0,3,Restaurant C,14.8,10.0,84.0,19.1,Cloudy,1.0,80
2024-03-18,14,0,0,3,Canteen D,14.8,10.0,84.0,19.1,Cloudy,1.0,90
2024-03-18,15,0,0,3,Cafeteria A,14.8,10.0,84.0,19.1,Cloudy,1.0,31
2024-03-18,15,0,0,3,Food Court B,14.8,10.0,84.0,19.1,Cloudy,1.0,39
2024-03-18,15,0,0,3,Restaurant C,14.8,10.0,84.0,19.1,Cloudy,1.0,17
2024-03-18,15,0,0,3,Canteen D,14.8,10.0,84.0,19.1,Cloudy,1.0,23
2024-03-19,9,1,0,3,Cafeteria A,18.1,14.7,64.9,16.9,Sunny,1.3,4
2024-03-19,9,1,0,3,Food Court B,18.1,14.7,64.9,16.9,Sunny,1.3,5
2024-03-19,9,1,0,3,Restaurant C,18.1,14.7,64.9,16.9,Sunny,1.3,3
2024-03-19,9,1,0,3,Canteen D,18.1,14.7,64.9,16.9,Sunny,1.3,4
2024-03-19,10,1,0,3,Cafeteria A,18.1,14.7,64.9,16.9,Sunny,1.3,38
2024-03-19,10,1,0,3,Food Court B,18.1,14.7,64.9,16.9,Sunny,1.3,52
2024-03-19,10,1,0,3,Restaurant C,18.1,14.7,64.9,16.9,Sunny,1.3,25
2024-03-19,10,1,0,3,Canteen D,18.1,14.7,64.9,16.9,Sunny,1.3,33
2024-03-19,11,1,0,3,Cafeteria A,18.1,14.7,64.9,16.9,Sunny,1.3,149
2024-03-19,11,1,0,3,Food Court B,18.1,14.7,64.9,16.9,Sunny,1.3,220
2024-03-19,11,1,0,3,Restaurant C,18.1,14.7,64.9,16.9,Sunny,1.3,98
2024-03-19,11,1,0,3,Canteen D,18.1,14.7,64.9,16.9,Sunny,1.3,122
2024-03-19,12,1,0,3,Cafeteria A,18.1,14.7,64.9,16.9,Sunny,1.3,289
2024-03-19,12,1,0,3,Food Court B,18.1,14.7,64.9,16.9,Sunny,1.3,366
2024-03-19,12,1,0,3,Restaurant C,18.1,14.7,64.9,16.9,Sunny,1.3,208
2024-03-19,12,1,0,3,Canteen D,18.1,14.7,64.9,16.9,Sunny,1.3,240
2024-03-19,13,1,0,3,Cafeteria A,18.1,14.7,64.9,16.9,Sunny,1.3,349
2024-03-19,13,1,0,3,Food Court B,18.1,14.7,64.9,16.9,Sunny,1.3,357
2024-03-19,13,1,0,3,Restaurant C,18.1,14.7,64.9,16.9,Sunny,1.3,202
2024-03-19,13,1,0,3,Canteen D,18.1,14.7,64.9,16.9,Sunny,1.3,244
2024-03-19,14,1,0,3,Cafeteria A,18.1,14.7,64.9,16.9,Sunny,1.3,142
2024-03-19,14,1,0,3,Food Court B,18.1,14.7,64.9,16.9,Sunny,1.3,183
2024-03-19,14,1,0,3,Restaurant C,18.1,14.7,64.9,16.9,Sunny,1.3,101
2024-03-19,14,1,0,3,Canteen D,18.1,14.7,64.9,16.9,Sunny,1.3,126
2024-03-19,15,1,0,3,Cafeteria A,18.1,14.7,64.9,16.9,Sunny,1.3,39
2024-03-19,15,1,0,3,Food Court B,18.1,14.7,64.9,16.9,Sunny,1.3,50
2024-03-19,15,1,0,3,Restaurant C,18.1,14.7,64.9,16.9,Sunny,1.3,26
2024-03-19,15,1,0,3,Canteen D,18.1,14.7,64.9,16.9,Sunny,1.3,27
2024-03-20,9,2,0,3,Cafeteria A,16.6,15.9,66.4,6.1,Cloudy,1.0,4
2024-03-20,9,2,0,3,Food Court B,16.6,15.9,66.4,6.1,Cloudy,1.0,5
2024-03-20,9,2,0,3,Restaurant C,16.6,15.9,66.4,6.1,Cloudy,1.0,2
2024-03-20,9,2,0,3,Canteen D,16.6,15.9,66.4,6.1,Cloudy,1.0,3
2024-03-20,10,2,0,3,Cafeteria A,16.6,15.9,66.4,6.1,Cloudy,1.0,27
2024-03-20,10,2,0,3,Food Court B,16.6,15.9,66.4,6.1,Cloudy,1.0,33
2024-03-20,10,2,0,3,Restaurant C,16.6,15.9,66.4,6.1,Cloudy,1.0,20
2024-03-20,10,2,0,3,Canteen D,16.6,15.9,66.4,6.1,Cloudy,1.0,25
2024-03-20,11,2,0,3,Cafeteria A,16.6,15.9,66.4,6.1,Cloudy,1.0,110
2024-03-20,11,2,0,3,Food Court B,16.6,15.9,66.4,6.1,Cloudy,1.0,143
2024-03-20,11,2,0,3,Restaurant C,16.6,15.9,66.4,6.1,Cloudy,1.0,68
2024-03-20,11,2,0,3,Canteen D,16.6,15.9,66.4,6.1,Cloudy,1.0,90
2024-03-20,12,2,0,3,Cafeteria A,16.6,15.9,66.4,6.1,Cloudy,1.0,258
2024-03-20,12,2,0,3,Food Court B,16.6,15.9,66.4,6.1,Cloudy,1.0,304
2024-03-20,12,2,0,3,Restaurant C,16.6,15.9,66.4,6.1,Cloudy,1.0,150
2024-03-20,12,2,0,3,Canteen D,16.6,15.9,66.4,6.1,Cloudy,1.0,184
2024-03-20,13,2,0,3,Cafeteria A,16.6,15.9,66.4,6.1,Cloudy,1.0,213
2024-03-20,13,2,0,3,Food Court B,16.6,15.9,66.4,6.1,Cloudy,1.0,288
2024-03-20,13,2,0,3,Restaurant C,16.6,15.9,66.4,6.1,Cloudy,1.0,161
2024-03-20,13,2,0,3,Canteen D,16.6,15.9,66.4,6.1,Cloudy,1.0,212
2024-03-20,14,2,0,3,Cafeteria A,16.6,15.9,66.4,6.1,Cloudy,1.0,131
2024-03-20,14,2,0,3,Food Court B,16.6,15.9,66.4,6.1,Cloudy,1.0,134
2024-03-20,14,2,0,3,Restaurant C,16.6,15.9,66.4,6.1,Cloudy,1.0,85
2024-03-20,14,2,0,3,Canteen D,16.6,15.9,66.4,6.1,Cloudy,1.0,101
2024-03-20,15,2,0,3,Cafeteria A,16.6,15.9,66.4,6.1,Cloudy,1.0,32
2024-03-20,15,2,0,3,Food Court B,16.6,15.9,66.4,6.1,Cloudy,1.0,37
2024-03-20,15,2,0,3,Restaurant C,16.6,15.9,66.4,6.1,Cloudy,1.0,18
2024-03-20,15,2,0,3,Canteen D,16.6,15.9,66.4,6.1,Cloudy,1.0,22
2024-03-21,9,3,0,3,Cafeteria A,14.7,12.1,55.1,8.5,Rainy,0.75,3
2024-03-21,9,3,0,3,Food Court B,14.7,12.1,55.1,8.5,Rainy,0.75,3
2024-03-21,9,3,0,3,Restaurant C,14.7,12.1,55.1,8.5,Rainy,0.75,1
2024-03-21,9,3,0,3,Canteen D,14.7,12.1,55.1,8.5,Rainy,0.75,2
2024-03-21,10,3,0,3,Cafeteria A,14.7,12.1,55.1,8.5,Rainy,0.75,22
2024-03-21,10,3,0,3,Food Court B,14.7,12.1,55.1,8.5,Rainy,0.75,30
2024-03-21,10,3,0,3,Restaurant C,14.7,12.1,55.1,8.5,Rainy,0.75,12
2024-03-21,10,3,0,3,Canteen D,14.7,12.1,55.1,8.5,Rainy,0.75,16
2024-03-21,11,3,0,3,Cafeteria A,14.7,12.1,55.1,8.5,Rainy,0.75,82
2024-03-21,11,3,0,3,Food Court B,14.7,12.1,55.1,8.5,Rainy,0.75,101
2024-03-21,11,3,0,3,Restaurant C,14.7,12.1,55.1,8.5,Rainy,0.75,51
2024-03-21,11,3,0,3,Canteen D,14.7,12.1,55.1,8.5,Rainy,0.75,71
2024-03-21,12,3,0,3,Cafeteria A,14.7,12.1,55.1,8.5,Rainy,0.75,188
2024-03-21,12,3,0,3,Food Court B,14.7,12.1,55.1,8.5,Rainy,0.75,224
2024-03-21,12,3,0,3,Restaurant C,14.7,12.1,55.1,8.5,Rainy,0.75,103
2024-03-21,12,3,0,3,Canteen D,14.7,12.1,55.1,8.5,Rainy,0.75,148
2024-03-21,13,3,0,3,Cafeteria A,14.7,12.1,55.1,8.5,Rainy,0.75,181
2024-03-21,13,3,0,3,Food Court B,14.7,12.1,55.1,8.5,Rainy,0.75,214
2024-03-21,13,3,0,3,Restaurant C,14.7,12.1,55.1,8.5,Rainy,0.75,117
2024-03-21,13,3,0,3,Canteen D,14.7,12.1,55.1,8.5,Rainy,0.75,130
2024-03-21,14,3,0,3,Cafeteria A,14.7,12.1,55.1,8.5,Rainy,0.75,84
2024-03-21,14,3,0,3,Food Court B,14.7,12.1,55.1,8.5,Rainy,0.75,120
2024-03-21,14,3,0,3,Restaurant C,14.7,12.1,55.1,8.5,Rainy,0.75,53
2024-03-21,14,3,0,3,Canteen D,14.7,12.1,55.1,8.5,Rainy,0.75,68
2024-03-21,15,3,0,3,Cafeteria A,14.7,12.1,55.1,8.5,Rainy,0.75,23
2024-03-21,15,3,0,3,Food Court B,14.7,12.1,55.1,8.5,Rainy,0.75,28
2024-03-21,15,3,0,3,Restaurant C,14.7,12.1,55.1,8.5,Rainy,0.75,12
2024-03-21,15,3,0,3,Canteen D,14.7,12.1,55.1,8.5,Rainy,0.75,15
2024-03-22,9,4,0,3,Cafeteria A,11.7,10.7,69.4,4.0,Snowy,0.6,2
2024-03-22,9,4,0,3,Food Court B,11.7,10.7,69.4,4.0,Snowy,0.6,2
2024-03-22,9,4,0,3,Restaurant C,11.7,10.7,69.4,4.0,Snowy,0.6,1
2024-03-22,9,4,0,3,Canteen D,11.7,10.7,69.4,4.0,Snowy,0.6,1
2024-03-22,10,4,0,3,Cafeteria A,11.7,10.7,69.4,4.0,Snowy,0.6,17
2024-03-22,10,4,0,3,Food Court B,11.7,10.7,69.4,4.0,Snowy,0.6,20
2024-03-22,10,4,0,3,Restaurant C,11.7,10.7,69.4,4.0,Snowy,0.6,10
2024-03-22,10,4,0,3,Canteen D,11.7,10.7,69.4,4.0,Snowy,0.6,12
2024-03-22,11,4,0,3,Cafeteria A,11.7,10.7,69.4,4.0,Snowy,0.6,59
2024-03-22,11,4,0,3,Food Court B,11.7,10.7,69.4,4.0,Snowy,0.6,76
2024-03-22,11,4,0,3,Restaurant C,11.7,10.7,69.4,4.0,Snowy,0.6,42
2024-03-22,11,4,0,3,Canteen D,11.7,10.7,69.4,4.0,Snowy,0.6,48
2024-03-22,12,4,0,3,Cafeteria A,11.7,10.7,69.4,4.0,Snowy,0.6,119
2024-03-22,12,4,0,3,Food Court B,11.7,10.7,69.4,4.0,Snowy,0.6,180
2024-03-22,12,4,0,3,Restaurant C,11.7,10.7,69.4,4.0,Snowy,0.6,95
2024-03-22,12,4,0,3,Canteen D,11.7,10.7,69.4,4.0,Snowy,0.6,112
2024-03-22,13,4,0,3,Cafeteria A,11.7,10.7,69.4,4.0,Snowy,0.6,145
2024-03-22,13,4,0,3,Food Court B,11.7,10.7,69.4,4.0,Snowy,0.6,156
2024-03-22,13,4,0,3,Restaurant C,11.7,10.7,69.4,4.0,Snowy,0.6,95
2024-03-22,13,4,0,3,Canteen D,11.7,10.7,69.4,4.0,Snowy,0.6,97
2024-03-22,14,4,0,3,Cafeteria A,11.7,10.7,69.4,4.0,Snowy,0.6,73
2024-03-22,14,4,0,3,Food Court B,11.7,10.7,69.4,4.0,Snowy,0.6,93
2024-03-22,14,4,0,3,Restaurant C,11.7,10.7,69.4,4.0,Snowy,0.6,45
2024-03-22,14,4,0,3,Canteen D,11.7,10.7,69.4,4.0,Snowy,0.6,58
2024-03-22,15,4,0,3,Cafeteria A,11.7,10.7,69.4,4.0,Snowy,0.6,16
2024-03-22,15,4,0,3,Food Court B,11.7,10.7,69.4,4.0,Snowy,0.6,19
2024-03-22,15,4,0,3,Restaurant C,11.7,10.7,69.4,4.0,Snowy,0.6,10
2024-03-22,15,4,0,3,Canteen D,11.7,10.7,69.4,4.0,Snowy,0.6,13
2024-03-23,9,5,1,3,Cafeteria A,15.6,10.6,62.2,14.7,Snowy,0.6,0
2024-03-23,9,5,1,3,Food Court B,15.6,10.6,62.2,14.7,Snowy,0.6,1
2024-03-23,9,5,1,3,Restaurant C,15.6,10.6,62.2,14.7,Snowy,0.6,0
2024-03-23,9,5,1,3,Canteen D,15.6,10.6,62.2,14.7,Snowy,0.6,0
2024-03-23,10,5,1,3,Cafeteria A,15.6,10.6,62.2,14.7,Snowy,0.6,7
2024-03-23,10,5,1,3,Food Court B,15.6,10.6,62.2,14.7,Snowy,0.6,9
2024-03-23,10,5,1,3,Restaurant C,15.6,10.6,62.2,14.7,Snowy,0.6,4
2024-03-23,10,5,1,3,Canteen D,15.6,10.6,62.2,14.7,Snowy,0.6,5
2024-03-23,11,5,1,3,Cafeteria A,15.6,10.6,62.2,14.7,Snowy,0.6,30
2024-03-23,11,5,1,3,Food Court B,15.6,10.6,62.2,14.7,Snowy,0.6,33
2024-03-23,11,5,1,3,Restaurant C,15.6,10.6,62.2,14.7,Snowy,0.6,18
2024-03-23,11,5,1,3,Canteen D,15.6,10.6,62.2,14.7,Snowy,0.6,23
2024-03-23,12,5,1,3,Cafeteria A,15.6,10.6,62.2,14.7,Snowy,0.6,52
2024-03-23,12,5,1,3,Food Court B,15.6,10.6,62.2,14.7,Snowy,0.6,72
2024-03-23,12,5,1,3,Restaurant C,15.6,10.6,62.2,14.7,Snowy,0.6,39
2024-03-23,12,5,1,3,Canteen D,15.6,10.6,62.2,14.7,Snowy,0.6,44
2024-03-23,13,5,1,3,Cafeteria A,15.6,10.6,62.2,14.7,Snowy,0.6,50
2024-03-23,13,5,1,3,Food Court B,15.6,10.6,62.2,14.7,Snowy,0.6,63
2024-03-23,13,5,1,3,Restaurant C,15.6,10.6,62.2,14.7,Snowy,0.6,35
2024-03-23,13,5,1,3,Canteen D,15.6,10.6,62.2,14.7,Snowy,0.6,49
2024-03-23,14,5,1,3,Cafeteria A,15.6,10.6,62.2,14.7,Snowy,0.6,26
2024-03-23,14,5,1,3,Food Court B,15.6,10.6,62.2,14.7,Snowy,0.6,36
2024-03-23,14,5,1,3,Restaurant C,15.6,10.6,62.2,14.7,Snowy,0.6,17
2024-03-23,14,5,1,3,Canteen D,15.6,10.6,62.2,14.7,Snowy,0.6,21
2024-03-23,15,5,1,3,Cafeteria A,15.6,10.6,62.2,14.7,Snowy,0.6,7
2024-03-23,15,5,1,3,Food Court B,15.6,10.6,62.2,14.7,Snowy,0.6,9
2024-03-23,15,5,1,3,Restaurant C,15.6,10.6,62.2,14.7,Snowy,0.6,4
2024-03-23,15,5,1,3,Canteen D,15.6,10.6,62.2,14.7,Snowy,0.6,5
2024-03-24,9,6,1,3,Cafeteria A,14.9,11.2,64.2,10.2,Rainy,0.75,1
2024-03-24,9,6,1,3,Food Court B,14.9,11.2,64.2,10.2,Rainy,0.75,1
2024-03-24,9,6,1,3,Restaurant C,14.9,11.2,64.2,10.2,Rainy,0.75,0
2024-03-24,9,6,1,3,Canteen D,14.9,11.2,64.2,10.2,Rainy,0.75,0
2024-03-24,10,6,1,3,Cafeteria A,14.9,11.2,64.2,10.2,Rainy,0.75,9
2024-03-24,10,6,1,3,Food Court B,14.9,11.2,64.2,10.2,Rainy,0.75,10
2024-03-24,10,6,1,3,Restaurant C,14.9,11.2,64.2,10.2,Rainy,0.75,5
2024-03-24,10,6,1,3,Canteen D,14.9,11.2,64.2,10.2,Rainy,0.75,7
2024-03-24,11,6,1,3,Cafeteria A,14.9,11.2,64.2,10.2,Rainy,0.75,38
2024-03-24,11,6,1,3,Food Court B,14.9,11.2,64.2,10.2,Rainy,0.75,48
2024-03-24,11,6,1,3,Restaurant C,14.9,11.2,64.2,10.2,Rainy,0.75,23
2024-03-24,11,6,1,3,Canteen D,14.9,11.2,64.2,10.2,Rainy,0.75,26
2024-03-24,12,6,1,3,Cafeteria A,14.9,11.2,64.2,10.2,Rainy,0.75,75
2024-03-24,12,6,1,3,Food Court B,14.9,11.2,64.2,10.2,Rainy,0.75,83
2024-03-24,12,6,1,3,Restaurant C,14.9,11.2,64.2,10.2,Rainy,0.75,46
2024-03-24,12,6,1,3,Canteen D,14.9,11.2,64.2,10.2,Rainy,0.75,53
2024-03-24,13,6,1,3,Cafeteria A,14.9,11.2,64.2,10.2,Rainy,0.75,73
2024-03-24,13,6,1,3,Food Court B,14.9,11.2,64.2,10.2,Rainy,0.75,82
2024-03-24,13,6,1,3,Restaurant C,14.9,11.2,64.2,10.2,Rainy,0.75,42
2024-03-24,13,6,1,3,Canteen D,14.9,11.2,64.2,10.2,Rainy,0.75,61
2024-03-24,14,6,1,3,Cafeteria A,14.9,11.2,64.2,10.2,Rainy,0.75,31
2024-03-24,14,6,1,3,Food Court B,14.9,11.2,64.2,10.2,Rainy,0.75,44
2024-03-24,14,6,1,3,Restaurant C,14.9,11.2,64.2,10.2,Rainy,0.75,21
2024-03-24,14,6,1,3,Canteen D,14.9,11.2,64.2,10.2,Rainy,0.75,24
2024-03-24,15,6,1,3,Cafeteria A,14.9,11.2,64.2,10.2,Rainy,0.75,7
2024-03-24,15,6,1,3,Food Court B,14.9,11.2,64.2,10.2,Rainy,0.75,10
2024-03-24,15,6,1,3,Restaurant C,14.9,11.2,64.2,10.2,Rainy,0.75,6
2024-03-24,15,6,1,3,Canteen D,14.9,11.2,64.2,10.2,Rainy,0.75,6
2024-03-25,9,0,0,3,Cafeteria A,15.3,13.5,72.4,14.7,Cloudy,1.0,3
2024-03-25,9,0,0,3,Food Court B,15.3,13.5,72.4,14.7,Cloudy,1.0,4
2024-03-25,9,0,0,3,Restaurant C,15.3,13.5,72.4,14.7,Cloudy,1.0,2
2024-03-25,9,0,0,3,Canteen D,15.3,13.5,72.4,14.7,Cloudy,1.0,3
2024-03-25,10,0,0,3,Cafeteria A,15.3,13.5,72.4,14.7,Cloudy,1.0,32
2024-03-25,10,0,0,3,Food Court B,15.3,13.5,72.4,14.7,Cloudy,1.0,40
2024-03-25,10,0,0,3,Restaurant C,15.3,13.5,72.4,14.7,Cloudy,1.0,18
2024-03-25,10,0,0,3,Canteen D,15.3,13.5,72.4,14.7,Cloudy,1.0,24
2024-03-25,11,0,0,3,Cafeteria A,15.3,13.5,72.4,14.7,Cloudy,1.0,117
2024-03-25,11,0,0,3,Food Court B,15.3,13.5,72.4,14.7,Cloudy,1.0,148
2024-03-25,11,0,0,3,Restaurant C,15.3,13.5,72.4,14.7,Cloudy,1.0,70
2024-03-25,11,0,0,3,Canteen D,15.3,13.5,72.4,14.7,Cloudy,1.0,95
2024-03-25,12,0,0,3,Cafeteria A,15.3,13.5,72.4,14.7,Cloudy,1.0,219
2024-03-25,12,0,0,3,Food Court B,15.3,13.5,72.4,14.7,Cloudy,1.0,284
2024-03-25,12,0,0,3,Restaurant C,15.3,13.5,72.4,14.7,Cloudy,1.0,165
2024-03-25,12,0,0,3,Canteen D,15.3,13.5,72.4,14.7,Cloudy,1.0,173
2024-03-25,13,0,0,3,Cafeteria A,15.3,13.5,72.4,14.7,Cloudy,1.0,213
2024-03-25,13,0,0,3,Food Court B,15.3,13.5,72.4,14.7,Cloudy,1.0,266
2024-03-25,13,0,0,3,Restaurant C,15.3,13.5,72.4,14.7,Cloudy,1.0,168
2024-03-25,13,0,0,3,Canteen D,15.3,13.5,72.4,14.7,Cloudy,1.0,186
2024-03-25,14,0,0,3,Cafeteria A,15.3,13.5,72.4,14.7,Cloudy,1.0,116
2024-03-25,14,0,0,3,Food Court B,15.3,13.5,72.4,14.7,Cloudy,1.0,159
2024-03-25,14,0,0,3,Restaurant C,15.3,13.5,72.4,14.7,Cloudy,1.0,82
2024-03-25,14,0,0,3,Canteen D,15.3,13.5,72.4,14.7,Cloudy,1.0,89
2024-03-25,15,0,0,3,Cafeteria A,15.3,13.5,72.4,14.7,Cloudy,1.0,30
2024-03-25,15,0,0,3,Food Court B,15.3,13.5,72.4,14.7,Cloudy,1.0,39
2024-03-25,15,0,0,3,Restaurant C,15.3,13.5,72.4,14.7,Cloudy,1.0,19
2024-03-25,15,0,0,3,Canteen D,15.3,13.5,72.4,14.7,Cloudy,1.0,21
2024-03-26,9,1,0,3,Cafeteria A,15.3,12.4,76.2,9.5,Sunny,1.3,4
2024-03-26,9,1,0,3,Food Court B,15.3,12.4,76.2,9.5,Sunny,1.3,6
2024-03-26,9,1,0,3,Restaurant C,15.3,12.4,76.2,9.5,Sunny,1.3,2
2024-03-26,9,1,0,3,Canteen D,15.3,12.4,76.2,9.5,Sunny,1.3,3
2024-03-26,10,1,0,3,Cafeteria A,15.3,12.4,76.2,9.5,Sunny,1.3,38
2024-03-26,10,1,0,3,Food Court B,15.3,12.4,76.2,9.5,Sunny,1.3,42
2024-03-26,10,1,0,3,Restaurant C,15.3,12.4,76.2,9.5,Sunny,1.3,27
2024-03-26,10,1,0,3,Canteen D,15.3,12.4,76.2,9.5,Sunny,1.3,28
2024-03-26,11,1,0,3,Cafeteria A,15.3,12.4,76.2,9.5,Sunny,1.3,146
2024-03-26,11,1,0,3,Food Court B,15.3,12.4,76.2,9.5,Sunny,1.3,183
2024-03-26,11,1,0,3,Restaurant C,15.3,12.4,76.2,9.5,Sunny,1.3,92
2024-03-26,11,1,0,3,Canteen D,15.3,12.4,76.2,9.5,Sunny,1.3,106
2024-03-26,12,1,0,3,Cafeteria A,15.3,12.4,76.2,9.5,Sunny,1.3,325
2024-03-26,12,1,0,3,Food Court B,15.3,12.4,76.2,9.5,Sunny,1.3,429
2024-03-26,12,1,0,3,Restaurant C,15.3,12.4,76.2,9.5,Sunny,1.3,185
2024-03-26,12,1,0,3,Canteen D,15.3,12.4,76.2,9.5,Sunny,1.3,252
2024-03-26,13,1,0,3,Cafeteria A,15.3,12.4,76.2,9.5,Sunny,1.3,326
2024-03-26,13,1,0,3,Food Court B,15.3,12.4,76.2,9.5,Sunny,1.3,418
2024-03-26,13,1,0,3,Restaurant C,15.3,12.4,76.2,9.5,Sunny,1.3,194
2024-03-26,13,1,0,3,Canteen D,15.3,12.4,76.2,9.5,Sunny,1.3,231
2024-03-26,14,1,0,3,Cafeteria A,15.3,12.4,76.2,9.5,Sunny,1.3,147
2024-03-26,14,1,0,3,Food Court B,15.3,12.4,76.2,9.5,Sunny,1.3,202
2024-03-26,14,1,0,3,Restaurant C,15.3,12.4,76.2,9.5,Sunny,1.3,106
2024-03-26,14,1,0,3,Canteen D,15.3,12.4,76.2,9.5,Sunny,1.3,111
2024-03-26,15,1,0,3,Cafeteria A,15.3,12.4,76.2,9.5,Sunny,1.3,37
2024-03-26,15,1,0,3,Food Court B,15.3,12.4,76.2,9.5,Sunny,1.3,52
2024-03-26,15,1,0,3,Restaurant C,15.3,12.4,76.2,9.5,Sunny,1.3,26
2024-03-26,15,1,0,3,Canteen D,15.3,12.4,76.2,9.5,Sunny,1.3,33
2024-03-27,9,2,0,3,Cafeteria A,13.2,10.7,80.8,9.0,Cloudy,1.0,3
2024-03-27,9,2,0,3,Food Court B,13.2,10.7,80.8,9.0,Cloudy,1.0,4
2024-03-27,9,2,0,3,Restaurant C,13.2,10.7,80.8,9.0,Cloudy,1.0,2
2024-03-27,9,2,0,3,Canteen D,13.2,10.7,80.8,9.0,Cloudy,1.0,2
2024-03-27,10,2,0,3,Cafeteria A,13.2,10.7,80.8,9.0,Cloudy,1.0,29
2024-03-27,10,2,0,3,Food Court B,13.2,10.7,80.8,9.0,Cloudy,1.0,39
2024-03-27,10,2,0,3,Restaurant C,13.2,10.7,80.8,9.0,Cloudy,1.0,16
2024-03-27,10,2,0,3,Canteen D,13.2,10.7,80.8,9.0,Cloudy,1.0,21
2024-03-27,11,2,0,3,Cafeteria A,13.2,10.7,80.8,9.0,Cloudy,1.0,117
2024-03-27,11,2,0,3,Food Court B,13.2,10.7,80.8,9.0,Cloudy,1.0,135
2024-03-27,11,2,0,3,Restaurant C,13.2,10.7,80.8,9.0,Cloudy,1.0,77
2024-03-27,11,2,0,3,Canteen D,13.2,10.7,80.8,9.0,Cloudy,1.0,95
2024-03-27,12,2,0,3,Cafeteria A,13.2,10.7,80.8,9.0,Cloudy,1.0,206
2024-03-27,12,2,0,3,Food Court B,13.2,10.7,80.8,9.0,Cloudy,1.0,286
2024-03-27,12,2,0,3,Restaurant C,13.2,10.7,80.8,9.0,Cloudy,1.0,147
2024-03-27,12,2,0,3,Canteen D,13.2,10.7,80.8,9.0,Cloudy,1.0,174
2024-03-27,13,2,0,3,Cafeteria A,13.2,10.7,80.8,9.0,Cloudy,1.0,252
2024-03-27,13,2,0,3,Food Court B,13.2,10.7,80.8,9.0,Cloudy,1.0,308
2024-03-27,13,2,0,3,Restaurant C,13.2,10.7,80.8,9.0,Cloudy,1.0,154
2024-03-27,13,2,0,3,Canteen D,13.2,10.7,80.8,9.0,Cloudy,1.0,189
2024-03-27,14,2,0,3,Cafeteria A,13.2,10.7,80.8,9.0,Cloudy,1.0,113
2024-03-27,14,2,0,3,Food Court B,13.2,10.7,80.8,9.0,Cloudy,1.0,157
2024-03-27,14,2,0,3,Restaurant C,13.2,10.7,80.8,9.0,Cloudy,1.0,76
2024-03-27,14,2,0,3,Canteen D,13.2,10.7,80.8,9.0,Cloudy,1.0,94
2024-03-27,15,2,0,3,Cafeteria A,13.2,10.7,80.8,9.0,Cloudy,1.0,30
2024-03-27,15,2,0,3,Food Court B,13.2,10.7,80.8,9.0,Cloudy,1.0,33
2024-03-27,15,2,0,3,Restaurant C,13.2,10.7,80.8,9.0,Cloudy,1.0,19
2024-03-27,15,2,0,3,Canteen D,13.2,10.7,80.8,9.0,Cloudy,1.0,20
2024-03-28,9,3,0,3,Cafeteria A,11.1,7.6,61.3,14.2,Snowy,0.6,2
2024-03-28,9,3,0,3,Food Court B,11.1,7.6,61.3,14.2,Snowy,0.6,2
2024-03-28,9,3,0,3,Restaurant C,11.1,7.6,61.3,14.2,Snowy,0.6,1
2024-03-28,9,3,0,3,Canteen D,11.1,7.6,61.3,14.2,Snowy,0.6,1
2024-03-28,10,3,0,3,Cafeteria A,11.1,7.6,61.3,14.2,Snowy,0.6,15
2024-03-28,10,3,0,3,Food Court B,11.1,7.6,61.3,14.2,Snowy,0.6,18
2024-03-28,10,3,0,3,Restaurant C,11.1,7.6,61.3,14.2,Snowy,0.6,11
2024-03-28,10,3,0,3,Canteen D,11.1,7.6,61.3,14.2,Snowy,0.6,13
2024-03-28,11,3,0,3,Cafeteria A,11.1,7.6,61.3,14.2,Snowy,0.6,64
2024-03-28,11,3,0,3,Food Court B,11.1,7.6,61.3,14.2,Snowy,0.6,73
2024-03-28,11,3,0,3,Restaurant C,11.1,7.6,61.3,14.2,Snowy,0.6,45
2024-03-28,11,3,0,3,Canteen D,11.1,7.6,61.3,14.2,Snowy,0.6,45
2024-03-28,12,3,0,3,Cafeteria A,11.1,7.6,61.3,14.2,Snowy,0.6,138
2024-03-28,12,3,0,3,Food Court B,11.1,7.6,61.3,14.2,Snowy,0.6,183
2024-03-28,12,3,0,3,Restaurant C,11.1,7.6,61.3,14.2,Snowy,0.6,83
2024-03-28,12,3,0,3,Canteen D,11.1,7.6,61.3,14.2,Snowy,0.6,97
2024-03-28,13,3,0,3,Cafeteria A,11.1,7.6,61.3,14.2,Snowy,0.6,138
2024-03-28,13,3,0,3,Food Court B,11.1,7.6,61.3,14.2,Snowy,0.6,177
2024-03-28,13,3,0,3,Restaurant C,11.1,7.6,61.3,14.2,Snowy,0.6,85
2024-03-28,13,3,0,3,Canteen D,11.1,7.6,61.3,14.2,Snowy,0.6,115
2024-03-28,14,3,0,3,Cafeteria A,11.1,7.6,61.3,14.2,Snowy,0.6,58
2024-03-28,14,3,0,3,Food Court B,11.1,7.6,61.3,14.2,Snowy,0.6,82
2024-03-28,14,3,0,3,Restaurant C,11.1,7.6,61.3,14.2,Snowy,0.6,44
2024-03-28,14,3,0,3,Canteen D,11.1,7.6,61.3,14.2,Snowy,0.6,56
2024-03-28,15,3,0,3,Cafeteria A,11.1,7.6,61.3,14.2,Snowy,0.6,15
2024-03-28,15,3,0,3,Food Court B,11.1,7.6,61.3,14.2,Snowy,0.6,22
2024-03-28,15,3,0,3,Restaurant C,11.1,7.6,61.3,14.2,Snowy,0.6,10
2024-03-28,15,3,0,3,Canteen D,11.1,7.6,61.3,14.2,Snowy,0.6,12
2024-03-29,9,4,0,3,Cafeteria A,13.6,10.2,62.2,13.9,Sunny,1.3,4
2024-03-29,9,4,0,3,Food Court B,13.6,10.2,62.2,13.9,Sunny,1.3,5
2024-03-29,9,4,0,3,Restaurant C,13.6,10.2,62.2,13.9,Sunny,1.3,3
2024-03-29,9,4,0,3,Canteen D,13.6,10.2,62.2,13.9,Sunny,1.3,3
2024-03-29,10,4,0,3,Cafeteria A,13.6,10.2,62.2,13.9,Sunny,1.3,40
2024-03-29,10,4,0,3,Food Court B,13.6,10.2,62.2,13.9,Sunny,1.3,51
2024-03-29,10,4,0,3,Restaurant C,13.6,10.2,62.2,13.9,Sunny,1.3,21
2024-03-29,10,4,0,3,Canteen D,13.6,10.2,62.2,13.9,Sunny,1.3,30
2024-03-29,11,4,0,3,Cafeteria A,13.6,10.2,62.2,13.9,Sunny,1.3,133
2024-03-29,11,4,0,3,Food Court B,13.6,10.2,62.2,13.9,Sunny,1.3,189
2024-03-29,11,4,0,3,Restaurant C,13.6,10.2,62.2,13.9,Sunny,1.3,91
2024-03-29,11,4,0,3,Canteen D,13.6,10.2,62.2,13.9,Sunny,1.3,112
2024-03-29,12,4,0,3,Cafeteria A,13.6,10.2,62.2,13.9,Sunny,1.3,288
2024-03-29,12,4,0,3,Food Court B,13.6,10.2,62.2,13.9,Sunny,1.3,385
2024-03-29,12,4,0,3,Restaurant C,13.6,10.2,62.2,13.9,Sunny,1.3,184
2024-03-29,12,4,0,3,Canteen D,13.6,10.2,62.2,13.9,Sunny,1.3,248
2024-03-29,13,4,0,3,Cafeteria A,13.6,10.2,62.2,13.9,Sunny,1.3,292
2024-03-29,13,4,0,3,Food Court B,13.6,10.2,62.2,13.9,Sunny,1.3,335
2024-03-29,13,4,0,3,Restaurant C,13.6,10.2,62.2,13.9,Sunny,1.3,205
2024-03-29,13,4,0,3,Canteen D,13.6,10.2,62.2,13.9,Sunny,1.3,223
2024-03-29,14,4,0,3,Cafeteria A,13.6,10.2,62.2,13.9,Sunny,1.3,147
2024-03-29,14,4,0,3,Food Court B,13.6,10.2,62.2,13.9,Sunny,1.3,195
2024-03-29,14,4,0,3,Restaurant C,13.6,10.2,62.2,13.9,Sunny,1.3,92
2024-03-29,14,4,0,3,Canteen D,13.6,10.2,62.2,13.9,Sunny,1.3,104
2024-03-29,15,4,0,3,Cafeteria A,13.6,10.2,62.2,13.9,Sunny,1.3,36
2024-03-29,15,4,0,3,Food Court B,13.6,10.2,62.2,13.9,Sunny,1.3,51
2024-03-29,15,4,0,3,Restaurant C,13.6,10.2,62.2,13.9,Sunny,1.3,24
2024-03-29,15,4,0,3,Canteen D,13.6,10.2,62.2,13.9,Sunny,1.3,30
2024-03-30,9,5,1,3,Cafeteria A,11.4,8.7,75.0,9.9,Cloudy,1.0,1
2024-03-30,9,5,1,3,Food Court B,11.4,8.7,75.0,9.9,Cloudy,1.0,1
2024-03-30,9,5,1,3,Restaurant C,11.4,8.7,75.0,9.9,Cloudy,1.0,0
2024-03-30,9,5,1,3,Canteen D,11.4,8.7,75.0,9.9,Cloudy,1.0,1
2024-03-30,10,5,1,3,Cafeteria A,11.4,8.7,75.0,9.9,Cloudy,1.0,9
2024-03-30,10,5,1,3,Food Court B,11.4,8.7,75.0,9.9,Cloudy,1.0,13
2024-03-30,10,5,1,3,Restaurant C,11.4,8.7,75.0,9.9,Cloudy,1.0,6
2024-03-30,10,5,1,3,Canteen D,11.4,8.7,75.0,9.9,Cloudy,1.0,9
2024-03-30,11,5,1,3,Cafeteria A,11.4,8.7,75.0,9.9,Cloudy,1.0,40
2024-03-30,11,5,1,3,Food Court B,11.4,8.7,75.0,9.9,Cloudy,1.0,54
2024-03-30,11,5,1,3,Restaurant C,11.4,8.7,75.0,9.9,Cloudy,1.0,30
2024-03-30,11,5,1,3,Canteen D,11.4,8.7,75.0,9.9,Cloudy,1.0,36
2024-03-30,12,5,1,3,Cafeteria A,11.4,8.7,75.0,9.9,Cloudy,1.0,86
2024-03-30,12,5,1,3,Food Court B,11.4,8.7,75.0,9.9,Cloudy,1.0,106
2024-03-30,12,5,1,3,Restaurant C,11.4,8.7,75.0,9.9,Cloudy,1.0,55
2024-03-30,12,5,1,3,Canteen D,11.4,8.7,75.0,9.9,Cloudy,1.0,65
2024-03-30,13,5,1,3,Cafeteria A,11.4,8.7,75.0,9.9,Cloudy,1.0,82
2024-03-30,13,5,1,3,Food Court B,11.4,8.7,75.0,9.9,Cloudy,1.0,110
2024-03-30,13,5,1,3,Restaurant C,11.4,8.7,75.0,9.9,Cloudy,1.0,53
2024-03-30,13,5,1,3,Canteen D,11.4,8.7,75.0,9.9,Cloudy,1.0,66
2024-03-30,14,5,1,3,Cafeteria A,11.4,8.7,75.0,9.9,Cloudy,1.0,45
2024-03-30,14,5,1,3,Food Court B,11.4,8.7,75.0,9.9,Cloudy,1.0,61
2024-03-30,14,5,1,3,Restaurant C,11.4,8.7,75.0,9.9,Cloudy,1.0,29
2024-03-30,14,5,1,3,Canteen D,11.4,8.7,75.0,9.9,Cloudy,1.0,31
2024-03-30,15,5,1,3,Cafeteria A,11.4,8.7,75.0,9.9,Cloudy,1.0,9
2024-03-30,15,5,1,3,Food Court B,11.4,8.7,75.0,9.9,Cloudy,1.0,15
2024-03-30,15,5,1,3,Restaurant C,11.4,8.7,75.0,9.9,Cloudy,1.0,6
2024-03-30,15,5,1,3,Canteen D,11.4,8.7,75.0,9.9,Cloudy,1.0,7
2024-03-31,9,6,1,3,Cafeteria A,20.0,15.6,74.7,17.9,Rainy,0.75,1
2024-03-31,9,6,1,3,Food Court B,20.0,15.6,74.7,17.9,Rainy,0.75,1
2024-03-31,9,6,1,3,Restaurant C,20.0,15.6,74.7,17.9,Rainy,0.75,0
2024-03-31,9,6,1,3,Canteen D,20.0,15.6,74.7,17.9,Rainy,0.75,0
2024-03-31,10,6,1,3,Cafeteria A,20.0,15.6,74.7,17.9,Rainy,0.75,10
2024-03-31,10,6,1,3,Food Court B,20.0,15.6,74.7,17.9,Rainy,0.75,13
2024-03-31,10,6,1,3,Restaurant C,20.0,15.6,74.7,17.9,Rainy,0.75,5
2024-03-31,10,6,1,3,Canteen D,20.0,15.6,74.7,17.9,Rainy,0.75,6
2024-03-31,11,6,1,3,Cafeteria A,20.0,15.6,74.7,17.9,Rainy,0.75,42
2024-03-31,11,6,1,3,Food Court B,20.0,15.6,74.7,17.9,Rainy,0.75,50
2024-03-31,11,6,1,3,Restaurant C,20.0,15.6,74.7,17.9,Rainy,0.75,26
2024-03-31,11,6,1,3,Canteen D,20.0,15.6,74.7,17.9,Rainy,0.75,28
2024-03-31,12,6,1,3,Cafeteria A,20.0,15.6,74.7,17.9,Rainy,0.75,78
2024-03-31,12,6,1,3,Food Court B,20.0,15.6,74.7,17.9,Rainy,0.75,100
2024-03-31,12,6,1,3,Restaurant C,20.0,15.6,74.7,17.9,Rainy,0.75,51
2024-03-31,12,6,1,3,Canteen D,20.0,15.6,74.7,17.9,Rainy,0.75,59
2024-03-31,13,6,1,3,Cafeteria A,20.0,15.6,74.7,17.9,Rainy,0.75,68
2024-03-31,13,6,1,3,Food Court B,20.0,15.6,74.7,17.9,Rainy,0.75,98
2024-03-31,13,6,1,3,Restaurant C,20.0,15.6,74.7,17.9,Rainy,0.75,46
2024-03-31,13,6,1,3,Canteen D,20.0,15.6,74.7,17.9,Rainy,0.75,59
2024-03-31,14,6,1,3,Cafeteria A,20.0,15.6,74.7,17.9,Rainy,0.75,42
2024-03-31,14,6,1,3,Food Court B,20.0,15.6,74.7,17.9,Rainy,0.75,46
2024-03-31,14,6,1,3,Restaurant C,20.0,15.6,74.7,17.9,Rainy,0.75,26
2024-03-31,14,6,1,3,Canteen D,20.0,15.6,74.7,17.9,Rainy,0.75,27
2024-03-31,15,6,1,3,Cafeteria A,20.0,15.6,74.7,17.9,Rainy,0.75,9
2024-03-31,15,6,1,3,Food Court B,20.0,15.6,74.7,17.9,Rainy,0.75,13
2024-03-31,15,6,1,3,Restaurant C,20.0,15.6,74.7,17.9,Rainy,0.75,5
2024-03-31,15,6,1,3,Canteen D,20.0,15.6,74.7,17.9,Rainy,0.75,6
2024-04-01,9,0,0,4,Cafeteria A,18.4,15.8,64.1,11.3,Rainy,0.75,2
2024-04-01,9,0,0,4,Food Court B,18.4,15.8,64.1,11.3,Rainy,0.75,3
2024-04-01,9,0,0,4,Restaurant C,18.4,15.8,64.1,11.3,Rainy,0.75,1
2024-04-01,9,0,0,4,Canteen D,18.4,15.8,64.1,11.3,Rainy,0.75,2
2024-04-01,10,0,0,4,Cafeteria A,18.4,15.8,64.1,11.3,Rainy,0.75,23
2024-04-01,10,0,0,4,Food Court B,18.4,15.8,64.1,11.3,Rainy,0.75,29
2024-04-01,10,0,0,4,Restaurant C,18.4,15.8,64.1,11.3,Rainy,0.75,15
2024-04-01,10,0,0,4,Canteen D,18.4,15.8,64.1,11.3,Rainy,0.75,17
2024-04-01,11,0,0,4,Cafeteria A,18.4,15.8,64.1,11.3,Rainy,0.75,98
2024-04-01,11,0,0,4,Food Court B,18.4,15.8,64.1,11.3,Rainy,0.75,105
2024-04-01,11,0,0,4,Restaurant C,18.4,15.8,64.1,11.3,Rainy,0.75,55
2024-04-01,11,0,0,4,Canteen D,18.4,15.8,64.1,11.3,Rainy,0.75,80
2024-04-01,12,0,0,4,Cafeteria A,18.4,15.8,64.1,11.3,Rainy,0.75,198
2024-04-01,12,0,0,4,Food Court B,18.4,15.8,64.1,11.3,Rainy,0.75,207
2024-04-01,12,0,0,4,Restaurant C,18.4,15.8,64.1,11.3,Rainy,0.75,113
2024-04-01,12,0,0,4,Canteen D,18.4,15.8,64.1,11.3,Rainy,0.75,137
2024-04-01,13,0,0,4,Cafeteria A,18.4,15.8,64.1,11.3,Rainy,0.75,177
2024-04-01,13,0,0,4,Food Court B,18.4,15.8,64.1,11.3,Rainy,0.75,220
2024-04-01,13,0,0,4,Restaurant C,18.4,15.8,64.1,11.3,Rainy,0.75,107
2024-04-01,13,0,0,4,Canteen D,18.4,15.8,64.1,11.3,Rainy,0.75,145
2024-04-01,14,0,0,4,Cafeteria A,18.4,15.8,64.1,11.3,Rainy,0.75,98
2024-04-01,14,0,0,4,Food Court B,18.4,15.8,64.1,11.3,Rainy,0.75,120
2024-04-01,14,0,0,4,Restaurant C,18.4,15.8,64.1,11.3,Rainy,0.75,62
2024-04-01,14,0,0,4,Canteen D,18.4,15.8,64.1,11.3,Rainy,0.75,66
2024-04-01,15,0,0,4,Cafeteria A,18.4,15.8,64.1,11.3,Rainy,0.75,25
2024-04-01,15,0,0,4,Food Court B,18.4,15.8,64.1,11.3,Rainy,0.75,31
2024-04-01,15,0,0,4,Restaurant C,18.4,15.8,64.1,11.3,Rainy,0.75,16
2024-04-01,15,0,0,4,Canteen D,18.4,15.8,64.1,11.3,Rainy,0.75,19
2024-04-02,9,1,0,4,Cafeteria A,21.2,16.2,69.0,19.1,Sunny,1.3,5
2024-04-02,9,1,0,4,Food Court B,21.2,16.2,69.0,19.1,Sunny,1.3,6
2024-04-02,9,1,0,4,Restaurant C,21.2,16.2,69.0,19.1,Sunny,1.3,2
2024-04-02,9,1,0,4,Canteen D,21.2,16.2,69.0,19.1,Sunny,1.3,3
2024-04-02,10,1,0,4,Cafeteria A,21.2,16.2,69.0,19.1,Sunny,1.3,44
2024-04-02,10,1,0,4,Food Court B,21.2,16.2,69.0,19.1,Sunny,1.3,51
2024-04-02,10,1,0,4,Restaurant C,21.2,16.2,69.0,19.1,Sunny,1.3,26
2024-04-02,10,1,0,4,Canteen D,21.2,16.2,69.0,19.1,Sunny,1.3,30
2024-04-02,11,1,0,4,Cafeteria A,21.2,16.2,69.0,19.1,Sunny,1.3,158
2024-04-02,11,1,0,4,Food Court B,21.2,16.2,69.0,19.1,Sunny,1.3,223
2024-04-02,11,1,0,4,Restaurant C,21.2,16.2,69.0,19.1,Sunny,1.3,109
2024-04-02,11,1,0,4,Canteen D,21.2,16.2,69.0,19.1,Sunny,1.3,137
2024-04-02,12,1,0,4,Cafeteria A,21.2,16.2,69.0,19.1,Sunny,1.3,323
2024-04-02,12,1,0,4,Food Court B,21.2,16.2,69.0,19.1,Sunny,1.3,421
2024-04-02,12,1,0,4,Restaurant C,21.2,16.2,69.0,19.1,Sunny,1.3,197
2024-04-02,12,1,0,4,Canteen D,21.2,16.2,69.0,19.1,Sunny,1.3,269
2024-04-02,13,1,0,4,Cafeteria A,21.2,16.2,69.0,19.1,Sunny,1.3,321
2024-04-02,13,1,0,4,Food Court B,21.2,16.2,69.0,19.1,Sunny,1.3,403
2024-04-02,13,1,0,4,Restaurant C,21.2,16.2,69.0,19.1,Sunny,1.3,217
2024-04-02,13,1,0,4,Canteen D,21.2,16.2,69.0,19.1,Sunny,1.3,283
2024-04-02,14,1,0,4,Cafeteria A,21.2,16.2,69.0,19.1,Sunny,1.3,146
2024-04-02,14,1,0,4,Food Court B,21.2,16.2,69.0,19.1,Sunny,1.3,220
2024-04-02,14,1,0,4,Restaurant C,21.2,16.2,69.0,19.1,Sunny,1.3,99
2024-04-02,14,1,0,4,Canteen D,21.2,16.2,69.0,19.1,Sunny,1.3,126
2024-04-02,15,1,0,4,Cafeteria A,21.2,16.2,69.0,19.1,Sunny,1.3,36
2024-04-02,15,1,0,4,Food Court B,21.2,16.2,69.0,19.1,Sunny,1.3,48
2024-04-02,15,1,0,4,Restaurant C,21.2,16.2,69.0,19.1,Sunny,1.3,26
2024-04-02,15,1,0,4,Canteen D,21.2,16.2,69.0,19.1,Sunny,1.3,28
2024-04-03,9,2,0,4,Cafeteria A,23.4,22.0,61.2,9.5,Sunny,1.3,5
2024-04-03,9,2,0,4,Food Court B,23.4,22.0,61.2,9.5,Sunny,1.3,5
2024-04-03,9,2,0,4,Restaurant C,23.4,22.0,61.2,9.5,Sunny,1.3,2
2024-04-03,9,2,0,4,Canteen D,23.4,22.0,61.2,9.5,Sunny,1.3,3
2024-04-03,10,2,0,4,Cafeteria A,23.4,22.0,61.2,9.5,Sunny,1.3,35
2024-04-03,10,2,0,4,Food Court B,23.4,22.0,61.2,9.5,Sunny,1.3,45
2024-04-03,10,2,0,4,Restaurant C,23.4,22.0,61.2,9.5,Sunny,1.3,26
2024-04-03,10,2,0,4,Canteen D,23.4,22.0,61.2,9.5,Sunny,1.3,33
2024-04-03,11,2,0,4,Cafeteria A,23.4,22.0,61.2,9.5,Sunny,1.3,169
2024-04-03,11,2,0,4,Food Court B,23.4,22.0,61.2,9.5,Sunny,1.3,205
2024-04-03,11,2,0,4,Restaurant C,23.4,22.0,61.2,9.5,Sunny,1.3,91
2024-04-03,11,2,0,4,Canteen D,23.4,22.0,61.2,9.5,Sunny,1.3,117
2024-04-03,12,2,0,4,Cafeteria A,23.4,22.0,61.2,9.5,Sunny,1.3,301
2024-04-03,12,2,0,4,Food Court B,23.4,22.0,61.2,9.5,Sunny,1.3,370
2024-04-03,12,2,0,4,Restaurant C,23.4,22.0,61.2,9.5,Sunny,1.3,203
2024-04-03,12,2,0,4,Canteen D,23.4,22.0,61.2,9.5,Sunny,1.3,250
2024-04-03,13,2,0,4,Cafeteria A,23.4,22.0,61.2,9.5,Sunny,1.3,304
2024-04-03,13,2,0,4,Food Court B,23.4,22.0,61.2,9.5,Sunny,1.3,380
2024-04-03,13,2,0,4,Restaurant C,23.4,22.0,61.2,9.5,Sunny,1.3,218
2024-04-03,13,2,0,4,Canteen D,23.4,22.0,61.2,9.5,Sunny,1.3,265
2024-04-03,14,2,0,4,Cafeteria A,23.4,22.0,61.2,9.5,Sunny,1.3,150
2024-04-03,14,2,0,4,Food Court B,23.4,22.0,61.2,9.5,Sunny,1.3,216
2024-04-03,14,2,0,4,Restaurant C,23.4,22.0,61.2,9.5,Sunny,1.3,112
2024-04-03,14,2,0,4,Canteen D,23.4,22.0,61.2,9.5,Sunny,1.3,118
2024-04-03,15,2,0,4,Cafeteria A,23.4,22.0,61.2,9.5,Sunny,1.3,37
2024-04-03,15,2,0,4,Food Court B,23.4,22.0,61.2,9.5,Sunny,1.3,49
2024-04-03,15,2,0,4,Restaurant C,23.4,22.0,61.2,9.5,Sunny,1.3,27
2024-04-03,15,2,0,4,Canteen D,23.4,22.0,61.2,9.5,Sunny,1.3,33
2024-04-04,9,3,0,4,Cafeteria A,20.3,18.8,56.9,5.0,Cloudy,1.0,4
2024-04-04,9,3,0,4,Food Court B,20.3,18.8,56.9,5.0,Cloudy,1.0,5
2024-04-04,9,3,0,4,Restaurant C,20.3,18.8,56.9,5.0,Cloudy,1.0,2
2024-04-04,9,3,0,4,Canteen D,20.3,18.8,56.9,5.0,Cloudy,1.0,3
2024-04-04,10,3,0,4,Cafeteria A,20.3,18.8,56.9,5.0,Cloudy,1.0,33
2024-04-04,10,3,0,4,Food Court B,20.3,18.8,56.9,5.0,Cloudy,1.0,39
2024-04-04,10,3,0,4,Restaurant C,20.3,18.8,56.9,5.0,Cloudy,1.0,20
2024-04-04,10,3,0,4,Canteen D,20.3,18.8,56.9,5.0,Cloudy,1.0,22
2024-04-04,11,3,0,4,Cafeteria A,20.3,18.8,56.9,5.0,Cloudy,1.0,132
2024-04-04,11,3,0,4,Food Court B,20.3,18.8,56.9,5.0,Cloudy,1.0,147
2024-04-04,11,3,0,4,Restaurant C,20.3,18.8,56.9,5.0,Cloudy,1.0,85
2024-04-04,11,3,0,4,Canteen D,20.3,18.8,56.9,5.0,Cloudy,1.0,93
2024-04-04,12,3,0,4,Cafeteria A,20.3,18.8,56.9,5.0,Cloudy,1.0,231
2024-04-04,12,3,0,4,Food Court B,20.3,18.8,56.9,5.0,Cloudy,1.0,293
2024-04-04,12,3,0,4,Restaurant C,20.3,18.8,56.9,5.0,Cloudy,1.0,144
2024-04-04,12,3,0,4,Canteen D,20.3,18.8,56.9,5.0,Cloudy,1.0,211
2024-04-04,13,3,0,4,Cafeteria A,20.3,18.8,56.9,5.0,Cloudy,1.0,269
2024-04-04,13,3,0,4,Food Court B,20.3,18.8,56.9,5.0,Cloudy,1.0,320
2024-04-04,13,3,0,4,Restaurant C,20.3,18.8,56.9,5.0,Cloudy,1.0,150
2024-04-04,13,3,0,4,Canteen D,20.3,18.8,56.9,5.0,Cloudy,1.0,180
2024-04-04,14,3,0,4,Cafeteria A,20.3,18.8,56.9,5.0,Cloudy,1.0,112
2024-04-04,14,3,0,4,Food Court B,20.3,18.8,56.9,5.0,Cloudy,1.0,146
2024-04-04,14,3,0,4,Restaurant C,20.3,18.8,56.9,5.0,Cloudy,1.0,89
2024-04-04,14,3,0,4,Canteen D,20.3,18.8,56.9,5.0,Cloudy,1.0,94
2024-04-04,15,3,0,4,Cafeteria A,20.3,18.8,56.9,5.0,Cloudy,1.0,30
2024-04-04,15,3,0,4,Food Court B,20.3,18.8,56.9,5.0,Cloudy,1.0,35
2024-04-04,15,3,0,4,Restaurant C,20.3,18.8,56.9,5.0,Cloudy,1.0,19
2024-04-04,15,3,0,4,Canteen D,20.3,18.8,56.9,5.0,Cloudy,1.0,25
2024-04-05,9,4,0,4,Cafeteria A,16.7,14.6,71.4,5.1,Sunny,1.3,4
2024-04-05,9,4,0,4,Food Court B,16.7,14.6,71.4,5.1,Sunny,1.3,6
2024-04-05,9,4,0,4,Restaurant C,16.7,14.6,71.4,5.1,Sunny,1.3,3
2024-04-05,9,4,0,4,Canteen D,16.7,14.6,71.4,5.1,Sunny,1.3,3
2024-04-05,10,4,0,4,Cafeteria A,16.7,14.6,71.4,5.1,Sunny,1.3,38
2024-04-05,10,4,0,4,Food Court B,16.7,14.6,71.4,5.1,Sunny,1.3,48
2024-04-05,10,4,0,4,Restaurant C,16.7,14.6,71.4,5.1,Sunny,1.3,25
2024-04-05,10,4,0,4,Canteen D,16.7,14.6,71.4,5.1,Sunny,1.3,32
2024-04-05,11,4,0,4,Cafeteria A,16.7,14.6,71.4,5.1,Sunny,1.3,165
2024-04-05,11,4,0,4,Food Court B,16.7,14.6,71.4,5.1,Sunny,1.3,181
2024-04-05,11,4,0,4,Restaurant C,16.7,14.6,71.4,5.1,Sunny,1.3,101
2024-04-05,11,4,0,4,Canteen D,16.7,14.6,71.4,5.1,Sunny,1.3,121
2024-04-05,12,4,0,4,Cafeteria A,16.7,14.6,71.4,5.1,Sunny,1.3,344
2024-04-05,12,4,0,4,Food Court B,16.7,14.6,71.4,5.1,Sunny,1.3,407
2024-04-05,12,4,0,4,Restaurant C,16.7,14.6,71.4,5.1,Sunny,1.3,204
2024-04-05,12,4,0,4,Canteen D,16.7,14.6,71.4,5.1,Sunny,1.3,225
2024-04-05,13,4,0,4,Cafeteria A,16.7,14.6,71.4,5.1,Sunny,1.3,324
2024-04-05,13,4,0,4,Food Court B,16.7,14.6,71.4,5.1,Sunny,1.3,359
2024-04-05,13,4,0,4,Restaurant C,16.7,14.6,71.4,5.1,Sunny,1.3,195
2024-04-05,13,4,0,4,Canteen D,16.7,14.6,71.4,5.1,Sunny,1.3,227
2024-04-05,14,4,0,4,Cafeteria A,16.7,14.6,71.4,5.1,Sunny,1.3,165
2024-04-05,14,4,0,4,Food Court B,16.7,14.6,71.4,5.1,Sunny,1.3,183
2024-04-05,14,4,0,4,Restaurant C,16.7,14.6,71.4,5.1,Sunny,1.3,98
2024-04-05,14,4,0,4,Canteen D,16.7,14.6,71.4,5.1,Sunny,1.3,135
2024-04-05,15,4,0,4,Cafeteria A,16.7,14.6,71.4,5.1,Sunny,1.3,36
2024-04-05,15,4,0,4,Food Court B,16.7,14.6,71.4,5.1,Sunny,1.3,49
2024-04-05,15,4,0,4,Restaurant C,16.7,14.6,71.4,5.1,Sunny,1.3,24
2024-04-05,15,4,0,4,Canteen D,16.7,14.6,71.4,5.1,Sunny,1.3,27
2024-04-06,9,5,1,4,Cafeteria A,28.9,27.7,48.0,6.5,Cloudy,1.0,1
2024-04-06,9,5,1,4,Food Court B,28.9,27.7,48.0,6.5,Cloudy,1.0,1
2024-04-06,9,5,1,4,Restaurant C,28.9,27.7,48.0,6.5,Cloudy,1.0,0
2024-04-06,9,5,1,4,Canteen D,28.9,27.7,48.0,6.5,Cloudy,1.0,1
2024-04-06,10,5,1,4,Cafeteria A,28.9,27.7,48.0,6.5,Cloudy,1.0,11
2024-04-06,10,5,1,4,Food Court B,28.9,27.7,48.0,6.5,Cloudy,1.0,14
2024-04-06,10,5,1,4,Restaurant C,28.9,27.7,48.0,6.5,Cloudy,1.0,7
2024-04-06,10,5,1,4,Canteen D,28.9,27.7,48.0,6.5,Cloudy,1.0,8
2024-04-06,11,5,1,4,Cafeteria A,28.9,27.7,48.0,6.5,Cloudy,1.0,47
2024-04-06,11,5,1,4,Food Court B,28.9,27.7,48.0,6.5,Cloudy,1.0,54
2024-04-06,11,5,1,4,Restaurant C,28.9,27.7,48.0,6.5,Cloudy,1.0,26
2024-04-06,11,5,1,4,Canteen D,28.9,27.7,48.0,6.5,Cloudy,1.0,37
2024-04-06,12,5,1,4,Cafeteria A,28.9,27.7,48.0,6.5,Cloudy,1.0,96
2024-04-06,12,5,1,4,Food Court B,28.9,27.7,48.0,6.5,Cloudy,1.0,109
2024-04-06,12,5,1,4,Restaurant C,28.9,27.7,48.0,6.5,Cloudy,1.0,50
2024-04-06,12,5,1,4,Canteen D,28.9,27.7,48.0,6.5,Cloudy,1.0,67
2024-04-06,13,5,1,4,Cafeteria A,28.9,27.7,48.0,6.5,Cloudy,1.0,94
2024-04-06,13,5,1,4,Food Court B,28.9,27.7,48.0,6.5,Cloudy,1.0,120
2024-04-06,13,5,1,4,Restaurant C,28.9,27.7,48.0,6.5,Cloudy,1.0,52
2024-04-06,13,5,1,4,Canteen D,28.9,27.7,48.0,6.5,Cloudy,1.0,62
2024-04-06,14,5,1,4,Cafeteria A,28.9,27.7,48.0,6.5,Cloudy,1.0,47
2024-04-06,14,5,1,4,Food Court B,28.9,27.7,48.0,6.5,Cloudy,1.0,53
2024-04-06,14,5,1,4,Restaurant C,28.9,27.7,48.0,6.5,Cloudy,1.0,28
2024-04-06,14,5,1,4,Canteen D,28.9,27.7,48.0,6.5,Cloudy,1.0,38
2024-04-06,15,5,1,4,Cafeteria A,28.9,27.7,48.0,6.5,Cloudy,1.0,9
2024-04-06,15,5,1,4,Food Court B,28.9,27.7,48.0,6.5,Cloudy,1.0,14
2024-04-06,15,5,1,4,Restaurant C,28.9,27.7,48.0,6.5,Cloudy,1.0,6
2024-04-06,15,5,1,4,Canteen D,28.9,27.7,48.0,6.5,Cloudy,1.0,8
2024-04-07,9,6,1,4,Cafeteria A,20.1,20.0,74.7,2.6,Snowy,0.6,0
2024-04-07,9,6,1,4,Food Court B,20.1,20.0,74.7,2.6,Snowy,0.6,1
2024-04-07,9,6,1,4,Restaurant C,20.1,20.0,74.7,2.6,Snowy,0.6,0
2024-04-07,9,6,1,4,Canteen D,20.1,20.0,74.7,2.6,Snowy,0.6,0
2024-04-07,10,6,1,4,Cafeteria A,20.1,20.0,74.7,2.6,Snowy,0.6,7
2024-04-07,10,6,1,4,Food Court B,20.1,20.0,74.7,2.6,Snowy,0.6,9
2024-04-07,10,6,1,4,Restaurant C,20.1,20.0,74.7,2.6,Snowy,0.6,5
2024-04-07,10,6,1,4,Canteen D,20.1,20.0,74.7,2.6,Snowy,0.6,6
2024-04-07,11,6,1,4,Cafeteria A,20.1,20.0,74.7,2.6,Snowy,0.6,32
2024-04-07,11,6,1,4,Food Court B,20.1,20.0,74.7,2.6,Snowy,0.6,33
2024-04-07,11,6,1,4,Restaurant C,20.1,20.0,74.7,2.6,Snowy,0.6,18
2024-04-07,11,6,1,4,Canteen D,20.1,20.0,74.7,2.6,Snowy,0.6,25
2024-04-07,12,6,1,4,Cafeteria A,20.1,20.0,74.7,2.6,Snowy,0.6,61
2024-04-07,12,6,1,4,Food Court B,20.1,20.0,74.7,2.6,Snowy,0.6,67
2024-04-07,12,6,1,4,Restaurant C,20.1,20.0,74.7,2.6,Snowy,0.6,42
2024-04-07,12,6,1,4,Canteen D,20.1,20.0,74.7,2.6,Snowy,0.6,51
2024-04-07,13,6,1,4,Cafeteria A,20.1,20.0,74.7,2.6,Snowy,0.6,62
2024-04-07,13,6,1,4,Food Court B,20.1,20.0,74.7,2.6,Snowy,0.6,68
2024-04-07,13,6,1,4,Restaurant C,20.1,20.0,74.7,2.6,Snowy,0.6,42
2024-04-07,13,6,1,4,Canteen D,20.1,20.0,74.7,2.6,Snowy,0.6,49
2024-04-07,14,6,1,4,Cafeteria A,20.1,20.0,74.7,2.6,Snowy,0.6,32
2024-04-07,14,6,1,4,Food Court B,20.1,20.0,74.7,2.6,Snowy,0.6,40
2024-04-07,14,6,1,4,Restaurant C,20.1,20.0,74.7,2.6,Snowy,0.6,21
2024-04-07,14,6,1,4,Canteen D,20.1,20.0,74.7,2.6,Snowy,0.6,24
2024-04-07,15,6,1,4,Cafeteria A,20.1,20.0,74.7,2.6,Snowy,0.6,6
2024-04-07,15,6,1,4,Food Court B,20.1,20.0,74.7,2.6,Snowy,0.6,9
2024-04-07,15,6,1,4,Restaurant C,20.1,20.0,74.7,2.6,Snowy,0.6,5
2024-04-07,15,6,1,4,Canteen D,20.1,20.0,74.7,2.6,Snowy,0.6,6
2024-04-08,9,0,0,4,Cafeteria A,19.7,15.8,60.4,13.8,Windy,0.85,3
2024-04-08,9,0,0,4,Food Court B,19.7,15.8,60.4,13.8,Windy,0.85,4
2024-04-08,9,0,0,4,Restaurant C,19.7,15.8,60.4,13.8,Windy,0.85,2
2024-04-08,9,0,0,4,Canteen D,19.7,15.8,60.4,13.8,Windy,0.85,2
2024-04-08,10,0,0,4,Cafeteria A,19.7,15.8,60.4,13.8,Windy,0.85,27
2024-04-08,10,0,0,4,Food Court B,19.7,15.8,60.4,13.8,Windy,0.85,34
2024-04-08,10,0,0,4,Restaurant C,19.7,15.8,60.4,13.8,Windy,0.85,15
2024-04-08,10,0,0,4,Canteen D,19.7,15.8,60.4,13.8,Windy,0.85,21
2024-04-08,11,0,0,4,Cafeteria A,19.7,15.8,60.4,13.8,Windy,0.85,114
2024-04-08,11,0,0,4,Food Court B,19.7,15.8,60.4,13.8,Windy,0.85,128
2024-04-08,11,0,0,4,Restaurant C,19.7,15.8,60.4,13.8,Windy,0.85,64
2024-04-08,11,0,0,4,Canteen D,19.7,15.8,60.4,13.8,Windy,0.85,81
2024-04-08,12,0,0,4,Cafeteria A,19.7,15.8,60.4,13.8,Windy,0.85,203
2024-04-08,12,0,0,4,Food Court B,19.7,15.8,60.4,13.8,Windy,0.85,252
2024-04-08,12,0,0,4,Restaurant C,19.7,15.8,60.4,13.8,Windy,0.85,137
2024-04-08,12,0,0,4,Canteen D,19.7,15.8,60.4,13.8,Windy,0.85,187
2024-04-08,13,0,0,4,Cafeteria A,19.7,15.8,60.4,13.8,Windy,0.85,217
2024-04-08,13,0,0,4,Food Court B,19.7,15.8,60.4,13.8,Windy,0.85,251
2024-04-08,13,0,0,4,Restaurant C,19.7,15.8,60.4,13.8,Windy,0.85,125
2024-04-08,13,0,0,4,Canteen D,19.7,15.8,60.4,13.8,Windy,0.85,178
2024-04-08,14,0,0,4,Cafeteria A,19.7,15.8,60.4,13.8,Windy,0.85,105
2024-04-08,14,0,0,4,Food Court B,19.7,15.8,60.4,13.8,Windy,0.85,145
2024-04-08,14,0,0,4,Restaurant C,19.7,15.8,60.4,13.8,Windy,0.85,72
2024-04-08,14,0,0,4,Canteen D,19.7,15.8,60.4,13.8,Windy,0.85,91
2024-04-08,15,0,0,4,Cafeteria A,19.7,15.8,60.4,13.8,Windy,0.85,25
2024-04-08,15,0,0,4,Food Court B,19.7,15.8,60.4,13.8,Windy,0.85,35
2024-04-08,15,0,0,4,Restaurant C,19.7,15.8,60.4,13.8,Windy,0.85,16
2024-04-08,15,0,0,4,Canteen D,19.7,15.8,60.4,13.8,Windy,0.85,23
2024-04-09,9,1,0,4,Cafeteria A,16.7,11.3,75.5,15.0,Sunny,1.3,4
2024-04-09,9,1,0,4,Food Court B,16.7,11.3,75.5,15.0,Sunny,1.3,6
2024-04-09,9,1,0,4,Restaurant C,16.7,11.3,75.5,15.0,Sunny,1.3,2
2024-04-09,9,1,0,4,Canteen D,16.7,11.3,75.5,15.0,Sunny,1.3,4
2024-04-09,10,1,0,4,Cafeteria A,16.7,11.3,75.5,15.0,Sunny,1.3,42
2024-04-09,10,1,0,4,Food Court B,16.7,11.3,75.5,15.0,Sunny,1.3,52
2024-04-09,10,1,0,4,Restaurant C,16.7,11.3,75.5,15.0,Sunny,1.3,26
2024-04-09,10,1,0,4,Canteen D,16.7,11.3,75.5,15.0,Sunny,1.3,28
2024-04-09,11,1,0,4,Cafeteria A,16.7,11.3,75.5,15.0,Sunny,1.3,142
2024-04-09,11,1,0,4,Food Court B,16.7,11.3,75.5,15.0,Sunny,1.3,206
2024-04-09,11,1,0,4,Restaurant C,16.7,11.3,75.5,15.0,Sunny,1.3,98
2024-04-09,11,1,0,4,Canteen D,16.7,11.3,75.5,15.0,Sunny,1.3,122
2024-04-09,12,1,0,4,Cafeteria A,16.7,11.3,75.5,15.0,Sunny,1.3,280
2024-04-09,12,1,0,4,Food Court B,16.7,11.3,75.5,15.0,Sunny,1.3,372
2024-04-09,12,1,0,4,Restaurant C,16.7,11.3,75.5,15.0,Sunny,1.3,180
2024-04-09,12,1,0,4,Canteen D,16.7,11.3,75.5,15.0,Sunny,1.3,271
2024-04-09,13,1,0,4,Cafeteria A,16.7,11.3,75.5,15.0,Sunny,1.3,296
2024-04-09,13,1,0,4,Food Court B,16.7,11.3,75.5,15.0,Sunny,1.3,400
2024-04-09,13,1,0,4,Restaurant C,16.7,11.3,75.5,15.0,Sunny,1.3,180
2024-04-09,13,1,0,4,Canteen D,16.7,11.3,75.5,15.0,Sunny,1.3,258
2024-04-09,14,1,0,4,Cafeteria A,16.7,11.3,75.5,15.0,Sunny,1.3,151
2024-04-09,14,1,0,4,Food Court B,16.7,11.3,75.5,15.0,Sunny,1.3,216
2024-04-09,14,1,0,4,Restaurant C,16.7,11.3,75.5,15.0,Sunny,1.3,110
2024-04-09,14,1,0,4,Canteen D,16.7,11.3,75.5,15.0,Sunny,1.3,118
2024-04-09,15,1,0,4,Cafeteria A,16.7,11.3,75.5,15.0,Sunny,1.3,43
2024-04-09,15,1,0,4,Food Court B,16.7,11.3,75.5,15.0,Sunny,1.3,55
2024-04-09,15,1,0,4,Restaurant C,16.7,11.3,75.5,15.0,Sunny,1.3,27
2024-04-09,15,1,0,4,Canteen D,16.7,11.3,75.5,15.0,Sunny,1.3,33
2024-04-10,9,2,0,4,Cafeteria A,22.4,16.3,49.8,17.8,Sunny,1.3,5
2024-04-10,9,2,0,4,Food Court B,22.4,16.3,49.8,17.8,Sunny,1.3,6
2024-04-10,9,2,0,4,Restaurant C,22.4,16.3,49.8,17.8,Sunny,1.3,3
2024-04-10,9,2,0,4,Canteen D,22.4,16.3,49.8,17.8,Sunny,1.3,3
2024-04-10,10,2,0,4,Cafeteria A,22.4,16.3,49.8,17.8,Sunny,1.3,35
2024-04-10,10,2,0,4,Food Court B,22.4,16.3,49.8,17.8,Sunny,1.3,48
2024-04-10,10,2,0,4,Restaurant C,22.4,16.3,49.8,17.8,Sunny,1.3,23
2024-04-10,10,2,0,4,Canteen D,22.4,16.3,49.8,17.8,Sunny,1.3,27
2024-04-10,11,2,0,4,Cafeteria A,22.4,16.3,49.8,17.8,Sunny,1.3,154
2024-04-10,11,2,0,4,Food Court B,22.4,16.3,49.8,17.8,Sunny,1.3,213
2024-04-10,11,2,0,4,Restaurant C,22.4,16.3,49.8,17.8,Sunny,1.3,104
2024-04-10,11,2,0,4,Canteen D,22.4,16.3,49.8,17.8,Sunny,1.3,120
2024-04-10,12,2,0,4,Cafeteria A,22.4,16.3,49.8,17.8,Sunny,1.3,332
2024-04-10,12,2,0,4,Food Court B,22.4,16.3,49.8,17.8,Sunny,1.3,375
2024-04-10,12,2,0,4,Restaurant C,22.4,16.3,49.8,17.8,Sunny,1.3,182
2024-04-10,12,2,0,4,Canteen D,22.4,16.3,49.8,17.8,Sunny,1.3,268
2024-04-10,13,2,0,4,Cafeteria A,22.4,16.3,49.8,17.8,Sunny,1.3,330
2024-04-10,13,2,0,4,Food Court B,22.4,16.3,49.8,17.8,Sunny,1.3,426
2024-04-10,13,2,0,4,Restaurant C,22.4,16.3,49.8,17.8,Sunny,1.3,183
2024-04-10,13,2,0,4,Canteen D,22.4,16.3,49.8,17.8,Sunny,1.3,272
2024-04-10,14,2,0,4,Cafeteria A,22.4,16.3,49.8,17.8,Sunny,1.3,164
2024-04-10,14,2,0,4,Food Court B,22.4,16.3,49.8,17.8,Sunny,1.3,203
2024-04-10,14,2,0,4,Restaurant C,22.4,16.3,49.8,17.8,Sunny,1.3,106
2024-04-10,14,2,0,4,Canteen D,22.4,16.3,49.8,17.8,Sunny,1.3,136
2024-04-10,15,2,0,4,Cafeteria A,22.4,16.3,49.8,17.8,Sunny,1.3,40
2024-04-10,15,2,0,4,Food Court B,22.4,16.3,49.8,17.8,Sunny,1.3,50
2024-04-10,15,2,0,4,Restaurant C,22.4,16.3,49.8,17.8,Sunny,1.3,28
2024-04-10,15,2,0,4,Canteen D,22.4,16.3,49.8,17.8,Sunny,1.3,33
2024-04-11,9,3,0,4,Cafeteria A,26.3,20.6,55.0,14.5,Sunny,1.3,5
2024-04-11,9,3,0,4,Food Court B,26.3,20.6,55.0,14.5,Sunny,1.3,6
2024-04-11,9,3,0,4,Restaurant C,26.3,20.6,55.0,14.5,Sunny,1.3,2
2024-04-11,9,3,0,4,Canteen D,26.3,20.6,55.0,14.5,Sunny,1.3,3
2024-04-11,10,3,0,4,Cafeteria A,26.3,20.6,55.0,14.5,Sunny,1.3,34
2024-04-11,10,3,0,4,Food Court B,26.3,20.6,55.0,14.5,Sunny,1.3,52
2024-04-11,10,3,0,4,Restaurant C,26.3,20.6,55.0,14.5,Sunny,1.3,26
2024-04-11,10,3,0,4,Canteen D,26.3,20.6,55.0,14.5,Sunny,1.3,30
2024-04-11,11,3,0,4,Cafeteria A,26.3,20.6,55.0,14.5,Sunny,1.3,160
2024-04-11,11,3,0,4,Food Court B,26.3,20.6,55.0,14.5,Sunny,1.3,196
2024-04-11,11,3,0,4,Restaurant C,26.3,20.6,55.0,14.5,Sunny,1.3,98
2024-04-11,11,3,0,4,Canteen D,26.3,20.6,55.0,14.5,Sunny,1.3,105
2024-04-11,12,3,0,4,Cafeteria A,26.3,20.6,55.0,14.5,Sunny,1.3,296
2024-04-11,12,3,0,4,Food Court B,26.3,20.6,55.0,14.5,Sunny,1.3,390
2024-04-11,12,3,0,4,Restaurant C,26.3,20.6,55.0,14.5,Sunny,1.3,201
2024-04-11,12,3,0,4,Canteen D,26.3,20.6,55.0,14.5,Sunny,1.3,228
2024-04-11,13,3,0,4,Cafeteria A,26.3,20.6,55.0,14.5,Sunny,1.3,331
2024-04-11,13,3,0,4,Food Court B,26.3,20.6,55.0,14.5,Sunny,1.3,345
2024-04-11,13,3,0,4,Restaurant C,26.3,20.6,55.0,14.5,Sunny,1.3,192
2024-04-11,13,3,0,4,Canteen D,26.3,20.6,55.0,14.5,Sunny,1.3,246
2024-04-11,14,3,0,4,Cafeteria A,26.3,20.6,55.0,14.5,Sunny,1.3,156
2024-04-11,14,3,0,4,Food Court B,26.3,20.6,55.0,14.5,Sunny,1.3,193
2024-04-11,14,3,0,4,Restaurant C,26.3,20.6,55.0,14.5,Sunny,1.3,91
2024-04-11,14,3,0,4,Canteen D,26.3,20.6,55.0,14.5,Sunny,1.3,108
2024-04-11,15,3,0,4,Cafeteria A,26.3,20.6,55.0,14.5,Sunny,1.3,38
2024-04-11,15,3,0,4,Food Court B,26.3,20.6,55.0,14.5,Sunny,1.3,47
2024-04-11,15,3,0,4,Restaurant C,26.3,20.6,55.0,14.5,Sunny,1.3,22
2024-04-11,15,3,0,4,Canteen D,26.3,20.6,55.0,14.5,Sunny,1.3,30
2024-04-12,9,4,0,4,Cafeteria A,27.0,23.9,54.2,14.6,Rainy,0.75,2
2024-04-12,9,4,0,4,Food Court B,27.0,23.9,54.2,14.6,Rainy,0.75,3
2024-04-12,9,4,0,4,Restaurant C,27.0,23.9,54.2,14.6,Rainy,0.75,1
2024-04-12,9,4,0,4,Canteen D,27.0,23.9,54.2,14.6,Rainy,0.75,2
2024-04-12,10,4,0,4,Cafeteria A,27.0,23.9,54.2,14.6,Rainy,0.75,21
2024-04-12,10,4,0,4,Food Court B,27.0,23.9,54.2,14.6,Rainy,0.75,26
2024-04-12,10,4,0,4,Restaurant C,27.0,23.9,54.2,14.6,Rainy,0.75,13
2024-04-12,10,4,0,4,Canteen D,27.0,23.9,54.2,14.6,Rainy,0.75,15
2024-04-12,11,4,0,4,Cafeteria A,27.0,23.9,54.2,14.6,Rainy,0.75,86
2024-04-12,11,4,0,4,Food Court B,27.0,23.9,54.2,14.6,Rainy,0.75,101
2024-04-12,11,4,0,4,Restaurant C,27.0,23.9,54.2,14.6,Rainy,0.75,60
2024-04-12,11,4,0,4,Canteen D,27.0,23.9,54.2,14.6,Rainy,0.75,68
2024-04-12,12,4,0,4,Cafeteria A,27.0,23.9,54.2,14.6,Rainy,0.75,174
2024-04-12,12,4,0,4,Food Court B,27.0,23.9,54.2,14.6,Rainy,0.75,206
2024-04-12,12,4,0,4,Restaurant C,27.0,23.9,54.2,14.6,Rainy,0.75,98
2024-04-12,12,4,0,4,Canteen D,27.0,23.9,54.2,14.6,Rainy,0.75,119
2024-04-12,13,4,0,4,Cafeteria A,27.0,23.9,54.2,14.6,Rainy,0.75,167
2024-04-12,13,4,0,4,Food Court B,27.0,23.9,54.2,14.6,Rainy,0.75,192
2024-04-12,13,4,0,4,Restaurant C,27.0,23.9,54.2,14.6,Rainy,0.75,112
2024-04-12,13,4,0,4,Canteen D,27.0,23.9,54.2,14.6,Rainy,0.75,146
2024-04-12,14,4,0,4,Cafeteria A,27.0,23.9,54.2,14.6,Rainy,0.75,93
2024-04-12,14,4,0,4,Food Court B,27.0,23.9,54.2,14.6,Rainy,0.75,110
2024-04-12,14,4,0,4,Restaurant C,27.0,23.9,54.2,14.6,Rainy,0.75,51
2024-04-12,14,4,0,4,Canteen D,27.0,23.9,54.2,14.6,Rainy,0.75,72
2024-04-12,15,4,0,4,Cafeteria A,27.0,23.9,54.2,14.6,Rainy,0.75,23
2024-04-12,15,4,0,4,Food Court B,27.0,23.9,54.2,14.6,Rainy,0.75,24
2024-04-12,15,4,0,4,Restaurant C,27.0,23.9,54.2,14.6,Rainy,0.75,14
2024-04-12,15,4,0,4,Canteen D,27.0,23.9,54.2,14.6,Rainy,0.75,15
2024-04-13,9,5,1,4,Cafeteria A,21.9,18.8,63.1,9.4,Cloudy,1.0,1
2024-04-13,9,5,1,4,Food Court B,21.9,18.8,63.1,9.4,Cloudy,1.0,2
2024-04-13,9,5,1,4,Restaurant C,21.9,18.8,63.1,9.4,Cloudy,1.0,1
2024-04-13,9,5,1,4,Canteen D,21.9,18.8,63.1,9.4,Cloudy,1.0,1
2024-04-13,10,5,1,4,Cafeteria A,21.9,18.8,63.1,9.4,Cloudy,1.0,11
2024-04-13,10,5,1,4,Food Court B,21.9,18.8,63.1,9.4,Cloudy,1.0,15
2024-04-13,10,5,1,4,Restaurant C,21.9,18.8,63.1,9.4,Cloudy,1.0,7
2024-04-13,10,5,1,4,Canteen D,21.9,18.8,63.1,9.4,Cloudy,1.0,9
2024-04-13,11,5,1,4,Cafeteria A,21.9,18.8,63.1,9.4,Cloudy,1.0,46
2024-04-13,11,5,1,4,Food Court B,21.9,18.8,63.1,9.4,Cloudy,1.0,61
2024-04-13,11,5,1,4,Restaurant C,21.9,18.8,63.1,9.4,Cloudy,1.0,30
2024-04-13,11,5,1,4,Canteen D,21.9,18.8,63.1,9.4,Cloudy,1.0,35
2024-04-13,12,5,1,4,Cafeteria A,21.9,18.8,63.1,9.4,Cloudy,1.0,91
2024-04-13,12,5,1,4,Food Court B,21.9,18.8,63.1,9.4,Cloudy,1.0,113
2024-04-13,12,5,1,4,Restaurant C,21.9,18.8,63.1,9.4,Cloudy,1.0,71
2024-04-13,12,5,1,4,Canteen D,21.9,18.8,63.1,9.4,Cloudy,1.0,83
2024-04-13,13,5,1,4,Cafeteria A,21.9,18.8,63.1,9.4,Cloudy,1.0,110
2024-04-13,13,5,1,4,Food Court B,21.9,18.8,63.1,9.4,Cloudy,1.0,122
2024-04-13,13,5,1,4,Restaurant C,21.9,18.8,63.1,9.4,Cloudy,1.0,60
2024-04-13,13,5,1,4,Canteen D,21.9,18.8,63.1,9.4,Cloudy,1.0,83
2024-04-13,14,5,1,4,Cafeteria A,21.9,18.8,63.1,9.4,Cloudy,1.0,47
2024-04-13,14,5,1,4,Food Court B,21.9,18.8,63.1,9.4,Cloudy,1.0,59
2024-04-13,14,5,1,4,Restaurant C,21.9,18.8,63.1,9.4,Cloudy,1.0,29
2024-04-13,14,5,1,4,Canteen D,21.9,18.8,63.1,9.4,Cloudy,1.0,35
2024-04-13,15,5,1,4,Cafeteria A,21.9,18.8,63.1,9.4,Cloudy,1.0,11
2024-04-13,15,5,1,4,Food Court B,21.9,18.8,63.1,9.4,Cloudy,1.0,14
2024-04-13,15,5,1,4,Restaurant C,21.9,18.8,63.1,9.4,Cloudy,1.0,8
2024-04-13,15,5,1,4,Canteen D,21.9,18.8,63.1,9.4,Cloudy,1.0,8
2024-04-14,9,6,1,4,Cafeteria A,22.8,17.5,57.3,16.4,Sunny,1.3,1
2024-04-14,9,6,1,4,Food Court B,22.8,17.5,57.3,16.4,Sunny,1.3,2
2024-04-14,9,6,1,4,Restaurant C,22.8,17.5,57.3,16.4,Sunny,1.3,1
2024-04-14,9,6,1,4,Canteen D,22.8,17.5,57.3,16.4,Sunny,1.3,1
2024-04-14,10,6,1,4,Cafeteria A,22.8,17.5,57.3,16.4,Sunny,1.3,16
2024-04-14,10,6,1,4,Food Court B,22.8,17.5,57.3,16.4,Sunny,1.3,21
2024-04-14,10,6,1,4,Restaurant C,22.8,17.5,57.3,16.4,Sunny,1.3,9
2024-04-14,10,6,1,4,Canteen D,22.8,17.5,57.3,16.4,Sunny,1.3,12
2024-04-14,11,6,1,4,Cafeteria A,22.8,17.5,57.3,16.4,Sunny,1.3,63
2024-04-14,11,6,1,4,Food Court B,22.8,17.5,57.3,16.4,Sunny,1.3,72
2024-04-14,11,6,1,4,Restaurant C,22.8,17.5,57.3,16.4,Sunny,1.3,42
2024-04-14,11,6,1,4,Canteen D,22.8,17.5,57.3,16.4,Sunny,1.3,47
2024-04-14,12,6,1,4,Cafeteria A,22.8,17.5,57.3,16.4,Sunny,1.3,127
2024-04-14,12,6,1,4,Food Court B,22.8,17.5,57.3,16.4,Sunny,1.3,143
2024-04-14,12,6,1,4,Restaurant C,22.8,17.5,57.3,16.4,Sunny,1.3,81
2024-04-14,12,6,1,4,Canteen D,22.8,17.5,57.3,16.4,Sunny,1.3,95
2024-04-14,13,6,1,4,Cafeteria A,22.8,17.5,57.3,16.4,Sunny,1.3,137
2024-04-14,13,6,1,4,Food Court B,22.8,17.5,57.3,16.4,Sunny,1.3,142
2024-04-14,13,6,1,4,Restaurant C,22.8,17.5,57.3,16.4,Sunny,1.3,80
2024-04-14,13,6,1,4,Canteen D,22.8,17.5,57.3,16.4,Sunny,1.3,99
2024-04-14,14,6,1,4,Cafeteria A,22.8,17.5,57.3,16.4,Sunny,1.3,67
2024-04-14,14,6,1,4,Food Court B,22.8,17.5,57.3,16.4,Sunny,1.3,81
2024-04-14,14,6,1,4,Restaurant C,22.8,17.5,57.3,16.4,Sunny,1.3,42
2024-04-14,14,6,1,4,Canteen D,22.8,17.5,57.3,16.4,Sunny,1.3,53
2024-04-14,15,6,1,4,Cafeteria A,22.8,17.5,57.3,16.4,Sunny,1.3,17
2024-04-14,15,6,1,4,Food Court B,22.8,17.5,57.3,16.4,Sunny,1.3,18
2024-04-14,15,6,1,4,Restaurant C,22.8,17.5,57.3,16.4,Sunny,1.3,10
2024-04-14,15,6,1,4,Canteen D,22.8,17.5,57.3,16.4,Sunny,1.3,13
2024-04-15,9,0,0,4,Cafeteria A,17.4,15.6,62.0,11.7,Cloudy,1.0,3
2024-04-15,9,0,0,4,Food Court B,17.4,15.6,62.0,11.7,Cloudy,1.0,5
2024-04-15,9,0,0,4,Restaurant C,17.4,15.6,62.0,11.7,Cloudy,1.0,2
2024-04-15,9,0,0,4,Canteen D,17.4,15.6,62.0,11.7,Cloudy,1.0,3
2024-04-15,10,0,0,4,Cafeteria A,17.4,15.6,62.0,11.7,Cloudy,1.0,29
2024-04-15,10,0,0,4,Food Court B,17.4,15.6,62.0,11.7,Cloudy,1.0,36
2024-04-15,10,0,0,4,Restaurant C,17.4,15.6,62.0,11.7,Cloudy,1.0,19
2024-04-15,10,0,0,4,Canteen D,17.4,15.6,62.0,11.7,Cloudy,1.0,25
2024-04-15,11,0,0,4,Cafeteria A,17.4,15.6,62.0,11.7,Cloudy,1.0,111
2024-04-15,11,0,0,4,Food Court B,17.4,15.6,62.0,11.7,Cloudy,1.0,142
2024-04-15,11,0,0,4,Restaurant C,17.4,15.6,62.0,11.7,Cloudy,1.0,87
2024-04-15,11,0,0,4,Canteen D,17.4,15.6,62.0,11.7,Cloudy,1.0,89
2024-04-15,12,0,0,4,Cafeteria A,17.4,15.6,62.0,11.7,Cloudy,1.0,250
2024-04-15,12,0,0,4,Food Court B,17.4,15.6,62.0,11.7,Cloudy,1.0,313
2024-04-15,12,0,0,4,Restaurant C,17.4,15.6,62.0,11.7,Cloudy,1.0,157
2024-04-15,12,0,0,4,Canteen D,17.4,15.6,62.0,11.7,Cloudy,1.0,200
2024-04-15,13,0,0,4,Cafeteria A,17.4,15.6,62.0,11.7,Cloudy,1.0,230
2024-04-15,13,0,0,4,Food Court B,17.4,15.6,62.0,11.7,Cloudy,1.0,311
2024-04-15,13,0,0,4,Restaurant C,17.4,15.6,62.0,11.7,Cloudy,1.0,153
2024-04-15,13,0,0,4,Canteen D,17.4,15.6,62.0,11.7,Cloudy,1.0,200
2024-04-15,14,0,0,4,Cafeteria A,17.4,15.6,62.0,11.7,Cloudy,1.0,112
2024-04-15,14,0,0,4,Food Court B,17.4,15.6,62.0,11.7,Cloudy,1.0,156
2024-04-15,14,0,0,4,Restaurant C,17.4,15.6,62.0,11.7,Cloudy,1.0,73
2024-04-15,14,0,0,4,Canteen D,17.4,15.6,62.0,11.7,Cloudy,1.0,91
2024-04-15,15,0,0,4,Cafeteria A,17.4,15.6,62.0,11.7,Cloudy,1.0,28
2024-04-15,15,0,0,4,Food Court B,17.4,15.6,62.0,11.7,Cloudy,1.0,35
2024-04-15,15,0,0,4,Restaurant C,17.4,15.6,62.0,11.7,Cloudy,1.0,21
2024-04-15,15,0,0,4,Canteen D,17.4,15.6,62.0,11.7,Cloudy,1.0,22
2024-04-16,9,1,0,4,Cafeteria A,17.7,16.1,67.6,9.3,Cloudy,1.0,3
2024-04-16,9,1,0,4,Food Court B,17.7,16.1,67.6,9.3,Cloudy,1.0,4
2024-04-16,9,1,0,4,Restaurant C,17.7,16.1,67.6,9.3,Cloudy,1.0,2
2024-04-16,9,1,0,4,Canteen D,17.7,16.1,67.6,9.3,Cloudy,1.0,3
2024-04-16,10,1,0,4,Cafeteria A,17.7,16.1,67.6,9.3,Cloudy,1.0,28
2024-04-16,10,1,0,4,Food Court B,17.7,16.1,67.6,9.3,Cloudy,1.0,40
2024-04-16,10,1,0,4,Restaurant C,17.7,16.1,67.6,9.3,Cloudy,1.0,18
2024-04-16,10,1,0,4,Canteen D,17.7,16.1,67.6,9.3,Cloudy,1.0,22
2024-04-16,11,1,0,4,Cafeteria A,17.7,16.1,67.6,9.3,Cloudy,1.0,134
2024-04-16,11,1,0,4,Food Court B,17.7,16.1,67.6,9.3,Cloudy,1.0,145
2024-04-16,11,1,0,4,Restaurant C,17.7,16.1,67.6,9.3,Cloudy,1.0,74
2024-04-16,11,1,0,4,Canteen D,17.7,16.1,67.6,9.3,Cloudy,1.0,85
2024-04-16,12,1,0,4,Cafeteria A,17.7,16.1,67.6,9.3,Cloudy,1.0,269
2024-04-16,12,1,0,4,Food Court B,17.7,16.1,67.6,9.3,Cloudy,1.0,330
2024-04-16,12,1,0,4,Restaurant C,17.7,16.1,67.6,9.3,Cloudy,1.0,163
2024-04-16,12,1,0,4,Canteen D,17.7,16.1,67.6,9.3,Cloudy,1.0,205
2024-04-16,13,1,0,4,Cafeteria A,17.7,16.1,67.6,9.3,Cloudy,1.0,226
2024-04-16,13,1,0,4,Food Court B,17.7,16.1,67.6,9.3,Cloudy,1.0,305
2024-04-16,13,1,0,4,Restaurant C,17.7,16.1,67.6,9.3,Cloudy,1.0,153
2024-04-16,13,1,0,4,Canteen D,17.7,16.1,67.6,9.3,Cloudy,1.0,175
2024-04-16,14,1,0,4,Cafeteria A,17.7,16.1,67.6,9.3,Cloudy,1.0,123
2024-04-16,14,1,0,4,Food Court B,17.7,16.1,67.6,9.3,Cloudy,1.0,169
2024-04-16,14,1,0,4,Restaurant C,17.7,16.1,67.6,9.3,Cloudy,1.0,70
2024-04-16,14,1,0,4,Canteen D,17.7,16.1,67.6,9.3,Cloudy,1.0,92
2024-04-16,15,1,0,4,Cafeteria A,17.7,16.1,67.6,9.3,Cloudy,1.0,28
2024-04-16,15,1,0,4,Food Court B,17.7,16.1,67.6,9.3,Cloudy,1.0,36
2024-04-16,15,1,0,4,Restaurant C,17.7,16.1,67.6,9.3,Cloudy,1.0,21
2024-04-16,15,1,0,4,Canteen D,17.7,16.1,67.6,9.3,Cloudy,1.0,24
2024-04-17,9,2,0,4,Cafeteria A,25.8,24.8,57.7,1.7,Sunny,1.3,4
2024-04-17,9,2,0,4,Food Court B,25.8,24.8,57.7,1.7,Sunny,1.3,6
2024-04-17,9,2,0,4,Restaurant C,25.8,24.8,57.7,1.7,Sunny,1.3,3
2024-04-17,9,2,0,4,Canteen D,25.8,24.8,57.7,1.7,Sunny,1.3,3
2024-04-17,10,2,0,4,Cafeteria A,25.8,24.8,57.7,1.7,Sunny,1.3,40
2024-04-17,10,2,0,4,Food Court B,25.8,24.8,57.7,1.7,Sunny,1.3,43
2024-04-17,10,2,0,4,Restaurant C,25.8,24.8,57.7,1.7,Sunny,1.3,21
2024-04-17,10,2,0,4,Canteen D,25.8,24.8,57.7,1.7,Sunny,1.3,27
2024-04-17,11,2,0,4,Cafeteria A,25.8,24.8,57.7,1.7,Sunny,1.3,145
2024-04-17,11,2,0,4,Food Court B,25.8,24.8,57.7,1.7,Sunny,1.3,189
2024-04-17,11,2,0,4,Restaurant C,25.8,24.8,57.7,1.7,Sunny,1.3,99
2024-04-17,11,2,0,4,Canteen D,25.8,24.8,57.7,1.7,Sunny,1.3,130
2024-04-17,12,2,0,4,Cafeteria A,25.8,24.8,57.7,1.7,Sunny,1.3,303
2024-04-17,12,2,0,4,Food Court B,25.8,24.8,57.7,1.7,Sunny,1.3,378
2024-04-17,12,2,0,4,Restaurant C,25.8,24.8,57.7,1.7,Sunny,1.3,173
2024-04-17,12,2,0,4,Canteen D,25.8,24.8,57.7,1.7,Sunny,1.3,211
2024-04-17,13,2,0,4,Cafeteria A,25.8,24.8,57.7,1.7,Sunny,1.3,306
2024-04-17,13,2,0,4,Food Court B,25.8,24.8,57.7,1.7,Sunny,1.3,373
2024-04-17,13,2,0,4,Restaurant C,25.8,24.8,57.7,1.7,Sunny,1.3,210
2024-04-17,13,2,0,4,Canteen D,25.8,24.8,57.7,1.7,Sunny,1.3,218
2024-04-17,14,2,0,4,Cafeteria A,25.8,24.8,57.7,1.7,Sunny,1.3,134
2024-04-17,14,2,0,4,Food Court B,25.8,24.8,57.7,1.7,Sunny,1.3,186
2024-04-17,14,2,0,4,Restaurant C,25.8,24.8,57.7,1.7,Sunny,1.3,91
2024-04-17,14,2,0,4,Canteen D,25.8,24.8,57.7,1.7,Sunny,1.3,105
2024-04-17,15,2,0,4,Cafeteria A,25.8,24.8,57.7,1.7,Sunny,1.3,39
2024-04-17,15,2,0,4,Food Court B,25.8,24.8,57.7,1.7,Sunny,1.3,42
2024-04-17,15,2,0,4,Restaurant C,25.8,24.8,57.7,1.7,Sunny,1.3,24
2024-04-17,15,2,0,4,Canteen D,25.8,24.8,57.7,1.7,Sunny,1.3,28
2024-04-18,9,3,0,4,Cafeteria A,19.8,13.4,55.2,19.1,Windy,0.85,3
2024-04-18,9,3,0,4,Food Court B,19.8,13.4,55.2,19.1,Windy,0.85,4
2024-04-18,9,3,0,4,Restaurant C,19.8,13.4,55.2,19.1,Windy,0.85,2
2024-04-18,9,3,0,4,Canteen D,19.8,13.4,55.2,19.1,Windy,0.85,2
2024-04-18,10,3,0,4,Cafeteria A,19.8,13.4,55.2,19.1,Windy,0.85,27
2024-04-18,10,3,0,4,Food Court B,19.8,13.4,55.2,19.1,Windy,0.85,37
2024-04-18,10,3,0,4,Restaurant C,19.8,13.4,55.2,19.1,Windy,0.85,16
2024-04-18,10,3,0,4,Canteen D,19.8,13.4,55.2,19.1,Windy,0.85,19
2024-04-18,11,3,0,4,Cafeteria A,19.8,13.4,55.2,19.1,Windy,0.85,96
2024-04-18,11,3,0,4,Food Court B,19.8,13.4,55.2,19.1,Windy,0.85,146
2024-04-18,11,3,0,4,Restaurant C,19.8,13.4,55.2,19.1,Windy,0.85,70
2024-04-18,11,3,0,4,Canteen D,19.8,13.4,55.2,19.1,Windy,0.85,90
2024-04-18,12,3,0,4,Cafeteria A,19.8,13.4,55.2,19.1,Windy,0.85,203
2024-04-18,12,3,0,4,Food Court B,19.8,13.4,55.2,19.1,Windy,0.85,261
2024-04-18,12,3,0,4,Restaurant C,19.8,13.4,55.2,19.1,Windy,0.85,123
2024-04-18,12,3,0,4,Canteen D,19.8,13.4,55.2,19.1,Windy,0.85,189
2024-04-18,13,3,0,4,Cafeteria A,19.8,13.4,55.2,19.1,Windy,0.85,226
2024-04-18,13,3,0,4,Food Court B,19.8,13.4,55.2,19.1,Windy,0.85,299
2024-04-18,13,3,0,4,Restaurant C,19.8,13.4,55.2,19.1,Windy,0.85,131
2024-04-18,13,3,0,4,Canteen D,19.8,13.4,55.2,19.1,Windy,0.85,175
2024-04-18,14,3,0,4,Cafeteria A,19.8,13.4,55.2,19.1,Windy,0.85,113
2024-04-18,14,3,0,4,Food Court B,19.8,13.4,55.2,19.1,Windy,0.85,129
2024-04-18,14,3,0,4,Restaurant C,19.8,13.4,55.2,19.1,Windy,0.85,75
2024-04-18,14,3,0,4,Canteen D,19.8,13.4,55.2,19.1,Windy,0.85,94
2024-04-18,15,3,0,4,Cafeteria A,19.8,13.4,55.2,19.1,Windy,0.85,29
2024-04-18,15,3,0,4,Food Court B,19.8,13.4,55.2,19.1,Windy,0.85,35
2024-04-18,15,3,0,4,Restaurant C,19.8,13.4,55.2,19.1,Windy,0.85,16
2024-04-18,15,3,0,4,Canteen D,19.8,13.4,55.2,19.1,Windy,0.85,20
2024-04-19,9,4,0,4,Cafeteria A,24.0,21.1,69.1,9.0,Rainy,0.75,2
2024-04-19,9,4,0,4,Food Court B,24.0,21.1,69.1,9.0,Rainy,0.75,3
2024-04-19,9,4,0,4,Restaurant C,24.0,21.1,69.1,9.0,Rainy,0.75,1
2024-04-19,9,4,0,4,Canteen D,24.0,21.1,69.1,9.0,Rainy,0.75,2
2024-04-19,10,4,0,4,Cafeteria A,24.0,21.1,69.1,9.0,Rainy,0.75,24
2024-04-19,10,4,0,4,Food Court B,24.0,21.1,69.1,9.0,Rainy,0.75,25
2024-04-19,10,4,0,4,Restaurant C,24.0,21.1,69.1,9.0,Rainy,0.75,13
2024-04-19,10,4,0,4,Canteen D,24.0,21.1,69.1,9.0,Rainy,0.75,19
2024-04-19,11,4,0,4,Cafeteria A,24.0,21.1,69.1,9.0,Rainy,0.75,80
2024-04-19,11,4,0,4,Food Court B,24.0,21.1,69.1,9.0,Rainy,0.75,101
2024-04-19,11,4,0,4,Restaurant C,24.0,21.1,69.1,9.0,Rainy,0.75,53
2024-04-19,11,4,0,4,Canteen D,24.0,21.1,69.1,9.0,Rainy,0.75,72
2024-04-19,12,4,0,4,Cafeteria A,24.0,21.1,69.1,9.0,Rainy,0.75,165
2024-04-19,12,4,0,4,Food Court B,24.0,21.1,69.1,9.0,Rainy,0.75,250
2024-04-19,12,4,0,4,Restaurant C,24.0,21.1,69.1,9.0,Rainy,0.75,114
2024-04-19,12,4,0,4,Canteen D,24.0,21.1,69.1,9.0,Rainy,0.75,141
2024-04-19,13,4,0,4,Cafeteria A,24.0,21.1,69.1,9.0,Rainy,0.75,169
2024-04-19,13,4,0,4,Food Court B,24.0,21.1,69.1,9.0,Rainy,0.75,223
2024-04-19,13,4,0,4,Restaurant C,24.0,21.1,69.1,9.0,Rainy,0.75,120
2024-04-19,13,4,0,4,Canteen D,24.0,21.1,69.1,9.0,Rainy,0.75,150
2024-04-19,14,4,0,4,Cafeteria A,24.0,21.1,69.1,9.0,Rainy,0.75,95
2024-04-19,14,4,0,4,Food Court B,24.0,21.1,69.1,9.0,Rainy,0.75,114
2024-04-19,14,4,0,4,Restaurant C,24.0,21.1,69.1,9.0,Rainy,0.75,63
2024-04-19,14,4,0,4,Canteen D,24.0,21.1,69.1,9.0,Rainy,0.75,76
2024-04-19,15,4,0,4,Cafeteria A,24.0,21.1,69.1,9.0,Rainy,0.75,23
2024-04-19,15,4,0,4,Food Court B,24.0,21.1,69.1,9.0,Rainy,0.75,25
2024-04-19,15,4,0,4,Restaurant C,24.0,21.1,69.1,9.0,Rainy,0.75,12
2024-04-19,15,4,0,4,Canteen D,24.0,21.1,69.1,9.0,Rainy,0.75,16
2024-04-20,9,5,1,4,Cafeteria A,18.2,15.6,79.5,10.6,Cloudy,1.0,1
2024-04-20,9,5,1,4,Food Court B,18.2,15.6,79.5,10.6,Cloudy,1.0,1
2024-04-20,9,5,1,4,Restaurant C,18.2,15.6,79.5,10.6,Cloudy,1.0,0
2024-04-20,9,5,1,4,Canteen D,18.2,15.6,79.5,10.6,Cloudy,1.0,1
2024-04-20,10,5,1,4,Cafeteria A,18.2,15.6,79.5,10.6,Cloudy,1.0,11
2024-04-20,10,5,1,4,Food Court B,18.2,15.6,79.5,10.6,Cloudy,1.0,15
2024-04-20,10,5,1,4,Restaurant C,18.2,15.6,79.5,10.6,Cloudy,1.0,8
2024-04-20,10,5,1,4,Canteen D,18.2,15.6,79.5,10.6,Cloudy,1.0,8
2024-04-20,11,5,1,4,Cafeteria A,18.2,15.6,79.5,10.6,Cloudy,1.0,52
2024-04-20,11,5,1,4,Food Court B,18.2,15.6,79.5,10.6,Cloudy,1.0,62
2024-04-20,11,5,1,4,Restaurant C,18.2,15.6,79.5,10.6,Cloudy,1.0,30
2024-04-20,11,5,1,4,Canteen D,18.2,15.6,79.5,10.6,Cloudy,1.0,39
2024-04-20,12,5,1,4,Cafeteria A,18.2,15.6,79.5,10.6,Cloudy,1.0,94
2024-04-20,12,5,1,4,Food Court B,18.2,15.6,79.5,10.6,Cloudy,1.0,127
2024-04-20,12,5,1,4,Restaurant C,18.2,15.6,79.5,10.6,Cloudy,1.0,63
2024-04-20,12,5,1,4,Canteen D,18.2,15.6,79.5,10.6,Cloudy,1.0,71
2024-04-20,13,5,1,4,Cafeteria A,18.2,15.6,79.5,10.6,Cloudy,1.0,90
2024-04-20,13,5,1,4,Food Court B,18.2,15.6,79.5,10.6,Cloudy,1.0,125
2024-04-20,13,5,1,4,Restaurant C,18.2,15.6,79.5,10.6,Cloudy,1.0,70
2024-04-20,13,5,1,4,Canteen D,18.2,15.6,79.5,10.6,Cloudy,1.0,75
2024-04-20,14,5,1,4,Cafeteria A,18.2,15.6,79.5,10.6,Cloudy,1.0,52
2024-04-20,14,5,1,4,Food Court B,18.2,15.6,79.5,10.6,Cloudy,1.0,64
2024-04-20,14,5,1,4,Restaurant C,18.2,15.6,79.5,10.6,Cloudy,1.0,35
2024-04-20,14,5,1,4,Canteen D,18.2,15.6,79.5,10.6,Cloudy,1.0,42
2024-04-20,15,5,1,4,Cafeteria A,18.2,15.6,79.5,10.6,Cloudy,1.0,12
2024-04-20,15,5,1,4,Food Court B,18.2,15.6,79.5,10.6,Cloudy,1.0,16
2024-04-20,15,5,1,4,Restaurant C,18.2,15.6,79.5,10.6,Cloudy,1.0,8
2024-04-20,15,5,1,4,Canteen D,18.2,15.6,79.5,10.6,Cloudy,1.0,9
2024-04-21,9,6,1,4,Cafeteria A,22.4,22.9,66.1,6.3,Sunny,1.3,1
2024-04-21,9,6,1,4,Food Court B,22.4,22.9,66.1,6.3,Sunny,1.3,2
2024-04-21,9,6,1,4,Restaurant C,22.4,22.9,66.1,6.3,Sunny,1.3,1
2024-04-21,9,6,1,4,Canteen D,22.4,22.9,66.1,6.3,Sunny,1.3,1
2024-04-21,10,6,1,4,Cafeteria A,22.4,22.9,66.1,6.3,Sunny,1.3,16
2024-04-21,10,6,1,4,Food Court B,22.4,22.9,66.1,6.3,Sunny,1.3,21
2024-04-21,10,6,1,4,Restaurant C,22.4,22.9,66.1,6.3,Sunny,1.3,9
2024-04-21,10,6,1,4,Canteen D,22.4,22.9,66.1,6.3,Sunny,1.3,13
2024-04-21,11,6,1,4,Cafeteria A,22.4,22.9,66.1,6.3,Sunny,1.3,64
2024-04-21,11,6,1,4,Food Court B,22.4,22.9,66.1,6.3,Sunny,1.3,72
2024-04-21,11,6,1,4,Restaurant C,22.4,22.9,66.1,6.3,Sunny,1.3,37
2024-04-21,11,6,1,4,Canteen D,22.4,22.9,66.1,6.3,Sunny,1.3,51
2024-04-21,12,6,1,4,Cafeteria A,22.4,22.9,66.1,6.3,Sunny,1.3,122
2024-04-21,12,6,1,4,Food Court B,22.4,22.9,66.1,6.3,Sunny,1.3,177
2024-04-21,12,6,1,4,Restaurant C,22.4,22.9,66.1,6.3,Sunny,1.3,88
2024-04-21,12,6,1,4,Canteen D,22.4,22.9,66.1,6.3,Sunny,1.3,112
2024-04-21,13,6,1,4,Cafeteria A,22.4,22.9,66.1,6.3,Sunny,1.3,120
2024-04-21,13,6,1,4,Food Court B,22.4,22.9,66.1,6.3,Sunny,1.3,178
2024-04-21,13,6,1,4,Restaurant C,22.4,22.9,66.1,6.3,Sunny,1.3,81
2024-04-21,13,6,1,4,Canteen D,22.4,22.9,66.1,6.3,Sunny,1.3,97
2024-04-21,14,6,1,4,Cafeteria A,22.4,22.9,66.1,6.3,Sunny,1.3,57
2024-04-21,14,6,1,4,Food Court B,22.4,22.9,66.1,6.3,Sunny,1.3,71
2024-04-21,14,6,1,4,Restaurant C,22.4,22.9,66.1,6.3,Sunny,1.3,43
2024-04-21,14,6,1,4,Canteen D,22.4,22.9,66.1,6.3,Sunny,1.3,49
2024-04-21,15,6,1,4,Cafeteria A,22.4,22.9,66.1,6.3,Sunny,1.3,14
2024-04-21,15,6,1,4,Food Court B,22.4,22.9,66.1,6.3,Sunny,1.3,20
2024-04-21,15,6,1,4,Restaurant C,22.4,22.9,66.1,6.3,Sunny,1.3,9
2024-04-21,15,6,1,4,Canteen D,22.4,22.9,66.1,6.3,Sunny,1.3,12
2024-04-22,9,0,0,4,Cafeteria A,24.2,23.6,56.8,1.2,Windy,0.85,3
2024-04-22,9,0,0,4,Food Court B,24.2,23.6,56.8,1.2,Windy,0.85,4
2024-04-22,9,0,0,4,Restaurant C,24.2,23.6,56.8,1.2,Windy,0.85,1
2024-04-22,9,0,0,4,Canteen D,24.2,23.6,56.8,1.2,Windy,0.85,2
2024-04-22,10,0,0,4,Cafeteria A,24.2,23.6,56.8,1.2,Windy,0.85,22
2024-04-22,10,0,0,4,Food Court B,24.2,23.6,56.8,1.2,Windy,0.85,31
2024-04-22,10,0,0,4,Restaurant C,24.2,23.6,56.8,1.2,Windy,0.85,16
2024-04-22,10,0,0,4,Canteen D,24.2,23.6,56.8,1.2,Windy,0.85,21
2024-04-22,11,0,0,4,Cafeteria A,24.2,23.6,56.8,1.2,Windy,0.85,94
2024-04-22,11,0,0,4,Food Court B,24.2,23.6,56.8,1.2,Windy,0.85,123
2024-04-22,11,0,0,4,Restaurant C,24.2,23.6,56.8,1.2,Windy,0.85,70
2024-04-22,11,0,0,4,Canteen D,24.2,23.6,56.8,1.2,Windy,0.85,85
2024-04-22,12,0,0,4,Cafeteria A,24.2,23.6,56.8,1.2,Windy,0.85,197
2024-04-22,12,0,0,4,Food Court B,24.2,23.6,56.8,1.2,Windy,0.85,251
2024-04-22,12,0,0,4,Restaurant C,24.2,23.6,56.8,1.2,Windy,0.85,124
2024-04-22,12,0,0,4,Canteen D,24.2,23.6,56.8,1.2,Windy,0.85,176
2024-04-22,13,0,0,4,Cafeteria A,24.2,23.6,56.8,1.2,Windy,0.85,184
2024-04-22,13,0,0,4,Food Court B,24.2,23.6,56.8,1.2,Windy,0.85,280
2024-04-22,13,0,0,4,Restaurant C,24.2,23.6,56.8,1.2,Windy,0.85,136
2024-04-22,13,0,0,4,Canteen D,24.2,23.6,56.8,1.2,Windy,0.85,161
2024-04-22,14,0,0,4,Cafeteria A,24.2,23.6,56.8,1.2,Windy,0.85,90
2024-04-22,14,0,0,4,Food Court B,24.2,23.6,56.8,1.2,Windy,0.85,126
2024-04-22,14,0,0,4,Restaurant C,24.2,23.6,56.8,1.2,Windy,0.85,63
2024-04-22,14,0,0,4,Canteen D,24.2,23.6,56.8,1.2,Windy,0.85,73
2024-04-22,15,0,0,4,Cafeteria A,24.2,23.6,56.8,1.2,Windy,0.85,26
2024-04-22,15,0,0,4,Food Court B,24.2,23.6,56.8,1.2,Windy,0.85,35
2024-04-22,15,0,0,4,Restaurant C,24.2,23.6,56.8,1.2,Windy,0.85,16
2024-04-22,15,0,0,4,Canteen D,24.2,23.6,56.8,1.2,Windy,0.85,20
2024-04-23,9,1,0,4,Cafeteria A,20.6,16.2,57.9,15.1,Sunny,1.3,5
2024-04-23,9,1,0,4,Food Court B,20.6,16.2,57.9,15.1,Sunny,1.3,5
2024-04-23,9,1,0,4,Restaurant C,20.6,16.2,57.9,15.1,Sunny,1.3,3
2024-04-23,9,1,0,4,Canteen D,20.6,16.2,57.9,15.1,Sunny,1.3,4
2024-04-23,10,1,0,4,Cafeteria A,20.6,16.2,57.9,15.1,Sunny,1.3,40
2024-04-23,10,1,0,4,Food Court B,20.6,16.2,57.9,15.1,Sunny,1.3,55
2024-04-23,10,1,0,4,Restaurant C,20.6,16.2,57.9,15.1,Sunny,1.3,28
2024-04-23,10,1,0,4,Canteen D,20.6,16.2,57.9,15.1,Sunny,1.3,33
2024-04-23,11,1,0,4,Cafeteria A,20.6,16.2,57.9,15.1,Sunny,1.3,160
2024-04-23,11,1,0,4,Food Court B,20.6,16.2,57.9,15.1,Sunny,1.3,194
2024-04-23,11,1,0,4,Restaurant C,20.6,16.2,57.9,15.1,Sunny,1.3,96
2024-04-23,11,1,0,4,Canteen D,20.6,16.2,57.9,15.1,Sunny,1.3,125
2024-04-23,12,1,0,4,Cafeteria A,20.6,16.2,57.9,15.1,Sunny,1.3,323
2024-04-23,12,1,0,4,Food Court B,20.6,16.2,57.9,15.1,Sunny,1.3,430
2024-04-23,12,1,0,4,Restaurant C,20.6,16.2,57.9,15.1,Sunny,1.3,220
2024-04-23,12,1,0,4,Canteen D,20.6,16.2,57.9,15.1,Sunny,1.3,232
2024-04-23,13,1,0,4,Cafeteria A,20.6,16.2,57.9,15.1,Sunny,1.3,322
2024-04-23,13,1,0,4,Food Court B,20.6,16.2,57.9,15.1,Sunny,1.3,381
2024-04-23,13,1,0,4,Restaurant C,20.6,16.2,57.9,15.1,Sunny,1.3,194
2024-04-23,13,1,0,4,Canteen D,20.6,16.2,57.9,15.1,Sunny,1.3,280
2024-04-23,14,1,0,4,Cafeteria A,20.6,16.2,57.9,15.1,Sunny,1.3,146
2024-04-23,14,1,0,4,Food Court B,20.6,16.2,57.9,15.1,Sunny,1.3,202
2024-04-23,14,1,0,4,Restaurant C,20.6,16.2,57.9,15.1,Sunny,1.3,97
2024-04-23,14,1,0,4,Canteen D,20.6,16.2,57.9,15.1,Sunny,1.3,141
2024-04-23,15,1,0,4,Cafeteria A,20.6,16.2,57.9,15.1,Sunny,1.3,41
2024-04-23,15,1,0,4,Food Court B,20.6,16.2,57.9,15.1,Sunny,1.3,48
2024-04-23,15,1,0,4,Restaurant C,20.6,16.2,57.9,15.1,Sunny,1.3,26
2024-04-23,15,1,0,4,Canteen D,20.6,16.2,57.9,15.1,Sunny,1.3,34
2024-04-24,9,2,0,4,Cafeteria A,21.7,15.3,68.2,19.3,Rainy,0.75,2
2024-04-24,9,2,0,4,Food Court B,21.7,15.3,68.2,19.3,Rainy,0.75,3
2024-04-24,9,2,0,4,Restaurant C,21.7,15.3,68.2,19.3,Rainy,0.75,1
2024-04-24,9,2,0,4,Canteen D,21.7,15.3,68.2,19.3,Rainy,0.75,2
2024-04-24,10,2,0,4,Cafeteria A,21.7,15.3,68.2,19.3,Rainy,0.75,25
2024-04-24,10,2,0,4,Food Court B,21.7,15.3,68.2,19.3,Rainy,0.75,26
2024-04-24,10,2,0,4,Restaurant C,21.7,15.3,68.2,19.3,Rainy,0.75,16
2024-04-24,10,2,0,4,Canteen D,21.7,15.3,68.2,19.3,Rainy,0.75,18
2024-04-24,11,2,0,4,Cafeteria A,21.7,15.3,68.2,19.3,Rainy,0.75,101
2024-04-24,11,2,0,4,Food Court B,21.7,15.3,68.2,19.3,Rainy,0.75,115
2024-04-24,11,2,0,4,Restaurant C,21.7,15.3,68.2,19.3,Rainy,0.75,58
2024-04-24,11,2,0,4,Canteen D,21.7,15.3,68.2,19.3,Rainy,0.75,80
2024-04-24,12,2,0,4,Cafeteria A,21.7,15.3,68.2,19.3,Rainy,0.75,176
2024-04-24,12,2,0,4,Food Court B,21.7,15.3,68.2,19.3,Rainy,0.75,253
2024-04-24,12,2,0,4,Restaurant C,21.7,15.3,68.2,19.3,Rainy,0.75,119
2024-04-24,12,2,0,4,Canteen D,21.7,15.3,68.2,19.3,Rainy,0.75,147
2024-04-24,13,2,0,4,Cafeteria A,21.7,15.3,68.2,19.3,Rainy,0.75,178
2024-04-24,13,2,0,4,Food Court B,21.7,15.3,68.2,19.3,Rainy,0.75,238
2024-04-24,13,2,0,4,Restaurant C,21.7,15.3,68.2,19.3,Rainy,0.75,115
2024-04-24,13,2,0,4,Canteen D,21.7,15.3,68.2,19.3,Rainy,0.75,130
2024-04-24,14,2,0,4,Cafeteria A,21.7,15.3,68.2,19.3,Rainy,0.75,88
2024-04-24,14,2,0,4,Food Court B,21.7,15.3,68.2,19.3,Rainy,0.75,103
2024-04-24,14,2,0,4,Restaurant C,21.7,15.3,68.2,19.3,Rainy,0.75,67
2024-04-24,14,2,0,4,Canteen D,21.7,15.3,68.2,19.3,Rainy,0.75,81
2024-04-24,15,2,0,4,Cafeteria A,21.7,15.3,68.2,19.3,Rainy,0.75,22
2024-04-24,15,2,0,4,Food Court B,21.7,15.3,68.2,19.3,Rainy,0.75,30
2024-04-24,15,2,0,4,Restaurant C,21.7,15.3,68.2,19.3,Rainy,0.75,14
2024-04-24,15,2,0,4,Canteen D,21.7,15.3,68.2,19.3,Rainy,0.75,19
2024-04-25,9,3,0,4,Cafeteria A,25.0,20.0,56.2,20.2,Sunny,1.3,4
2024-04-25,9,3,0,4,Food Court B,25.0,20.0,56.2,20.2,Sunny,1.3,5
2024-04-25,9,3,0,4,Restaurant C,25.0,20.0,56.2,20.2,Sunny,1.3,3
2024-04-25,9,3,0,4,Canteen D,25.0,20.0,56.2,20.2,Sunny,1.3,3
2024-04-25,10,3,0,4,Cafeteria A,25.0,20.0,56.2,20.2,Sunny,1.3,39
2024-04-25,10,3,0,4,Food Court B,25.0,20.0,56.2,20.2,Sunny,1.3,44
2024-04-25,10,3,0,4,Restaurant C,25.0,20.0,56.2,20.2,Sunny,1.3,23
2024-04-25,10,3,0,4,Canteen D,25.0,20.0,56.2,20.2,Sunny,1.3,30
2024-04-25,11,3,0,4,Cafeteria A,25.0,20.0,56.2,20.2,Sunny,1.3,150
2024-04-25,11,3,0,4,Food Court B,25.0,20.0,56.2,20.2,Sunny,1.3,175
2024-04-25,11,3,0,4,Restaurant C,25.0,20.0,56.2,20.2,Sunny,1.3,90
2024-04-25,11,3,0,4,Canteen D,25.0,20.0,56.2,20.2,Sunny,1.3,118
2024-04-25,12,3,0,4,Cafeteria A,25.0,20.0,56.2,20.2,Sunny,1.3,325
2024-04-25,12,3,0,4,Food Court B,25.0,20.0,56.2,20.2,Sunny,1.3,420
2024-04-25,12,3,0,4,Restaurant C,25.0,20.0,56.2,20.2,Sunny,1.3,177
2024-04-25,12,3,0,4,Canteen D,25.0,20.0,56.2,20.2,Sunny,1.3,234
2024-04-25,13,3,0,4,Cafeteria A,25.0,20.0,56.2,20.2,Sunny,1.3,277
2024-04-25,13,3,0,4,Food Court B,25.0,20.0,56.2,20.2,Sunny,1.3,339
2024-04-25,13,3,0,4,Restaurant C,25.0,20.0,56.2,20.2,Sunny,1.3,204
2024-04-25,13,3,0,4,Canteen D,25.0,20.0,56.2,20.2,Sunny,1.3,247
2024-04-25,14,3,0,4,Cafeteria A,25.0,20.0,56.2,20.2,Sunny,1.3,140
2024-04-25,14,3,0,4,Food Court B,25.0,20.0,56.2,20.2,Sunny,1.3,179
2024-04-25,14,3,0,4,Restaurant C,25.0,20.0,56.2,20.2,Sunny,1.3,87
2024-04-25,14,3,0,4,Canteen D,25.0,20.0,56.2,20.2,Sunny,1.3,130
2024-04-25,15,3,0,4,Cafeteria A,25.0,20.0,56.2,20.2,Sunny,1.3,42
2024-04-25,15,3,0,4,Food Court B,25.0,20.0,56.2,20.2,Sunny,1.3,43
2024-04-25,15,3,0,4,Restaurant C,25.0,20.0,56.2,20.2,Sunny,1.3,22
2024-04-25,15,3,0,4,Canteen D,25.0,20.0,56.2,20.2,Sunny,1.3,32
2024-04-26,9,4,0,4,Cafeteria A,20.6,16.3,69.5,12.4,Sunny,1.3,4
2024-04-26,9,4,0,4,Food Court B,20.6,16.3,69.5,12.4,Sunny,1.3,5
2024-04-26,9,4,0,4,Restaurant C,20.6,16.3,69.5,12.4,Sunny,1.3,3
2024-04-26,9,4,0,4,Canteen D,20.6,16.3,69.5,12.4,Sunny,1.3,3
2024-04-26,10,4,0,4,Cafeteria A,20.6,16.3,69.5,12.4,Sunny,1.3,44
2024-04-26,10,4,0,4,Food Court B,20.6,16.3,69.5,12.4,Sunny,1.3,49
2024-04-26,10,4,0,4,Restaurant C,20.6,16.3,69.5,12.4,Sunny,1.3,23
2024-04-26,10,4,0,4,Canteen D,20.6,16.3,69.5,12.4,Sunny,1.3,33
2024-04-26,11,4,0,4,Cafeteria A,20.6,16.3,69.5,12.4,Sunny,1.3,161
2024-04-26,11,4,0,4,Food Court B,20.6,16.3,69.5,12.4,Sunny,1.3,229
2024-04-26,11,4,0,4,Restaurant C,20.6,16.3,69.5,12.4,Sunny,1.3,107
2024-04-26,11,4,0,4,Canteen D,20.6,16.3,69.5,12.4,Sunny,1.3,122
2024-04-26,12,4,0,4,Cafeteria A,20.6,16.3,69.5,12.4,Sunny,1.3,347
2024-04-26,12,4,0,4,Food Court B,20.6,16.3,69.5,12.4,Sunny,1.3,390
2024-04-26,12,4,0,4,Restaurant C,20.6,16.3,69.5,12.4,Sunny,1.3,233
2024-04-26,12,4,0,4,Canteen D,20.6,16.3,69.5,12.4,Sunny,1.3,251
2024-04-26,13,4,0,4,Cafeteria A,20.6,16.3,69.5,12.4,Sunny,1.3,334
2024-04-26,13,4,0,4,Food Court B,20.6,16.3,69.5,12.4,Sunny,1.3,368
2024-04-26,13,4,0,4,Restaurant C,20.6,16.3,69.5,12.4,Sunny,1.3,208
2024-04-26,13,4,0,4,Canteen D,20.6,16.3,69.5,12.4,Sunny,1.3,280
2024-04-26,14,4,0,4,Cafeteria A,20.6,16.3,69.5,12.4,Sunny,1.3,177
2024-04-26,14,4,0,4,Food Court B,20.6,16.3,69.5,12.4,Sunny,1.3,192
2024-04-26,14,4,0,4,Restaurant C,20.6,16.3,69.5,12.4,Sunny,1.3,99
2024-04-26,14,4,0,4,Canteen D,20.6,16.3,69.5,12.4,Sunny,1.3,139
2024-04-26,15,4,0,4,Cafeteria A,20.6,16.3,69.5,12.4,Sunny,1.3,45
2024-04-26,15,4,0,4,Food Court B,20.6,16.3,69.5,12.4,Sunny,1.3,46
2024-04-26,15,4,0,4,Restaurant C,20.6,16.3,69.5,12.4,Sunny,1.3,26
2024-04-26,15,4,0,4,Canteen D,20.6,16.3,69.5,12.4,Sunny,1.3,31
2024-04-27,9,5,1,4,Cafeteria A,23.0,21.9,55.4,2.5,Sunny,1.3,1
2024-04-27,9,5,1,4,Food Court B,23.0,21.9,55.4,2.5,Sunny,1.3,2
2024-04-27,9,5,1,4,Restaurant C,23.0,21.9,55.4,2.5,Sunny,1.3,1
2024-04-27,9,5,1,4,Canteen D,23.0,21.9,55.4,2.5,Sunny,1.3,1
2024-04-27,10,5,1,4,Cafeteria A,23.0,21.9,55.4,2.5,Sunny,1.3,16
2024-04-27,10,5,1,4,Food Court B,23.0,21.9,55.4,2.5,Sunny,1.3,21
2024-04-27,10,5,1,4,Restaurant C,23.0,21.9,55.4,2.5,Sunny,1.3,10
2024-04-27,10,5,1,4,Canteen D,23.0,21.9,55.4,2.5,Sunny,1.3,11
2024-04-27,11,5,1,4,Cafeteria A,23.0,21.9,55.4,2.5,Sunny,1.3,58
2024-04-27,11,5,1,4,Food Court B,23.0,21.9,55.4,2.5,Sunny,1.3,74
2024-04-27,11,5,1,4,Restaurant C,23.0,21.9,55.4,2.5,Sunny,1.3,39
2024-04-27,11,5,1,4,Canteen D,23.0,21.9,55.4,2.5,Sunny,1.3,48
2024-04-27,12,5,1,4,Cafeteria A,23.0,21.9,55.4,2.5,Sunny,1.3,132
2024-04-27,12,5,1,4,Food Court B,23.0,21.9,55.4,2.5,Sunny,1.3,141
2024-04-27,12,5,1,4,Restaurant C,23.0,21.9,55.4,2.5,Sunny,1.3,72
2024-04-27,12,5,1,4,Canteen D,23.0,21.9,55.4,2.5,Sunny,1.3,97
2024-04-27,13,5,1,4,Cafeteria A,23.0,21.9,55.4,2.5,Sunny,1.3,133
2024-04-27,13,5,1,4,Food Court B,23.0,21.9,55.4,2.5,Sunny,1.3,147
2024-04-27,13,5,1,4,Restaurant C,23.0,21.9,55.4,2.5,Sunny,1.3,84
2024-04-27,13,5,1,4,Canteen D,23.0,21.9,55.4,2.5,Sunny,1.3,94
2024-04-27,14,5,1,4,Cafeteria A,23.0,21.9,55.4,2.5,Sunny,1.3,69
2024-04-27,14,5,1,4,Food Court B,23.0,21.9,55.4,2.5,Sunny,1.3,86
2024-04-27,14,5,1,4,Restaurant C,23.0,21.9,55.4,2.5,Sunny,1.3,38
2024-04-27,14,5,1,4,Canteen D,23.0,21.9,55.4,2.5,Sunny,1.3,46
2024-04-27,15,5,1,4,Cafeteria A,23.0,21.9,55.4,2.5,Sunny,1.3,15
2024-04-27,15,5,1,4,Food Court B,23.0,21.9,55.4,2.5,Sunny,1.3,18
2024-04-27,15,5,1,4,Restaurant C,23.0,21.9,55.4,2.5,Sunny,1.3,10
2024-04-27,15,5,1,4,Canteen D,23.0,21.9,55.4,2.5,Sunny,1.3,13
2024-04-28,9,6,1,4,Cafeteria A,23.9,18.9,65.0,14.4,Cloudy,1.0,1
2024-04-28,9,6,1,4,Food Court B,23.9,18.9,65.0,14.4,Cloudy,1.0,1
2024-04-28,9,6,1,4,Restaurant C,23.9,18.9,65.0,14.4,Cloudy,1.0,0
2024-04-28,9,6,1,4,Canteen D,23.9,18.9,65.0,14.4,Cloudy,1.0,1
2024-04-28,10,6,1,4,Cafeteria A,23.9,18.9,65.0,14.4,Cloudy,1.0,13
2024-04-28,10,6,1,4,Food Court B,23.9,18.9,65.0,14.4,Cloudy,1.0,13
2024-04-28,10,6,1,4,Restaurant C,23.9,18.9,65.0,14.4,Cloudy,1.0,8
2024-04-28,10,6,1,4,Canteen D,23.9,18.9,65.0,14.4,Cloudy,1.0,10
2024-04-28,11,6,1,4,Cafeteria A,23.9,18.9,65.0,14.4,Cloudy,1.0,51
2024-04-28,11,6,1,4,Food Court B,23.9,18.9,65.0,14.4,Cloudy,1.0,62
2024-04-28,11,6,1,4,Restaurant C,23.9,18.9,65.0,14.4,Cloudy,1.0,31
2024-04-28,11,6,1,4,Canteen D,23.9,18.9,65.0,14.4,Cloudy,1.0,41
2024-04-28,12,6,1,4,Cafeteria A,23.9,18.9,65.0,14.4,Cloudy,1.0,91
2024-04-28,12,6,1,4,Food Court B,23.9,18.9,65.0,14.4,Cloudy,1.0,119
2024-04-28,12,6,1,4,Restaurant C,23.9,18.9,65.0,14.4,Cloudy,1.0,63
2024-04-28,12,6,1,4,Canteen D,23.9,18.9,65.0,14.4,Cloudy,1.0,73
2024-04-28,13,6,1,4,Cafeteria A,23.9,18.9,65.0,14.4,Cloudy,1.0,94
2024-04-28,13,6,1,4,Food Court B,23.9,18.9,65.0,14.4,Cloudy,1.0,115
2024-04-28,13,6,1,4,Restaurant C,23.9,18.9,65.0,14.4,Cloudy,1.0,62
2024-04-28,13,6,1,4,Canteen D,23.9,18.9,65.0,14.4,Cloudy,1.0,81
2024-04-28,14,6,1,4,Cafeteria A,23.9,18.9,65.0,14.4,Cloudy,1.0,44
2024-04-28,14,6,1,4,Food Court B,23.9,18.9,65.0,14.4,Cloudy,1.0,66
2024-04-28,14,6,1,4,Restaurant C,23.9,18.9,65.0,14.4,Cloudy,1.0,32
2024-04-28,14,6,1,4,Canteen D,23.9,18.9,65.0,14.4,Cloudy,1.0,40
2024-04-28,15,6,1,4,Cafeteria A,23.9,18.9,65.0,14.4,Cloudy,1.0,12
2024-04-28,15,6,1,4,Food Court B,23.9,18.9,65.0,14.4,Cloudy,1.0,15
2024-04-28,15,6,1,4,Restaurant C,23.9,18.9,65.0,14.4,Cloudy,1.0,6
2024-04-28,15,6,1,4,Canteen D,23.9,18.9,65.0,14.4,Cloudy,1.0,10
2024-04-29,9,0,0,4,Cafeteria A,23.0,18.5,55.8,16.5,Sunny,1.3,4
2024-04-29,9,0,0,4,Food Court B,23.0,18.5,55.8,16.5,Sunny,1.3,6
2024-04-29,9,0,0,4,Restaurant C,23.0,18.5,55.8,16.5,Sunny,1.3,3
2024-04-29,9,0,0,4,Canteen D,23.0,18.5,55.8,16.5,Sunny,1.3,3
2024-04-29,10,0,0,4,Cafeteria A,23.0,18.5,55.8,16.5,Sunny,1.3,41
2024-04-29,10,0,0,4,Food Court B,23.0,18.5,55.8,16.5,Sunny,1.3,50
2024-04-29,10,0,0,4,Restaurant C,23.0,18.5,55.8,16.5,Sunny,1.3,25
2024-04-29,10,0,0,4,Canteen D,23.0,18.5,55.8,16.5,Sunny,1.3,29
2024-04-29,11,0,0,4,Cafeteria A,23.0,18.5,55.8,16.5,Sunny,1.3,168
2024-04-29,11,0,0,4,Food Court B,23.0,18.5,55.8,16.5,Sunny,1.3,185
2024-04-29,11,0,0,4,Restaurant C,23.0,18.5,55.8,16.5,Sunny,1.3,106
2024-04-29,11,0,0,4,Canteen D,23.0,18.5,55.8,16.5,Sunny,1.3,116
2024-04-29,12,0,0,4,Cafeteria A,23.0,18.5,55.8,16.5,Sunny,1.3,327
2024-04-29,12,0,0,4,Food Court B,23.0,18.5,55.8,16.5,Sunny,1.3,420
2024-04-29,12,0,0,4,Restaurant C,23.0,18.5,55.8,16.5,Sunny,1.3,190
2024-04-29,12,0,0,4,Canteen D,23.0,18.5,55.8,16.5,Sunny,1.3,223
2024-04-29,13,0,0,4,Cafeteria A,23.0,18.5,55.8,16.5,Sunny,1.3,289
2024-04-29,13,0,0,4,Food Court B,23.0,18.5,55.8,16.5,Sunny,1.3,407
2024-04-29,13,0,0,4,Restaurant C,23.0,18.5,55.8,16.5,Sunny,1.3,221
2024-04-29,13,0,0,4,Canteen D,23.0,18.5,55.8,16.5,Sunny,1.3,222
2024-04-29,14,0,0,4,Cafeteria A,23.0,18.5,55.8,16.5,Sunny,1.3,167
2024-04-29,14,0,0,4,Food Court B,23.0,18.5,55.8,16.5,Sunny,1.3,190
2024-04-29,14,0,0,4,Restaurant C,23.0,18.5,55.8,16.5,Sunny,1.3,101
2024-04-29,14,0,0,4,Canteen D,23.0,18.5,55.8,16.5,Sunny,1.3,137
2024-04-29,15,0,0,4,Cafeteria A,23.0,18.5,55.8,16.5,Sunny,1.3,37
2024-04-29,15,0,0,4,Food Court B,23.0,18.5,55.8,16.5,Sunny,1.3,49
2024-04-29,15,0,0,4,Restaurant C,23.0,18.5,55.8,16.5,Sunny,1.3,22
2024-04-29,15,0,0,4,Canteen D,23.0,18.5,55.8,16.5,Sunny,1.3,27
2024-04-30,9,1,0,4,Cafeteria A,17.8,14.1,81.1,9.3,Cloudy,1.0,3
2024-04-30,9,1,0,4,Food Court B,17.8,14.1,81.1,9.3,Cloudy,1.0,5
2024-04-30,9,1,0,4,Restaurant C,17.8,14.1,81.1,9.3,Cloudy,1.0,2
2024-04-30,9,1,0,4,Canteen D,17.8,14.1,81.1,9.3,Cloudy,1.0,3
2024-04-30,10,1,0,4,Cafeteria A,17.8,14.1,81.1,9.3,Cloudy,1.0,31
2024-04-30,10,1,0,4,Food Court B,17.8,14.1,81.1,9.3,Cloudy,1.0,39
2024-04-30,10,1,0,4,Restaurant C,17.8,14.1,81.1,9.3,Cloudy,1.0,19
2024-04-30,10,1,0,4,Canteen D,17.8,14.1,81.1,9.3,Cloudy,1.0,21
2024-04-30,11,1,0,4,Cafeteria A,17.8,14.1,81.1,9.3,Cloudy,1.0,111
2024-04-30,11,1,0,4,Food Court B,17.8,14.1,81.1,9.3,Cloudy,1.0,158
2024-04-30,11,1,0,4,Restaurant C,17.8,14.1,81.1,9.3,Cloudy,1.0,76
2024-04-30,11,1,0,4,Canteen D,17.8,14.1,81.1,9.3,Cloudy,1.0,106
2024-04-30,12,1,0,4,Cafeteria A,17.8,14.1,81.1,9.3,Cloudy,1.0,242
2024-04-30,12,1,0,4,Food Court B,17.8,14.1,81.1,9.3,Cloudy,1.0,283
2024-04-30,12,1,0,4,Restaurant C,17.8,14.1,81.1,9.3,Cloudy,1.0,167
2024-04-30,12,1,0,4,Canteen D,17.8,14.1,81.1,9.3,Cloudy,1.0,184
2024-04-30,13,1,0,4,Cafeteria A,17.8,14.1,81.1,9.3,Cloudy,1.0,249
2024-04-30,13,1,0,4,Food Court B,17.8,14.1,81.1,9.3,Cloudy,1.0,324
2024-04-30,13,1,0,4,Restaurant C,17.8,14.1,81.1,9.3,Cloudy,1.0,174
2024-04-30,13,1,0,4,Canteen D,17.8,14.1,81.1,9.3,Cloudy,1.0,208
2024-04-30,14,1,0,4,Cafeteria A,17.8,14.1,81.1,9.3,Cloudy,1.0,128
2024-04-30,14,1,0,4,Food Court B,17.8,14.1,81.1,9.3,Cloudy,1.0,161
2024-04-30,14,1,0,4,Restaurant C,17.8,14.1,81.1,9.3,Cloudy,1.0,88
2024-04-30,14,1,0,4,Canteen D,17.8,14.1,81.1,9.3,Cloudy,1.0,92
2024-04-30,15,1,0,4,Cafeteria A,17.8,14.1,81.1,9.3,Cloudy,1.0,27
2024-04-30,15,1,0,4,Food Court B,17.8,14.1,81.1,9.3,Cloudy,1.0,36
2024-04-30,15,1,0,4,Restaurant C,17.8,14.1,81.1,9.3,Cloudy,1.0,18
2024-04-30,15,1,0,4,Canteen D,17.8,14.1,81.1,9.3,Cloudy,1.0,25
2024-05-01,9,2,0,5,Cafeteria A,29.0,28.0,70.7,7.5,Sunny,1.3,4
2024-05-01,9,2,0,5,Food Court B,29.0,28.0,70.7,7.5,Sunny,1.3,5
2024-05-01,9,2,0,5,Restaurant C,29.0,28.0,70.7,7.5,Sunny,1.3,2
2024-05-01,9,2,0,5,Canteen D,29.0,28.0,70.7,7.5,Sunny,1.3,3
2024-05-01,10,2,0,5,Cafeteria A,29.0,28.0,70.7,7.5,Sunny,1.3,32
2024-05-01,10,2,0,5,Food Court B,29.0,28.0,70.7,7.5,Sunny,1.3,47
2024-05-01,10,2,0,5,Restaurant C,29.0,28.0,70.7,7.5,Sunny,1.3,25
2024-05-01,10,2,0,5,Canteen D,29.0,28.0,70.7,7.5,Sunny,1.3,28
2024-05-01,11,2,0,5,Cafeteria A,29.0,28.0,70.7,7.5,Sunny,1.3,129
2024-05-01,11,2,0,5,Food Court B,29.0,28.0,70.7,7.5,Sunny,1.3,174
2024-05-01,11,2,0,5,Restaurant C,29.0,28.0,70.7,7.5,Sunny,1.3,96
2024-05-01,11,2,0,5,Canteen D,29.0,28.0,70.7,7.5,Sunny,1.3,119
2024-05-01,12,2,0,5,Cafeteria A,29.0,28.0,70.7,7.5,Sunny,1.3,259
2024-05-01,12,2,0,5,Food Court B,29.0,28.0,70.7,7.5,Sunny,1.3,314
2024-05-01,12,2,0,5,Restaurant C,29.0,28.0,70.7,7.5,Sunny,1.3,192
2024-05-01,12,2,0,5,Canteen D,29.0,28.0,70.7,7.5,Sunny,1.3,216
2024-05-01,13,2,0,5,Cafeteria A,29.0,28.0,70.7,7.5,Sunny,1.3,268
2024-05-01,13,2,0,5,Food Court B,29.0,28.0,70.7,7.5,Sunny,1.3,315
2024-05-01,13,2,0,5,Restaurant C,29.0,28.0,70.7,7.5,Sunny,1.3,185
2024-05-01,13,2,0,5,Canteen D,29.0,28.0,70.7,7.5,Sunny,1.3,243
2024-05-01,14,2,0,5,Cafeteria A,29.0,28.0,70.7,7.5,Sunny,1.3,158
2024-05-01,14,2,0,5,Food Court B,29.0,28.0,70.7,7.5,Sunny,1.3,181
2024-05-01,14,2,0,5,Restaurant C,29.0,28.0,70.7,7.5,Sunny,1.3,91
2024-05-01,14,2,0,5,Canteen D,29.0,28.0,70.7,7.5,Sunny,1.3,100
2024-05-01,15,2,0,5,Cafeteria A,29.0,28.0,70.7,7.5,Sunny,1.3,35
2024-05-01,15,2,0,5,Food Court B,29.0,28.0,70.7,7.5,Sunny,1.3,43
2024-05-01,15,2,0,5,Restaurant C,29.0,28.0,70.7,7.5,Sunny,1.3,23
2024-05-01,15,2,0,5,Canteen D,29.0,28.0,70.7,7.5,Sunny,1.3,27
2024-05-02,9,3,0,5,Cafeteria A,24.4,21.1,58.8,11.8,Cloudy,1.0,3
2024-05-02,9,3,0,5,Food Court B,24.4,21.1,58.8,11.8,Cloudy,1.0,5
2024-05-02,9,3,0,5,Restaurant C,24.4,21.1,58.8,11.8,Cloudy,1.0,2
2024-05-02,9,3,0,5,Canteen D,24.4,21.1,58.8,11.8,Cloudy,1.0,2
2024-05-02,10,3,0,5,Cafeteria A,24.4,21.1,58.8,11.8,Cloudy,1.0,31
2024-05-02,10,3,0,5,Food Court B,24.4,21.1,58.8,11.8,Cloudy,1.0,35
2024-05-02,10,3,0,5,Restaurant C,24.4,21.1,58.8,11.8,Cloudy,1.0,18
2024-05-02,10,3,0,5,Canteen D,24.4,21.1,58.8,11.8,Cloudy,1.0,22
2024-05-02,11,3,0,5,Cafeteria A,24.4,21.1,58.8,11.8,Cloudy,1.0,124
2024-05-02,11,3,0,5,Food Court B,24.4,21.1,58.8,11.8,Cloudy,1.0,155
2024-05-02,11,3,0,5,Restaurant C,24.4,21.1,58.8,11.8,Cloudy,1.0,73
2024-05-02,11,3,0,5,Canteen D,24.4,21.1,58.8,11.8,Cloudy,1.0,85
2024-05-02,12,3,0,5,Cafeteria A,24.4,21.1,58.8,11.8,Cloudy,1.0,246
2024-05-02,12,3,0,5,Food Court B,24.4,21.1,58.8,11.8,Cloudy,1.0,271
2024-05-02,12,3,0,5,Restaurant C,24.4,21.1,58.8,11.8,Cloudy,1.0,156
2024-05-02,12,3,0,5,Canteen D,24.4,21.1,58.8,11.8,Cloudy,1.0,196
2024-05-02,13,3,0,5,Cafeteria A,24.4,21.1,58.8,11.8,Cloudy,1.0,250
2024-05-02,13,3,0,5,Food Court B,24.4,21.1,58.8,11.8,Cloudy,1.0,316
2024-05-02,13,3,0,5,Restaurant C,24.4,21.1,58.8,11.8,Cloudy,1.0,167
2024-05-02,13,3,0,5,Canteen D,24.4,21.1,58.8,11.8,Cloudy,1.0,187
2024-05-02,14,3,0,5,Cafeteria A,24.4,21.1,58.8,11.8,Cloudy,1.0,125
2024-05-02,14,3,0,5,Food Court B,24.4,21.1,58.8,11.8,Cloudy,1.0,153
2024-05-02,14,3,0,5,Restaurant C,24.4,21.1,58.8,11.8,Cloudy,1.0,70
2024-05-02,14,3,0,5,Canteen D,24.4,21.1,58.8,11.8,Cloudy,1.0,82
2024-05-02,15,3,0,5,Cafeteria A,24.4,21.1,58.8,11.8,Cloudy,1.0,28
2024-05-02,15,3,0,5,Food Court B,24.4,21.1,58.8,11.8,Cloudy,1.0,36
2024-05-02,15,3,0,5,Restaurant C,24.4,21.1,58.8,11.8,Cloudy,1.0,19
2024-05-02,15,3,0,5,Canteen D,24.4,21.1,58.8,11.8,Cloudy,1.0,25
2024-05-03,9,4,0,5,Cafeteria A,24.5,20.0,58.5,11.7,Snowy,0.6,2
2024-05-03,9,4,0,5,Food Court B,24.5,20.0,58.5,11.7,Snowy,0.6,2
2024-05-03,9,4,0,5,Restaurant C,24.5,20.0,58.5,11.7,Snowy,0.6,1
2024-05-03,9,4,0,5,Canteen D,24.5,20.0,58.5,11.7,Snowy,0.6,1
2024-05-03,10,4,0,5,Cafeteria A,24.5,20.0,58.5,11.7,Snowy,0.6,16
2024-05-03,10,4,0,5,Food Court B,24.5,20.0,58.5,11.7,Snowy,0.6,22
2024-05-03,10,4,0,5,Restaurant C,24.5,20.0,58.5,11.7,Snowy,0.6,11
2024-05-03,10,4,0,5,Canteen D,24.5,20.0,58.5,11.7,Snowy,0.6,13
2024-05-03,11,4,0,5,Cafeteria A,24.5,20.0,58.5,11.7,Snowy,0.6,73
2024-05-03,11,4,0,5,Food Court B,24.5,20.0,58.5,11.7,Snowy,0.6,96
2024-05-03,11,4,0,5,Restaurant C,24.5,20.0,58.5,11.7,Snowy,0.6,40
2024-05-03,11,4,0,5,Canteen D,24.5,20.0,58.5,11.7,Snowy,0.6,56
2024-05-03,12,4,0,5,Cafeteria A,24.5,20.0,58.5,11.7,Snowy,0.6,149
2024-05-03,12,4,0,5,Food Court B,24.5,20.0,58.5,11.7,Snowy,0.6,168
2024-05-03,12,4,0,5,Restaurant C,24.5,20.0,58.5,11.7,Snowy,0.6,87
2024-05-03,12,4,0,5,Canteen D,24.5,20.0,58.5,11.7,Snowy,0.6,115
2024-05-03,13,4,0,5,Cafeteria A,24.5,20.0,58.5,11.7,Snowy,0.6,156
2024-05-03,13,4,0,5,Food Court B,24.5,20.0,58.5,11.7,Snowy,0.6,191
2024-05-03,13,4,0,5,Restaurant C,24.5,20.0,58.5,11.7,Snowy,0.6,93
2024-05-03,13,4,0,5,Canteen D,24.5,20.0,58.5,11.7,Snowy,0.6,118
2024-05-03,14,4,0,5,Cafeteria A,24.5,20.0,58.5,11.7,Snowy,0.6,69
2024-05-03,14,4,0,5,Food Court B,24.5,20.0,58.5,11.7,Snowy,0.6,92
2024-05-03,14,4,0,5,Restaurant C,24.5,20.0,58.5,11.7,Snowy,0.6,45
2024-05-03,14,4,0,5,Canteen D,24.5,20.0,58.5,11.7,Snowy,0.6,51
2024-05-03,15,4,0,5,Cafeteria A,24.5,20.0,58.5,11.7,Snowy,0.6,18
2024-05-03,15,4,0,5,Food Court B,24.5,20.0,58.5,11.7,Snowy,0.6,22
2024-05-03,15,4,0,5,Restaurant C,24.5,20.0,58.5,11.7,Snowy,0.6,11
2024-05-03,15,4,0,5,Canteen D,24.5,20.0,58.5,11.7,Snowy,0.6,15
2024-05-04,9,5,1,5,Cafeteria A,22.3,16.0,72.0,19.1,Rainy,0.75,1
2024-05-04,9,5,1,5,Food Court B,22.3,16.0,72.0,19.1,Rainy,0.75,1
2024-05-04,9,5,1,5,Restaurant C,22.3,16.0,72.0,19.1,Rainy,0.75,0
2024-05-04,9,5,1,5,Canteen D,22.3,16.0,72.0,19.1,Rainy,0.75,0
2024-05-04,10,5,1,5,Cafeteria A,22.3,16.0,72.0,19.1,Rainy,0.75,8
2024-05-04,10,5,1,5,Food Court B,22.3,16.0,72.0,19.1,Rainy,0.75,11
2024-05-04,10,5,1,5,Restaurant C,22.3,16.0,72.0,19.1,Rainy,0.75,6
2024-05-04,10,5,1,5,Canteen D,22.3,16.0,72.0,19.1,Rainy,0.75,7
2024-05-04,11,5,1,5,Cafeteria A,22.3,16.0,72.0,19.1,Rainy,0.75,33
2024-05-04,11,5,1,5,Food Court B,22.3,16.0,72.0,19.1,Rainy,0.75,44
2024-05-04,11,5,1,5,Restaurant C,22.3,16.0,72.0,19.1,Rainy,0.75,23
2024-05-04,11,5,1,5,Canteen D,22.3,16.0,72.0,19.1,Rainy,0.75,26
2024-05-04,12,5,1,5,Cafeteria A,22.3,16.0,72.0,19.1,Rainy,0.75,76
2024-05-04,12,5,1,5,Food Court B,22.3,16.0,72.0,19.1,Rainy,0.75,103
2024-05-04,12,5,1,5,Restaurant C,22.3,16.0,72.0,19.1,Rainy,0.75,47
2024-05-04,12,5,1,5,Canteen D,22.3,16.0,72.0,19.1,Rainy,0.75,56
2024-05-04,13,5,1,5,Cafeteria A,22.3,16.0,72.0,19.1,Rainy,0.75,72
2024-05-04,13,5,1,5,Food Court B,22.3,16.0,72.0,19.1,Rainy,0.75,84
2024-05-04,13,5,1,5,Restaurant C,22.3,16.0,72.0,19.1,Rainy,0.75,52
2024-05-04,13,5,1,5,Canteen D,22.3,16.0,72.0,19.1,Rainy,0.75,57
2024-05-04,14,5,1,5,Cafeteria A,22.3,16.0,72.0,19.1,Rainy,0.75,36
2024-05-04,14,5,1,5,Food Court B,22.3,16.0,72.0,19.1,Rainy,0.75,48
2024-05-04,14,5,1,5,Restaurant C,22.3,16.0,72.0,19.1,Rainy,0.75,23
2024-05-04,14,5,1,5,Canteen D,22.3,16.0,72.0,19.1,Rainy,0.75,30
2024-05-04,15,5,1,5,Cafeteria A,22.3,16.0,72.0,19.1,Rainy,0.75,8
2024-05-04,15,5,1,5,Food Court B,22.3,16.0,72.0,19.1,Rainy,0.75,12
2024-05-04,15,5,1,5,Restaurant C,22.3,16.0,72.0,19.1,Rainy,0.75,6
2024-05-04,15,5,1,5,Canteen D,22.3,16.0,72.0,19.1,Rainy,0.75,7
2024-05-05,9,6,1,5,Cafeteria A,32.7,30.6,49.5,3.6,Sunny,1.3,1
2024-05-05,9,6,1,5,Food Court B,32.7,30.6,49.5,3.6,Sunny,1.3,2
2024-05-05,9,6,1,5,Restaurant C,32.7,30.6,49.5,3.6,Sunny,1.3,0
2024-05-05,9,6,1,5,Canteen D,32.7,30.6,49.5,3.6,Sunny,1.3,1
2024-05-05,10,6,1,5,Cafeteria A,32.7,30.6,49.5,3.6,Sunny,1.3,12
2024-05-05,10,6,1,5,Food Court B,32.7,30.6,49.5,3.6,Sunny,1.3,14
2024-05-05,10,6,1,5,Restaurant C,32.7,30.6,49.5,3.6,Sunny,1.3,8
2024-05-05,10,6,1,5,Canteen D,32.7,30.6,49.5,3.6,Sunny,1.3,10
2024-05-05,11,6,1,5,Cafeteria A,32.7,30.6,49.5,3.6,Sunny,1.3,57
2024-05-05,11,6,1,5,Food Court B,32.7,30.6,49.5,3.6,Sunny,1.3,67
2024-05-05,11,6,1,5,Restaurant C,32.7,30.6,49.5,3.6,Sunny,1.3,32
2024-05-05,11,6,1,5,Canteen D,32.7,30.6,49.5,3.6,Sunny,1.3,44
2024-05-05,12,6,1,5,Cafeteria A,32.7,30.6,49.5,3.6,Sunny,1.3,107
2024-05-05,12,6,1,5,Food Court B,32.7,30.6,49.5,3.6,Sunny,1.3,119
2024-05-05,12,6,1,5,Restaurant C,32.7,30.6,49.5,3.6,Sunny,1.3,69
2024-05-05,12,6,1,5,Canteen D,32.7,30.6,49.5,3.6,Sunny,1.3,91
2024-05-05,13,6,1,5,Cafeteria A,32.7,30.6,49.5,3.6,Sunny,1.3,103
2024-05-05,13,6,1,5,Food Court B,32.7,30.6,49.5,3.6,Sunny,1.3,126
2024-05-05,13,6,1,5,Restaurant C,32.7,30.6,49.5,3.6,Sunny,1.3,62
2024-05-05,13,6,1,5,Canteen D,32.7,30.6,49.5,3.6,Sunny,1.3,76
2024-05-05,14,6,1,5,Cafeteria A,32.7,30.6,49.5,3.6,Sunny,1.3,52
2024-05-05,14,6,1,5,Food Court B,32.7,30.6,49.5,3.6,Sunny,1.3,67
2024-05-05,14,6,1,5,Restaurant C,32.7,30.6,49.5,3.6,Sunny,1.3,30
2024-05-05,14,6,1,5,Canteen D,32.7,30.6,49.5,3.6,Sunny,1.3,46
2024-05-05,15,6,1,5,Cafeteria A,32.7,30.6,49.5,3.6,Sunny,1.3,14
2024-05-05,15,6,1,5,Food Court B,32.7,30.6,49.5,3.6,Sunny,1.3,16
2024-05-05,15,6,1,5,Restaurant C,32.7,30.6,49.5,3.6,Sunny,1.3,9
2024-05-05,15,6,1,5,Canteen D,32.7,30.6,49.5,3.6,Sunny,1.3,9
2024-05-06,9,0,0,5,Cafeteria A,32.2,30.6,51.0,8.5,Rainy,0.75,2
2024-05-06,9,0,0,5,Food Court B,32.2,30.6,51.0,8.5,Rainy,0.75,2
2024-05-06,9,0,0,5,Restaurant C,32.2,30.6,51.0,8.5,Rainy,0.75,1
2024-05-06,9,0,0,5,Canteen D,32.2,30.6,51.0,8.5,Rainy,0.75,2
2024-05-06,10,0,0,5,Cafeteria A,32.2,30.6,51.0,8.5,Rainy,0.75,17
2024-05-06,10,0,0,5,Food Court B,32.2,30.6,51.0,8.5,Rainy,0.75,25
2024-05-06,10,0,0,5,Restaurant C,32.2,30.6,51.0,8.5,Rainy,0.75,11
2024-05-06,10,0,0,5,Canteen D,32.2,30.6,51.0,8.5,Rainy,0.75,14
2024-05-06,11,0,0,5,Cafeteria A,32.2,30.6,51.0,8.5,Rainy,0.75,77
2024-05-06,11,0,0,5,Food Court B,32.2,30.6,51.0,8.5,Rainy,0.75,98
2024-05-06,11,0,0,5,Restaurant C,32.2,30.6,51.0,8.5,Rainy,0.75,54
2024-05-06,11,0,0,5,Canteen D,32.2,30.6,51.0,8.5,Rainy,0.75,63
2024-05-06,12,0,0,5,Cafeteria A,32.2,30.6,51.0,8.5,Rainy,0.75,154
2024-05-06,12,0,0,5,Food Court B,32.2,30.6,51.0,8.5,Rainy,0.75,208
2024-05-06,12,0,0,5,Restaurant C,32.2,30.6,51.0,8.5,Rainy,0.75,110
2024-05-06,12,0,0,5,Canteen D,32.2,30.6,51.0,8.5,Rainy,0.75,107
2024-05-06,13,0,0,5,Cafeteria A,32.2,30.6,51.0,8.5,Rainy,0.75,172
2024-05-06,13,0,0,5,Food Court B,32.2,30.6,51.0,8.5,Rainy,0.75,174
2024-05-06,13,0,0,5,Restaurant C,32.2,30.6,51.0,8.5,Rainy,0.75,107
2024-05-06,13,0,0,5,Canteen D,32.2,30.6,51.0,8.5,Rainy,0.75,115
2024-05-06,14,0,0,5,Cafeteria A,32.2,30.6,51.0,8.5,Rainy,0.75,70
2024-05-06,14,0,0,5,Food Court B,32.2,30.6,51.0,8.5,Rainy,0.75,95
2024-05-06,14,0,0,5,Restaurant C,32.2,30.6,51.0,8.5,Rainy,0.75,51
2024-05-06,14,0,0,5,Canteen D,32.2,30.6,51.0,8.5,Rainy,0.75,59
2024-05-06,15,0,0,5,Cafeteria A,32.2,30.6,51.0,8.5,Rainy,0.75,17
2024-05-06,15,0,0,5,Food Court B,32.2,30.6,51.0,8.5,Rainy,0.75,24
2024-05-06,15,0,0,5,Restaurant C,32.2,30.6,51.0,8.5,Rainy,0.75,13
2024-05-06,15,0,0,5,Canteen D,32.2,30.6,51.0,8.5,Rainy,0.75,14
2024-05-07,9,1,0,5,Cafeteria A,24.5,20.7,48.8,14.1,Sunny,1.3,4
2024-05-07,9,1,0,5,Food Court B,24.5,20.7,48.8,14.1,Sunny,1.3,5
2024-05-07,9,1,0,5,Restaurant C,24.5,20.7,48.8,14.1,Sunny,1.3,3
2024-05-07,9,1,0,5,Canteen D,24.5,20.7,48.8,14.1,Sunny,1.3,3
2024-05-07,10,1,0,5,Cafeteria A,24.5,20.7,48.8,14.1,Sunny,1.3,41
2024-05-07,10,1,0,5,Food Court B,24.5,20.7,48.8,14.1,Sunny,1.3,49
2024-05-07,10,1,0,5,Restaurant C,24.5,20.7,48.8,14.1,Sunny,1.3,26
2024-05-07,10,1,0,5,Canteen D,24.5,20.7,48.8,14.1,Sunny,1.3,31
2024-05-07,11,1,0,5,Cafeteria A,24.5,20.7,48.8,14.1,Sunny,1.3,151
2024-05-07,11,1,0,5,Food Court B,24.5,20.7,48.8,14.1,Sunny,1.3,214
2024-05-07,11,1,0,5,Restaurant C,24.5,20.7,48.8,14.1,Sunny,1.3,100
2024-05-07,11,1,0,5,Canteen D,24.5,20.7,48.8,14.1,Sunny,1.3,124
2024-05-07,12,1,0,5,Cafeteria A,24.5,20.7,48.8,14.1,Sunny,1.3,288
2024-05-07,12,1,0,5,Food Court B,24.5,20.7,48.8,14.1,Sunny,1.3,398
2024-05-07,12,1,0,5,Restaurant C,24.5,20.7,48.8,14.1,Sunny,1.3,202
2024-05-07,12,1,0,5,Canteen D,24.5,20.7,48.8,14.1,Sunny,1.3,224
2024-05-07,13,1,0,5,Cafeteria A,24.5,20.7,48.8,14.1,Sunny,1.3,276
2024-05-07,13,1,0,5,Food Court B,24.5,20.7,48.8,14.1,Sunny,1.3,396
2024-05-07,13,1,0,5,Restaurant C,24.5,20.7,48.8,14.1,Sunny,1.3,211
2024-05-07,13,1,0,5,Canteen D,24.5,20.7,48.8,14.1,Sunny,1.3,244
2024-05-07,14,1,0,5,Cafeteria A,24.5,20.7,48.8,14.1,Sunny,1.3,144
2024-05-07,14,1,0,5,Food Court B,24.5,20.7,48.8,14.1,Sunny,1.3,200
2024-05-07,14,1,0,5,Restaurant C,24.5,20.7,48.8,14.1,Sunny,1.3,89
2024-05-07,14,1,0,5,Canteen D,24.5,20.7,48.8,14.1,Sunny,1.3,119
2024-05-07,15,1,0,5,Cafeteria A,24.5,20.7,48.8,14.1,Sunny,1.3,35
2024-05-07,15,1,0,5,Food Court B,24.5,20.7,48.8,14.1,Sunny,1.3,44
2024-05-07,15,1,0,5,Restaurant C,24.5,20.7,48.8,14.1,Sunny,1.3,23
2024-05-07,15,1,0,5,Canteen D,24.5,20.7,48.8,14.1,Sunny,1.3,29
2024-05-08,9,2,0,5,Cafeteria A,25.0,24.6,55.5,0.1,Sunny,1.3,5
2024-05-08,9,2,0,5,Food Court B,25.0,24.6,55.5,0.1,Sunny,1.3,5
2024-05-08,9,2,0,5,Restaurant C,25.0,24.6,55.5,0.1,Sunny,1.3,3
2024-05-08,9,2,0,5,Canteen D,25.0,24.6,55.5,0.1,Sunny,1.3,3
2024-05-08,10,2,0,5,Cafeteria A,25.0,24.6,55.5,0.1,Sunny,1.3,34
2024-05-08,10,2,0,5,Food Court B,25.0,24.6,55.5,0.1,Sunny,1.3,48
2024-05-08,10,2,0,5,Restaurant C,25.0,24.6,55.5,0.1,Sunny,1.3,24
2024-05-08,10,2,0,5,Canteen D,25.0,24.6,55.5,0.1,Sunny,1.3,32
2024-05-08,11,2,0,5,Cafeteria A,25.0,24.6,55.5,0.1,Sunny,1.3,155
2024-05-08,11,2,0,5,Food Court B,25.0,24.6,55.5,0.1,Sunny,1.3,212
2024-05-08,11,2,0,5,Restaurant C,25.0,24.6,55.5,0.1,Sunny,1.3,87
2024-05-08,11,2,0,5,Canteen D,25.0,24.6,55.5,0.1,Sunny,1.3,108
2024-05-08,12,2,0,5,Cafeteria A,25.0,24.6,55.5,0.1,Sunny,1.3,273
2024-05-08,12,2,0,5,Food Court B,25.0,24.6,55.5,0.1,Sunny,1.3,354
2024-05-08,12,2,0,5,Restaurant C,25.0,24.6,55.5,0.1,Sunny,1.3,199
2024-05-08,12,2,0,5,Canteen D,25.0,24.6,55.5,0.1,Sunny,1.3,249
2024-05-08,13,2,0,5,Cafeteria A,25.0,24.6,55.5,0.1,Sunny,1.3,273
2024-05-08,13,2,0,5,Food Court B,25.0,24.6,55.5,0.1,Sunny,1.3,424
2024-05-08,13,2,0,5,Restaurant C,25.0,24.6,55.5,0.1,Sunny,1.3,213
2024-05-08,13,2,0,5,Canteen D,25.0,24.6,55.5,0.1,Sunny,1.3,229
2024-05-08,14,2,0,5,Cafeteria A,25.0,24.6,55.5,0.1,Sunny,1.3,137
2024-05-08,14,2,0,5,Food Court B,25.0,24.6,55.5,0.1,Sunny,1.3,176
2024-05-08,14,2,0,5,Restaurant C,25.0,24.6,55.5,0.1,Sunny,1.3,89
2024-05-08,14,2,0,5,Canteen D,25.0,24.6,55.5,0.1,Sunny,1.3,109
2024-05-08,15,2,0,5,Cafeteria A,25.0,24.6,55.5,0.1,Sunny,1.3,38
2024-05-08,15,2,0,5,Food Court B,25.0,24.6,55.5,0.1,Sunny,1.3,44
2024-05-08,15,2,0,5,Restaurant C,25.0,24.6,55.5,0.1,Sunny,1.3,23
2024-05-08,15,2,0,5,Canteen D,25.0,24.6,55.5,0.1,Sunny,1.3,33
2024-05-09,9,3,0,5,Cafeteria A,26.3,19.2,60.0,16.9,Sunny,1.3,4
2024-05-09,9,3,0,5,Food Court B,26.3,19.2,60.0,16.9,Sunny,1.3,5
2024-05-09,9,3,0,5,Restaurant C,26.3,19.2,60.0,16.9,Sunny,1.3,3
2024-05-09,9,3,0,5,Canteen D,26.3,19.2,60.0,16.9,Sunny,1.3,3
2024-05-09,10,3,0,5,Cafeteria A,26.3,19.2,60.0,16.9,Sunny,1.3,36
2024-05-09,10,3,0,5,Food Court B,26.3,19.2,60.0,16.9,Sunny,1.3,46
2024-05-09,10,3,0,5,Restaurant C,26.3,19.2,60.0,16.9,Sunny,1.3,23
2024-05-09,10,3,0,5,Canteen D,26.3,19.2,60.0,16.9,Sunny,1.3,25
2024-05-09,11,3,0,5,Cafeteria A,26.3,19.2,60.0,16.9,Sunny,1.3,143
2024-05-09,11,3,0,5,Food Court B,26.3,19.2,60.0,16.9,Sunny,1.3,172
2024-05-09,11,3,0,5,Restaurant C,26.3,19.2,60.0,16.9,Sunny,1.3,86
2024-05-09,11,3,0,5,Canteen D,26.3,19.2,60.0,16.9,Sunny,1.3,130
2024-05-09,12,3,0,5,Cafeteria A,26.3,19.2,60.0,16.9,Sunny,1.3,306
2024-05-09,12,3,0,5,Food Court B,26.3,19.2,60.0,16.9,Sunny,1.3,395
2024-05-09,12,3,0,5,Restaurant C,26.3,19.2,60.0,16.9,Sunny,1.3,184
2024-05-09,12,3,0,5,Canteen D,26.3,19.2,60.0,16.9,Sunny,1.3,229
2024-05-09,13,3,0,5,Cafeteria A,26.3,19.2,60.0,16.9,Sunny,1.3,280
2024-05-09,13,3,0,5,Food Court B,26.3,19.2,60.0,16.9,Sunny,1.3,338
2024-05-09,13,3,0,5,Restaurant C,26.3,19.2,60.0,16.9,Sunny,1.3,177
2024-05-09,13,3,0,5,Canteen D,26.3,19.2,60.0,16.9,Sunny,1.3,252
2024-05-09,14,3,0,5,Cafeteria A,26.3,19.2,60.0,16.9,Sunny,1.3,156
2024-05-09,14,3,0,5,Food Court B,26.3,19.2,60.0,16.9,Sunny,1.3,189
2024-05-09,14,3,0,5,Restaurant C,26.3,19.2,60.0,16.9,Sunny,1.3,95
2024-05-09,14,3,0,5,Canteen D,26.3,19.2,60.0,16.9,Sunny,1.3,129
2024-05-09,15,3,0,5,Cafeteria A,26.3,19.2,60.0,16.9,Sunny,1.3,33
2024-05-09,15,3,0,5,Food Court B,26.3,19.2,60.0,16.9,Sunny,1.3,44
2024-05-09,15,3,0,5,Restaurant C,26.3,19.2,60.0,16.9,Sunny,1.3,23
2024-05-09,15,3,0,5,Canteen D,26.3,19.2,60.0,16.9,Sunny,1.3,31
2024-05-10,9,4,0,5,Cafeteria A,25.5,22.5,60.0,4.4,Sunny,1.3,5
2024-05-10,9,4,0,5,Food Court B,25.5,22.5,60.0,4.4,Sunny,1.3,5
2024-05-10,9,4,0,5,Restaurant C,25.5,22.5,60.0,4.4,Sunny,1.3,3
2024-05-10,9,4,0,5,Canteen D,25.5,22.5,60.0,4.4,Sunny,1.3,3
2024-05-10,10,4,0,5,Cafeteria A,25.5,22.5,60.0,4.4,Sunny,1.3,39
2024-05-10,10,4,0,5,Food Court B,25.5,22.5,60.0,4.4,Sunny,1.3,46
2024-05-10,10,4,0,5,Restaurant C,25.5,22.5,60.0,4.4,Sunny,1.3,24
2024-05-10,10,4,0,5,Canteen D,25.5,22.5,60.0,4.4,Sunny,1.3,32
2024-05-10,11,4,0,5,Cafeteria A,25.5,22.5,60.0,4.4,Sunny,1.3,163
2024-05-10,11,4,0,5,Food Court B,25.5,22.5,60.0,4.4,Sunny,1.3,206
2024-05-10,11,4,0,5,Restaurant C,25.5,22.5,60.0,4.4,Sunny,1.3,87
2024-05-10,11,4,0,5,Canteen D,25.5,22.5,60.0,4.4,Sunny,1.3,124
2024-05-10,12,4,0,5,Cafeteria A,25.5,22.5,60.0,4.4,Sunny,1.3,277
2024-05-10,12,4,0,5,Food Court B,25.5,22.5,60.0,4.4,Sunny,1.3,372
2024-05-10,12,4,0,5,Restaurant C,25.5,22.5,60.0,4.4,Sunny,1.3,197
2024-05-10,12,4,0,5,Canteen D,25.5,22.5,60.0,4.4,Sunny,1.3,233
2024-05-10,13,4,0,5,Cafeteria A,25.5,22.5,60.0,4.4,Sunny,1.3,305
2024-05-10,13,4,0,5,Food Court B,25.5,22.5,60.0,4.4,Sunny,1.3,425
2024-05-10,13,4,0,5,Restaurant C,25.5,22.5,60.0,4.4,Sunny,1.3,178
2024-05-10,13,4,0,5,Canteen D,25.5,22.5,60.0,4.4,Sunny,1.3,249
2024-05-10,14,4,0,5,Cafeteria A,25.5,22.5,60.0,4.4,Sunny,1.3,148
2024-05-10,14,4,0,5,Food Court B,25.5,22.5,60.0,4.4,Sunny,1.3,173
2024-05-10,14,4,0,5,Restaurant C,25.5,22.5,60.0,4.4,Sunny,1.3,89
2024-05-10,14,4,0,5,Canteen D,25.5,22.5,60.0,4.4,Sunny,1.3,132
2024-05-10,15,4,0,5,Cafeteria A,25.5,22.5,60.0,4.4,Sunny,1.3,41
2024-05-10,15,4,0,5,Food Court B,25.5,22.5,60.0,4.4,Sunny,1.3,51
2024-05-10,15,4,0,5,Restaurant C,25.5,22.5,60.0,4.4,Sunny,1.3,27
2024-05-10,15,4,0,5,Canteen D,25.5,22.5,60.0,4.4,Sunny,1.3,27
2024-05-11,9,5,1,5,Cafeteria A,29.5,27.6,47.1,2.8,Sunny,1.3,1
2024-05-11,9,5,1,5,Food Court B,29.5,27.6,47.1,2.8,Sunny,1.3,2
2024-05-11,9,5,1,5,Restaurant C,29.5,27.6,47.1,2.8,Sunny,1.3,1
2024-05-11,9,5,1,5,Canteen D,29.5,27.6,47.1,2.8,Sunny,1.3,1
2024-05-11,10,5,1,5,Cafeteria A,29.5,27.6,47.1,2.8,Sunny,1.3,14
2024-05-11,10,5,1,5,Food Court B,29.5,27.6,47.1,2.8,Sunny,1.3,17
2024-05-11,10,5,1,5,Restaurant C,29.5,27.6,47.1,2.8,Sunny,1.3,8
2024-05-11,10,5,1,5,Canteen D,29.5,27.6,47.1,2.8,Sunny,1.3,11
2024-05-11,11,5,1,5,Cafeteria A,29.5,27.6,47.1,2.8,Sunny,1.3,50
2024-05-11,11,5,1,5,Food Court B,29.5,27.6,47.1,2.8,Sunny,1.3,68
2024-05-11,11,5,1,5,Restaurant C,29.5,27.6,47.1,2.8,Sunny,1.3,38
2024-05-11,11,5,1,5,Canteen D,29.5,27.6,47.1,2.8,Sunny,1.3,45
2024-05-11,12,5,1,5,Cafeteria A,29.5,27.6,47.1,2.8,Sunny,1.3,106
2024-05-11,12,5,1,5,Food Court B,29.5,27.6,47.1,2.8,Sunny,1.3,148
2024-05-11,12,5,1,5,Restaurant C,29.5,27.6,47.1,2.8,Sunny,1.3,73
2024-05-11,12,5,1,5,Canteen D,29.5,27.6,47.1,2.8,Sunny,1.3,95
2024-05-11,13,5,1,5,Cafeteria A,29.5,27.6,47.1,2.8,Sunny,1.3,119
2024-05-11,13,5,1,5,Food Court B,29.5,27.6,47.1,2.8,Sunny,1.3,145
2024-05-11,13,5,1,5,Restaurant C,29.5,27.6,47.1,2.8,Sunny,1.3,72
2024-05-11,13,5,1,5,Canteen D,29.5,27.6,47.1,2.8,Sunny,1.3,81
2024-05-11,14,5,1,5,Cafeteria A,29.5,27.6,47.1,2.8,Sunny,1.3,53
2024-05-11,14,5,1,5,Food Court B,29.5,27.6,47.1,2.8,Sunny,1.3,69
2024-05-11,14,5,1,5,Restaurant C,29.5,27.6,47.1,2.8,Sunny,1.3,37
2024-05-11,14,5,1,5,Canteen D,29.5,27.6,47.1,2.8,Sunny,1.3,44
2024-05-11,15,5,1,5,Cafeteria A,29.5,27.6,47.1,2.8,Sunny,1.3,13
2024-05-11,15,5,1,5,Food Court B,29.5,27.6,47.1,2.8,Sunny,1.3,15
2024-05-11,15,5,1,5,Restaurant C,29.5,27.6,47.1,2.8,Sunny,1.3,9
2024-05-11,15,5,1,5,Canteen D,29.5,27.6,47.1,2.8,Sunny,1.3,10
2024-05-12,9,6,1,5,Cafeteria A,27.3,25.0,59.1,7.5,Sunny,1.3,1
2024-05-12,9,6,1,5,Food Court B,27.3,25.0,59.1,7.5,Sunny,1.3,2
2024-05-12,9,6,1,5,Restaurant C,27.3,25.0,59.1,7.5,Sunny,1.3,1
2024-05-12,9,6,1,5,Canteen D,27.3,25.0,59.1,7.5,Sunny,1.3,1
2024-05-12,10,6,1,5,Cafeteria A,27.3,25.0,59.1,7.5,Sunny,1.3,16
2024-05-12,10,6,1,5,Food Court B,27.3,25.0,59.1,7.5,Sunny,1.3,17
2024-05-12,10,6,1,5,Restaurant C,27.3,25.0,59.1,7.5,Sunny,1.3,8
2024-05-12,10,6,1,5,Canteen D,27.3,25.0,59.1,7.5,Sunny,1.3,12
2024-05-12,11,6,1,5,Cafeteria A,27.3,25.0,59.1,7.5,Sunny,1.3,59
2024-05-12,11,6,1,5,Food Court B,27.3,25.0,59.1,7.5,Sunny,1.3,80
2024-05-12,11,6,1,5,Restaurant C,27.3,25.0,59.1,7.5,Sunny,1.3,38
2024-05-12,11,6,1,5,Canteen D,27.3,25.0,59.1,7.5,Sunny,1.3,49
2024-05-12,12,6,1,5,Cafeteria A,27.3,25.0,59.1,7.5,Sunny,1.3,115
2024-05-12,12,6,1,5,Food Court B,27.3,25.0,59.1,7.5,Sunny,1.3,156
2024-05-12,12,6,1,5,Restaurant C,27.3,25.0,59.1,7.5,Sunny,1.3,83
2024-05-12,12,6,1,5,Canteen D,27.3,25.0,59.1,7.5,Sunny,1.3,94
2024-05-12,13,6,1,5,Cafeteria A,27.3,25.0,59.1,7.5,Sunny,1.3,108
2024-05-12,13,6,1,5,Food Court B,27.3,25.0,59.1,7.5,Sunny,1.3,139
2024-05-12,13,6,1,5,Restaurant C,27.3,25.0,59.1,7.5,Sunny,1.3,70
2024-05-12,13,6,1,5,Canteen D,27.3,25.0,59.1,7.5,Sunny,1.3,86
2024-05-12,14,6,1,5,Cafeteria A,27.3,25.0,59.1,7.5,Sunny,1.3,56
2024-05-12,14,6,1,5,Food Court B,27.3,25.0,59.1,7.5,Sunny,1.3,74
2024-05-12,14,6,1,5,Restaurant C,27.3,25.0,59.1,7.5,Sunny,1.3,38
2024-05-12,14,6,1,5,Canteen D,27.3,25.0,59.1,7.5,Sunny,1.3,45
2024-05-12,15,6,1,5,Cafeteria A,27.3,25.0,59.1,7.5,Sunny,1.3,15
2024-05-12,15,6,1,5,Food Court B,27.3,25.0,59.1,7.5,Sunny,1.3,16
2024-05-12,15,6,1,5,Restaurant C,27.3,25.0,59.1,7.5,Sunny,1.3,8
2024-05-12,15,6,1,5,Canteen D,27.3,25.0,59.1,7.5,Sunny,1.3,10
2024-05-13,9,0,0,5,Cafeteria A,20.9,15.1,64.0,18.2,Sunny,1.3,4
2024-05-13,9,0,0,5,Food Court B,20.9,15.1,64.0,18.2,Sunny,1.3,6
2024-05-13,9,0,0,5,Restaurant C,20.9,15.1,64.0,18.2,Sunny,1.3,3
2024-05-13,9,0,0,5,Canteen D,20.9,15.1,64.0,18.2,Sunny,1.3,4
2024-05-13,10,0,0,5,Cafeteria A,20.9,15.1,64.0,18.2,Sunny,1.3,45
2024-05-13,10,0,0,5,Food Court B,20.9,15.1,64.0,18.2,Sunny,1.3,45
2024-05-13,10,0,0,5,Restaurant C,20.9,15.1,64.0,18.2,Sunny,1.3,24
2024-05-13,10,0,0,5,Canteen D,20.9,15.1,64.0,18.2,Sunny,1.3,35
2024-05-13,11,0,0,5,Cafeteria A,20.9,15.1,64.0,18.2,Sunny,1.3,162
2024-05-13,11,0,0,5,Food Court B,20.9,15.1,64.0,18.2,Sunny,1.3,208
2024-05-13,11,0,0,5,Restaurant C,20.9,15.1,64.0,18.2,Sunny,1.3,109
2024-05-13,11,0,0,5,Canteen D,20.9,15.1,64.0,18.2,Sunny,1.3,134
2024-05-13,12,0,0,5,Cafeteria A,20.9,15.1,64.0,18.2,Sunny,1.3,362
2024-05-13,12,0,0,5,Food Court B,20.9,15.1,64.0,18.2,Sunny,1.3,460
2024-05-13,12,0,0,5,Restaurant C,20.9,15.1,64.0,18.2,Sunny,1.3,222
2024-05-13,12,0,0,5,Canteen D,20.9,15.1,64.0,18.2,Sunny,1.3,245
2024-05-13,13,0,0,5,Cafeteria A,20.9,15.1,64.0,18.2,Sunny,1.3,358
2024-05-13,13,0,0,5,Food Court B,20.9,15.1,64.0,18.2,Sunny,1.3,366
2024-05-13,13,0,0,5,Restaurant C,20.9,15.1,64.0,18.2,Sunny,1.3,197
2024-05-13,13,0,0,5,Canteen D,20.9,15.1,64.0,18.2,Sunny,1.3,282
2024-05-13,14,0,0,5,Cafeteria A,20.9,15.1,64.0,18.2,Sunny,1.3,154
2024-05-13,14,0,0,5,Food Court B,20.9,15.1,64.0,18.2,Sunny,1.3,191
2024-05-13,14,0,0,5,Restaurant C,20.9,15.1,64.0,18.2,Sunny,1.3,96
2024-05-13,14,0,0,5,Canteen D,20.9,15.1,64.0,18.2,Sunny,1.3,140
2024-05-13,15,0,0,5,Cafeteria A,20.9,15.1,64.0,18.2,Sunny,1.3,40
2024-05-13,15,0,0,5,Food Court B,20.9,15.1,64.0,18.2,Sunny,1.3,53
2024-05-13,15,0,0,5,Restaurant C,20.9,15.1,64.0,18.2,Sunny,1.3,24
2024-05-13,15,0,0,5,Canteen D,20.9,15.1,64.0,18.2,Sunny,1.3,34
2024-05-14,9,1,0,5,Cafeteria A,23.1,18.8,70.2,14.8,Cloudy,1.0,3
2024-05-14,9,1,0,5,Food Court B,23.1,18.8,70.2,14.8,Cloudy,1.0,5
2024-05-14,9,1,0,5,Restaurant C,23.1,18.8,70.2,14.8,Cloudy,1.0,2
2024-05-14,9,1,0,5,Canteen D,23.1,18.8,70.2,14.8,Cloudy,1.0,3
2024-05-14,10,1,0,5,Cafeteria A,23.1,18.8,70.2,14.8,Cloudy,1.0,33
2024-05-14,10,1,0,5,Food Court B,23.1,18.8,70.2,14.8,Cloudy,1.0,37
2024-05-14,10,1,0,5,Restaurant C,23.1,18.8,70.2,14.8,Cloudy,1.0,17
2024-05-14,10,1,0,5,Canteen D,23.1,18.8,70.2,14.8,Cloudy,1.0,24
2024-05-14,11,1,0,5,Cafeteria A,23.1,18.8,70.2,14.8,Cloudy,1.0,128
2024-05-14,11,1,0,5,Food Court B,23.1,18.8,70.2,14.8,Cloudy,1.0,155
2024-05-14,11,1,0,5,Restaurant C,23.1,18.8,70.2,14.8,Cloudy,1.0,72
2024-05-14,11,1,0,5,Canteen D,23.1,18.8,70.2,14.8,Cloudy,1.0,95
2024-05-14,12,1,0,5,Cafeteria A,23.1,18.8,70.2,14.8,Cloudy,1.0,233
2024-05-14,12,1,0,5,Food Court B,23.1,18.8,70.2,14.8,Cloudy,1.0,299
2024-05-14,12,1,0,5,Restaurant C,23.1,18.8,70.2,14.8,Cloudy,1.0,162
2024-05-14,12,1,0,5,Canteen D,23.1,18.8,70.2,14.8,Cloudy,1.0,203
2024-05-14,13,1,0,5,Cafeteria A,23.1,18.8,70.2,14.8,Cloudy,1.0,228
2024-05-14,13,1,0,5,Food Court B,23.1,18.8,70.2,14.8,Cloudy,1.0,298
2024-05-14,13,1,0,5,Restaurant C,23.1,18.8,70.2,14.8,Cloudy,1.0,148
2024-05-14,13,1,0,5,Canteen D,23.1,18.8,70.2,14.8,Cloudy,1.0,177
2024-05-14,14,1,0,5,Cafeteria A,23.1,18.8,70.2,14.8,Cloudy,1.0,130
2024-05-14,14,1,0,5,Food Court B,23.1,18.8,70.2,14.8,Cloudy,1.0,167
2024-05-14,14,1,0,5,Restaurant C,23.1,18.8,70.2,14.8,Cloudy,1.0,75
2024-05-14,14,1,0,5,Canteen D,23.1,18.8,70.2,14.8,Cloudy,1.0,101
2024-05-14,15,1,0,5,Cafeteria A,23.1,18.8,70.2,14.8,Cloudy,1.0,33
2024-05-14,15,1,0,5,Food Court B,23.1,18.8,70.2,14.8,Cloudy,1.0,41
2024-05-14,15,1,0,5,Restaurant C,23.1,18.8,70.2,14.8,Cloudy,1.0,18
2024-05-14,15,1,0,5,Canteen D,23.1,18.8,70.2,14.8,Cloudy,1.0,26
2024-05-15,9,2,0,5,Cafeteria A,20.9,18.7,54.0,7.1,Sunny,1.3,4
2024-05-15,9,2,0,5,Food Court B,20.9,18.7,54.0,7.1,Sunny,1.3,6
2024-05-15,9,2,0,5,Restaurant C,20.9,18.7,54.0,7.1,Sunny,1.3,3
2024-05-15,9,2,0,5,Canteen D,20.9,18.7,54.0,7.1,Sunny,1.3,4
2024-05-15,10,2,0,5,Cafeteria A,20.9,18.7,54.0,7.1,Sunny,1.3,39
2024-05-15,10,2,0,5,Food Court B,20.9,18.7,54.0,7.1,Sunny,1.3,55
2024-05-15,10,2,0,5,Restaurant C,20.9,18.7,54.0,7.1,Sunny,1.3,28
2024-05-15,10,2,0,5,Canteen D,20.9,18.7,54.0,7.1,Sunny,1.3,34
2024-05-15,11,2,0,5,Cafeteria A,20.9,18.7,54.0,7.1,Sunny,1.3,150
2024-05-15,11,2,0,5,Food Court B,20.9,18.7,54.0,7.1,Sunny,1.3,214
2024-05-15,11,2,0,5,Restaurant C,20.9,18.7,54.0,7.1,Sunny,1.3,116
2024-05-15,11,2,0,5,Canteen D,20.9,18.7,54.0,7.1,Sunny,1.3,134
2024-05-15,12,2,0,5,Cafeteria A,20.9,18.7,54.0,7.1,Sunny,1.3,315
2024-05-15,12,2,0,5,Food Court B,20.9,18.7,54.0,7.1,Sunny,1.3,411
2024-05-15,12,2,0,5,Restaurant C,20.9,18.7,54.0,7.1,Sunny,1.3,218
2024-05-15,12,2,0,5,Canteen D,20.9,18.7,54.0,7.1,Sunny,1.3,259
2024-05-15,13,2,0,5,Cafeteria A,20.9,18.7,54.0,7.1,Sunny,1.3,299
2024-05-15,13,2,0,5,Food Court B,20.9,18.7,54.0,7.1,Sunny,1.3,392
2024-05-15,13,2,0,5,Restaurant C,20.9,18.7,54.0,7.1,Sunny,1.3,226
2024-05-15,13,2,0,5,Canteen D,20.9,18.7,54.0,7.1,Sunny,1.3,281
2024-05-15,14,2,0,5,Cafeteria A,20.9,18.7,54.0,7.1,Sunny,1.3,150
2024-05-15,14,2,0,5,Food Court B,20.9,18.7,54.0,7.1,Sunny,1.3,227
2024-05-15,14,2,0,5,Restaurant C,20.9,18.7,54.0,7.1,Sunny,1.3,101
2024-05-15,14,2,0,5,Canteen D,20.9,18.7,54.0,7.1,Sunny,1.3,134
2024-05-15,15,2,0,5,Cafeteria A,20.9,18.7,54.0,7.1,Sunny,1.3,43
2024-05-15,15,2,0,5,Food Court B,20.9,18.7,54.0,7.1,Sunny,1.3,55
2024-05-15,15,2,0,5,Restaurant C,20.9,18.7,54.0,7.1,Sunny,1.3,29
2024-05-15,15,2,0,5,Canteen D,20.9,18.7,54.0,7.1,Sunny,1.3,30
2024-05-16,9,3,0,5,Cafeteria A,28.5,23.7,64.2,14.8,Cloudy,1.0,3
2024-05-16,9,3,0,5,Food Court B,28.5,23.7,64.2,14.8,Cloudy,1.0,3
2024-05-16,9,3,0,5,Restaurant C,28.5,23.7,64.2,14.8,Cloudy,1.0,2
2024-05-16,9,3,0,5,Canteen D,28.5,23.7,64.2,14.8,Cloudy,1.0,2
2024-05-16,10,3,0,5,Cafeteria A,28.5,23.7,64.2,14.8,Cloudy,1.0,29
2024-05-16,10,3,0,5,Food Court B,28.5,23.7,64.2,14.8,Cloudy,1.0,33
2024-05-16,10,3,0,5,Restaurant C,28.5,23.7,64.2,14.8,Cloudy,1.0,16
2024-05-16,10,3,0,5,Canteen D,28.5,23.7,64.2,14.8,Cloudy,1.0,23
2024-05-16,11,3,0,5,Cafeteria A,28.5,23.7,64.2,14.8,Cloudy,1.0,112
2024-05-16,11,3,0,5,Food Court B,28.5,23.7,64.2,14.8,Cloudy,1.0,128
2024-05-16,11,3,0,5,Restaurant C,28.5,23.7,64.2,14.8,Cloudy,1.0,74
2024-05-16,11,3,0,5,Canteen D,28.5,23.7,64.2,14.8,Cloudy,1.0,87
2024-05-16,12,3,0,5,Cafeteria A,28.5,23.7,64.2,14.8,Cloudy,1.0,227
2024-05-16,12,3,0,5,Food Court B,28.5,23.7,64.2,14.8,Cloudy,1.0,274
2024-05-16,12,3,0,5,Restaurant C,28.5,23.7,64.2,14.8,Cloudy,1.0,153
2024-05-16,12,3,0,5,Canteen D,28.5,23.7,64.2,14.8,Cloudy,1.0,188
2024-05-16,13,3,0,5,Cafeteria A,28.5,23.7,64.2,14.8,Cloudy,1.0,233
2024-05-16,13,3,0,5,Food Court B,28.5,23.7,64.2,14.8,Cloudy,1.0,251
2024-05-16,13,3,0,5,Restaurant C,28.5,23.7,64.2,14.8,Cloudy,1.0,154
2024-05-16,13,3,0,5,Canteen D,28.5,23.7,64.2,14.8,Cloudy,1.0,181
2024-05-16,14,3,0,5,Cafeteria A,28.5,23.7,64.2,14.8,Cloudy,1.0,116
2024-05-16,14,3,0,5,Food Court B,28.5,23.7,64.2,14.8,Cloudy,1.0,133
2024-05-16,14,3,0,5,Restaurant C,28.5,23.7,64.2,14.8,Cloudy,1.0,77
2024-05-16,14,3,0,5,Canteen D,28.5,23.7,64.2,14.8,Cloudy,1.0,91
2024-05-16,15,3,0,5,Cafeteria A,28.5,23.7,64.2,14.8,Cloudy,1.0,25
2024-05-16,15,3,0,5,Food Court B,28.5,23.7,64.2,14.8,Cloudy,1.0,33
2024-05-16,15,3,0,5,Restaurant C,28.5,23.7,64.2,14.8,Cloudy,1.0,19
2024-05-16,15,3,0,5,Canteen D,28.5,23.7,64.2,14.8,Cloudy,1.0,19
2024-05-17,9,4,0,5,Cafeteria A,25.6,22.5,61.0,7.4,Cloudy,1.0,4
2024-05-17,9,4,0,5,Food Court B,25.6,22.5,61.0,7.4,Cloudy,1.0,4
2024-05-17,9,4,0,5,Restaurant C,25.6,22.5,61.0,7.4,Cloudy,1.0,2
2024-05-17,9,4,0,5,Canteen D,25.6,22.5,61.0,7.4,Cloudy,1.0,2
2024-05-17,10,4,0,5,Cafeteria A,25.6,22.5,61.0,7.4,Cloudy,1.0,26
2024-05-17,10,4,0,5,Food Court B,25.6,22.5,61.0,7.4,Cloudy,1.0,32
2024-05-17,10,4,0,5,Restaurant C,25.6,22.5,61.0,7.4,Cloudy,1.0,18
2024-05-17,10,4,0,5,Canteen D,25.6,22.5,61.0,7.4,Cloudy,1.0,25
2024-05-17,11,4,0,5,Cafeteria A,25.6,22.5,61.0,7.4,Cloudy,1.0,113
2024-05-17,11,4,0,5,Food Court B,25.6,22.5,61.0,7.4,Cloudy,1.0,140
2024-05-17,11,4,0,5,Restaurant C,25.6,22.5,61.0,7.4,Cloudy,1.0,72
2024-05-17,11,4,0,5,Canteen D,25.6,22.5,61.0,7.4,Cloudy,1.0,92
2024-05-17,12,4,0,5,Cafeteria A,25.6,22.5,61.0,7.4,Cloudy,1.0,230
2024-05-17,12,4,0,5,Food Court B,25.6,22.5,61.0,7.4,Cloudy,1.0,318
2024-05-17,12,4,0,5,Restaurant C,25.6,22.5,61.0,7.4,Cloudy,1.0,150
2024-05-17,12,4,0,5,Canteen D,25.6,22.5,61.0,7.4,Cloudy,1.0,183
2024-05-17,13,4,0,5,Cafeteria A,25.6,22.5,61.0,7.4,Cloudy,1.0,213
2024-05-17,13,4,0,5,Food Court B,25.6,22.5,61.0,7.4,Cloudy,1.0,325
2024-05-17,13,4,0,5,Restaurant C,25.6,22.5,61.0,7.4,Cloudy,1.0,141
2024-05-17,13,4,0,5,Canteen D,25.6,22.5,61.0,7.4,Cloudy,1.0,164
2024-05-17,14,4,0,5,Cafeteria A,25.6,22.5,61.0,7.4,Cloudy,1.0,121
2024-05-17,14,4,0,5,Food Court B,25.6,22.5,61.0,7.4,Cloudy,1.0,149
2024-05-17,14,4,0,5,Restaurant C,25.6,22.5,61.0,7.4,Cloudy,1.0,73
2024-05-17,14,4,0,5,Canteen D,25.6,22.5,61.0,7.4,Cloudy,1.0,89
2024-05-17,15,4,0,5,Cafeteria A,25.6,22.5,61.0,7.4,Cloudy,1.0,31
2024-05-17,15,4,0,5,Food Court B,25.6,22.5,61.0,7.4,Cloudy,1.0,33
2024-05-17,15,4,0,5,Restaurant C,25.6,22.5,61.0,7.4,Cloudy,1.0,20
2024-05-17,15,4,0,5,Canteen D,25.6,22.5,61.0,7.4,Cloudy,1.0,23
2024-05-18,9,5,1,5,Cafeteria A,21.8,19.7,44.0,12.4,Sunny,1.3,1
2024-05-18,9,5,1,5,Food Court B,21.8,19.7,44.0,12.4,Sunny,1.3,2
2024-05-18,9,5,1,5,Restaurant C,21.8,19.7,44.0,12.4,Sunny,1.3,1
2024-05-18,9,5,1,5,Canteen D,21.8,19.7,44.0,12.4,Sunny,1.3,1
2024-05-18,10,5,1,5,Cafeteria A,21.8,19.7,44.0,12.4,Sunny,1.3,17
2024-05-18,10,5,1,5,Food Court B,21.8,19.7,44.0,12.4,Sunny,1.3,19
2024-05-18,10,5,1,5,Restaurant C,21.8,19.7,44.0,12.4,Sunny,1.3,9
2024-05-18,10,5,1,5,Canteen D,21.8,19.7,44.0,12.4,Sunny,1.3,11
2024-05-18,11,5,1,5,Cafeteria A,21.8,19.7,44.0,12.4,Sunny,1.3,63
2024-05-18,11,5,1,5,Food Court B,21.8,19.7,44.0,12.4,Sunny,1.3,75
2024-05-18,11,5,1,5,Restaurant C,21.8,19.7,44.0,12.4,Sunny,1.3,36
2024-05-18,11,5,1,5,Canteen D,21.8,19.7,44.0,12.4,Sunny,1.3,55
2024-05-18,12,5,1,5,Cafeteria A,21.8,19.7,44.0,12.4,Sunny,1.3,140
2024-05-18,12,5,1,5,Food Court B,21.8,19.7,44.0,12.4,Sunny,1.3,171
2024-05-18,12,5,1,5,Restaurant C,21.8,19.7,44.0,12.4,Sunny,1.3,76
2024-05-18,12,5,1,5,Canteen D,21.8,19.7,44.0,12.4,Sunny,1.3,92
2024-05-18,13,5,1,5,Cafeteria A,21.8,19.7,44.0,12.4,Sunny,1.3,116
2024-05-18,13,5,1,5,Food Court B,21.8,19.7,44.0,12.4,Sunny,1.3,170
2024-05-18,13,5,1,5,Restaurant C,21.8,19.7,44.0,12.4,Sunny,1.3,91
2024-05-18,13,5,1,5,Canteen D,21.8,19.7,44.0,12.4,Sunny,1.3,100
2024-05-18,14,5,1,5,Cafeteria A,21.8,19.7,44.0,12.4,Sunny,1.3,58
2024-05-18,14,5,1,5,Food Court B,21.8,19.7,44.0,12.4,Sunny,1.3,81
2024-05-18,14,5,1,5,Restaurant C,21.8,19.7,44.0,12.4,Sunny,1.3,40
2024-05-18,14,5,1,5,Canteen D,21.8,19.7,44.0,12.4,Sunny,1.3,49
2024-05-18,15,5,1,5,Cafeteria A,21.8,19.7,44.0,12.4,Sunny,1.3,16
2024-05-18,15,5,1,5,Food Court B,21.8,19.7,44.0,12.4,Sunny,1.3,21
2024-05-18,15,5,1,5,Restaurant C,21.8,19.7,44.0,12.4,Sunny,1.3,9
2024-05-18,15,5,1,5,Canteen D,21.8,19.7,44.0,12.4,Sunny,1.3,11
2024-05-19,9,6,1,5,Cafeteria A,25.1,20.5,56.3,8.5,Rainy,0.75,1
2024-05-19,9,6,1,5,Food Court B,25.1,20.5,56.3,8.5,Rainy,0.75,1
2024-05-19,9,6,1,5,Restaurant C,25.1,20.5,56.3,8.5,Rainy,0.75,0
2024-05-19,9,6,1,5,Canteen D,25.1,20.5,56.3,8.5,Rainy,0.75,0
2024-05-19,10,6,1,5,Cafeteria A,25.1,20.5,56.3,8.5,Rainy,0.75,7
2024-05-19,10,6,1,5,Food Court B,25.1,20.5,56.3,8.5,Rainy,0.75,11
2024-05-19,10,6,1,5,Restaurant C,25.1,20.5,56.3,8.5,Rainy,0.75,5
2024-05-19,10,6,1,5,Canteen D,25.1,20.5,56.3,8.5,Rainy,0.75,7
2024-05-19,11,6,1,5,Cafeteria A,25.1,20.5,56.3,8.5,Rainy,0.75,35
2024-05-19,11,6,1,5,Food Court B,25.1,20.5,56.3,8.5,Rainy,0.75,49
2024-05-19,11,6,1,5,Restaurant C,25.1,20.5,56.3,8.5,Rainy,0.75,24
2024-05-19,11,6,1,5,Canteen D,25.1,20.5,56.3,8.5,Rainy,0.75,26
2024-05-19,12,6,1,5,Cafeteria A,25.1,20.5,56.3,8.5,Rainy,0.75,71
2024-05-19,12,6,1,5,Food Court B,25.1,20.5,56.3,8.5,Rainy,0.75,98
2024-05-19,12,6,1,5,Restaurant C,25.1,20.5,56.3,8.5,Rainy,0.75,49
2024-05-19,12,6,1,5,Canteen D,25.1,20.5,56.3,8.5,Rainy,0.75,50
2024-05-19,13,6,1,5,Cafeteria A,25.1,20.5,56.3,8.5,Rainy,0.75,74
2024-05-19,13,6,1,5,Food Court B,25.1,20.5,56.3,8.5,Rainy,0.75,85
2024-05-19,13,6,1,5,Restaurant C,25.1,20.5,56.3,8.5,Rainy,0.75,40
2024-05-19,13,6,1,5,Canteen D,25.1,20.5,56.3,8.5,Rainy,0.75,54
2024-05-19,14,6,1,5,Cafeteria A,25.1,20.5,56.3,8.5,Rainy,0.75,33
2024-05-19,14,6,1,5,Food Court B,25.1,20.5,56.3,8.5,Rainy,0.75,47
2024-05-19,14,6,1,5,Restaurant C,25.1,20.5,56.3,8.5,Rainy,0.75,21
2024-05-19,14,6,1,5,Canteen D,25.1,20.5,56.3,8.5,Rainy,0.75,29
2024-05-19,15,6,1,5,Cafeteria A,25.1,20.5,56.3,8.5,Rainy,0.75,7
2024-05-19,15,6,1,5,Food Court B,25.1,20.5,56.3,8.5,Rainy,0.75,10
2024-05-19,15,6,1,5,Restaurant C,25.1,20.5,56.3,8.5,Rainy,0.75,5
2024-05-19,15,6,1,5,Canteen D,25.1,20.5,56.3,8.5,Rainy,0.75,6
2024-05-20,9,0,0,5,Cafeteria A,20.1,14.8,67.7,16.6,Cloudy,1.0,4
2024-05-20,9,0,0,5,Food Court B,20.1,14.8,67.7,16.6,Cloudy,1.0,4
2024-05-20,9,0,0,5,Restaurant C,20.1,14.8,67.7,16.6,Cloudy,1.0,2
2024-05-20,9,0,0,5,Canteen D,20.1,14.8,67.7,16.6,Cloudy,1.0,2
2024-05-20,10,0,0,5,Cafeteria A,20.1,14.8,67.7,16.6,Cloudy,1.0,35
2024-05-20,10,0,0,5,Food Court B,20.1,14.8,67.7,16.6,Cloudy,1.0,35
2024-05-20,10,0,0,5,Restaurant C,20.1,14.8,67.7,16.6,Cloudy,1.0,19
2024-05-20,10,0,0,5,Canteen D,20.1,14.8,67.7,16.6,Cloudy,1.0,23
2024-05-20,11,0,0,5,Cafeteria A,20.1,14.8,67.7,16.6,Cloudy,1.0,122
2024-05-20,11,0,0,5,Food Court B,20.1,14.8,67.7,16.6,Cloudy,1.0,147
2024-05-20,11,0,0,5,Restaurant C,20.1,14.8,67.7,16.6,Cloudy,1.0,87
2024-05-20,11,0,0,5,Canteen D,20.1,14.8,67.7,16.6,Cloudy,1.0,91
2024-05-20,12,0,0,5,Cafeteria A,20.1,14.8,67.7,16.6,Cloudy,1.0,264
2024-05-20,12,0,0,5,Food Court B,20.1,14.8,67.7,16.6,Cloudy,1.0,291
2024-05-20,12,0,0,5,Restaurant C,20.1,14.8,67.7,16.6,Cloudy,1.0,147
2024-05-20,12,0,0,5,Canteen D,20.1,14.8,67.7,16.6,Cloudy,1.0,221
2024-05-20,13,0,0,5,Cafeteria A,20.1,14.8,67.7,16.6,Cloudy,1.0,237
2024-05-20,13,0,0,5,Food Court B,20.1,14.8,67.7,16.6,Cloudy,1.0,345
2024-05-20,13,0,0,5,Restaurant C,20.1,14.8,67.7,16.6,Cloudy,1.0,166
2024-05-20,13,0,0,5,Canteen D,20.1,14.8,67.7,16.6,Cloudy,1.0,181
2024-05-20,14,0,0,5,Cafeteria A,20.1,14.8,67.7,16.6,Cloudy,1.0,142
2024-05-20,14,0,0,5,Food Court B,20.1,14.8,67.7,16.6,Cloudy,1.0,150
2024-05-20,14,0,0,5,Restaurant C,20.1,14.8,67.7,16.6,Cloudy,1.0,89
2024-05-20,14,0,0,5,Canteen D,20.1,14.8,67.7,16.6,Cloudy,1.0,92
2024-05-20,15,0,0,5,Cafeteria A,20.1,14.8,67.7,16.6,Cloudy,1.0,34
2024-05-20,15,0,0,5,Food Court B,20.1,14.8,67.7,16.6,Cloudy,1.0,35
2024-05-20,15,0,0,5,Restaurant C,20.1,14.8,67.7,16.6,Cloudy,1.0,20
2024-05-20,15,0,0,5,Canteen D,20.1,14.8,67.7,16.6,Cloudy,1.0,26
2024-05-21,9,1,0,5,Cafeteria A,23.5,20.4,54.1,5.1,Sunny,1.3,4
2024-05-21,9,1,0,5,Food Court B,23.5,20.4,54.1,5.1,Sunny,1.3,5
2024-05-21,9,1,0,5,Restaurant C,23.5,20.4,54.1,5.1,Sunny,1.3,3
2024-05-21,9,1,0,5,Canteen D,23.5,20.4,54.1,5.1,Sunny,1.3,3
2024-05-21,10,1,0,5,Cafeteria A,23.5,20.4,54.1,5.1,Sunny,1.3,37
2024-05-21,10,1,0,5,Food Court B,23.5,20.4,54.1,5.1,Sunny,1.3,49
2024-05-21,10,1,0,5,Restaurant C,23.5,20.4,54.1,5.1,Sunny,1.3,27
2024-05-21,10,1,0,5,Canteen D,23.5,20.4,54.1,5.1,Sunny,1.3,32
2024-05-21,11,1,0,5,Cafeteria A,23.5,20.4,54.1,5.1,Sunny,1.3,162
2024-05-21,11,1,0,5,Food Court B,23.5,20.4,54.1,5.1,Sunny,1.3,180
2024-05-21,11,1,0,5,Restaurant C,23.5,20.4,54.1,5.1,Sunny,1.3,102
2024-05-21,11,1,0,5,Canteen D,23.5,20.4,54.1,5.1,Sunny,1.3,111
2024-05-21,12,1,0,5,Cafeteria A,23.5,20.4,54.1,5.1,Sunny,1.3,305
2024-05-21,12,1,0,5,Food Court B,23.5,20.4,54.1,5.1,Sunny,1.3,385
2024-05-21,12,1,0,5,Restaurant C,23.5,20.4,54.1,5.1,Sunny,1.3,180
2024-05-21,12,1,0,5,Canteen D,23.5,20.4,54.1,5.1,Sunny,1.3,234
2024-05-21,13,1,0,5,Cafeteria A,23.5,20.4,54.1,5.1,Sunny,1.3,349
2024-05-21,13,1,0,5,Food Court B,23.5,20.4,54.1,5.1,Sunny,1.3,436
2024-05-21,13,1,0,5,Restaurant C,23.5,20.4,54.1,5.1,Sunny,1.3,195
2024-05-21,13,1,0,5,Canteen D,23.5,20.4,54.1,5.1,Sunny,1.3,220
2024-05-21,14,1,0,5,Cafeteria A,23.5,20.4,54.1,5.1,Sunny,1.3,145
2024-05-21,14,1,0,5,Food Court B,23.5,20.4,54.1,5.1,Sunny,1.3,191
2024-05-21,14,1,0,5,Restaurant C,23.5,20.4,54.1,5.1,Sunny,1.3,112
2024-05-21,14,1,0,5,Canteen D,23.5,20.4,54.1,5.1,Sunny,1.3,113
2024-05-21,15,1,0,5,Cafeteria A,23.5,20.4,54.1,5.1,Sunny,1.3,41
2024-05-21,15,1,0,5,Food Court B,23.5,20.4,54.1,5.1,Sunny,1.3,44
2024-05-21,15,1,0,5,Restaurant C,23.5,20.4,54.1,5.1,Sunny,1.3,28
2024-05-21,15,1,0,5,Canteen D,23.5,20.4,54.1,5.1,Sunny,1.3,29
2024-05-22,9,2,0,5,Cafeteria A,23.4,20.0,70.7,10.1,Rainy,0.75,3
2024-05-22,9,2,0,5,Food Court B,23.4,20.0,70.7,10.1,Rainy,0.75,3
2024-05-22,9,2,0,5,Restaurant C,23.4,20.0,70.7,10.1,Rainy,0.75,1
2024-05-22,9,2,0,5,Canteen D,23.4,20.0,70.7,10.1,Rainy,0.75,2
2024-05-22,10,2,0,5,Cafeteria A,23.4,20.0,70.7,10.1,Rainy,0.75,24
2024-05-22,10,2,0,5,Food Court B,23.4,20.0,70.7,10.1,Rainy,0.75,25
2024-05-22,10,2,0,5,Restaurant C,23.4,20.0,70.7,10.1,Rainy,0.75,13
2024-05-22,10,2,0,5,Canteen D,23.4,20.0,70.7,10.1,Rainy,0.75,17
2024-05-22,11,2,0,5,Cafeteria A,23.4,20.0,70.7,10.1,Rainy,0.75,93
2024-05-22,11,2,0,5,Food Court B,23.4,20.0,70.7,10.1,Rainy,0.75,109
2024-05-22,11,2,0,5,Restaurant C,23.4,20.0,70.7,10.1,Rainy,0.75,53
2024-05-22,11,2,0,5,Canteen D,23.4,20.0,70.7,10.1,Rainy,0.75,73
2024-05-22,12,2,0,5,Cafeteria A,23.4,20.0,70.7,10.1,Rainy,0.75,195
2024-05-22,12,2,0,5,Food Court B,23.4,20.0,70.7,10.1,Rainy,0.75,221
2024-05-22,12,2,0,5,Restaurant C,23.4,20.0,70.7,10.1,Rainy,0.75,106
2024-05-22,12,2,0,5,Canteen D,23.4,20.0,70.7,10.1,Rainy,0.75,132
2024-05-22,13,2,0,5,Cafeteria A,23.4,20.0,70.7,10.1,Rainy,0.75,170
2024-05-22,13,2,0,5,Food Court B,23.4,20.0,70.7,10.1,Rainy,0.75,216
2024-05-22,13,2,0,5,Restaurant C,23.4,20.0,70.7,10.1,Rainy,0.75,121
2024-05-22,13,2,0,5,Canteen D,23.4,20.0,70.7,10.1,Rainy,0.75,146
2024-05-22,14,2,0,5,Cafeteria A,23.4,20.0,70.7,10.1,Rainy,0.75,95
2024-05-22,14,2,0,5,Food Court B,23.4,20.0,70.7,10.1,Rainy,0.75,109
2024-05-22,14,2,0,5,Restaurant C,23.4,20.0,70.7,10.1,Rainy,0.75,63
2024-05-22,14,2,0,5,Canteen D,23.4,20.0,70.7,10.1,Rainy,0.75,66
2024-05-22,15,2,0,5,Cafeteria A,23.4,20.0,70.7,10.1,Rainy,0.75,22
2024-05-22,15,2,0,5,Food Court B,23.4,20.0,70.7,10.1,Rainy,0.75,30
2024-05-22,15,2,0,5,Restaurant C,23.4,20.0,70.7,10.1,Rainy,0.75,13
2024-05-22,15,2,0,5,Canteen D,23.4,20.0,70.7,10.1,Rainy,0.75,16
2024-05-23,9,3,0,5,Cafeteria A,24.4,21.2,66.9,10.2,Rainy,0.75,2
2024-05-23,9,3,0,5,Food Court B,24.4,21.2,66.9,10.2,Rainy,0.75,3
2024-05-23,9,3,0,5,Restaurant C,24.4,21.2,66.9,10.2,Rainy,0.75,1
2024-05-23,9,3,0,5,Canteen D,24.4,21.2,66.9,10.2,Rainy,0.75,1
2024-05-23,10,3,0,5,Cafeteria A,24.4,21.2,66.9,10.2,Rainy,0.75,20
2024-05-23,10,3,0,5,Food Court B,24.4,21.2,66.9,10.2,Rainy,0.75,26
2024-05-23,10,3,0,5,Restaurant C,24.4,21.2,66.9,10.2,Rainy,0.75,12
2024-05-23,10,3,0,5,Canteen D,24.4,21.2,66.9,10.2,Rainy,0.75,19
2024-05-23,11,3,0,5,Cafeteria A,24.4,21.2,66.9,10.2,Rainy,0.75,78
2024-05-23,11,3,0,5,Food Court B,24.4,21.2,66.9,10.2,Rainy,0.75,111
2024-05-23,11,3,0,5,Restaurant C,24.4,21.2,66.9,10.2,Rainy,0.75,52
2024-05-23,11,3,0,5,Canteen D,24.4,21.2,66.9,10.2,Rainy,0.75,66
2024-05-23,12,3,0,5,Cafeteria A,24.4,21.2,66.9,10.2,Rainy,0.75,197
2024-05-23,12,3,0,5,Food Court B,24.4,21.2,66.9,10.2,Rainy,0.75,205
2024-05-23,12,3,0,5,Restaurant C,24.4,21.2,66.9,10.2,Rainy,0.75,127
2024-05-23,12,3,0,5,Canteen D,24.4,21.2,66.9,10.2,Rainy,0.75,130
2024-05-23,13,3,0,5,Cafeteria A,24.4,21.2,66.9,10.2,Rainy,0.75,189
2024-05-23,13,3,0,5,Food Court B,24.4,21.2,66.9,10.2,Rainy,0.75,226
2024-05-23,13,3,0,5,Restaurant C,24.4,21.2,66.9,10.2,Rainy,0.75,125
2024-05-23,13,3,0,5,Canteen D,24.4,21.2,66.9,10.2,Rainy,0.75,142
2024-05-23,14,3,0,5,Cafeteria A,24.4,21.2,66.9,10.2,Rainy,0.75,90
2024-05-23,14,3,0,5,Food Court B,24.4,21.2,66.9,10.2,Rainy,0.75,103
2024-05-23,14,3,0,5,Restaurant C,24.4,21.2,66.9,10.2,Rainy,0.75,52
2024-05-23,14,3,0,5,Canteen D,24.4,21.2,66.9,10.2,Rainy,0.75,77
2024-05-23,15,3,0,5,Cafeteria A,24.4,21.2,66.9,10.2,Rainy,0.75,21
2024-05-23,15,3,0,5,Food Court B,24.4,21.2,66.9,10.2,Rainy,0.75,26
2024-05-23,15,3,0,5,Restaurant C,24.4,21.2,66.9,10.2,Rainy,0.75,15
2024-05-23,15,3,0,5,Canteen D,24.4,21.2,66.9,10.2,Rainy,0.75,16
2024-05-24,9,4,0,5,Cafeteria A,28.2,23.3,59.4,10.8,Sunny,1.3,4
2024-05-24,9,4,0,5,Food Court B,28.2,23.3,59.4,10.8,Sunny,1.3,5
2024-05-24,9,4,0,5,Restaurant C,28.2,23.3,59.4,10.8,Sunny,1.3,3
2024-05-24,9,4,0,5,Canteen D,28.2,23.3,59.4,10.8,Sunny,1.3,3
2024-05-24,10,4,0,5,Cafeteria A,28.2,23.3,59.4,10.8,Sunny,1.3,34
2024-05-24,10,4,0,5,Food Court B,28.2,23.3,59.4,10.8,Sunny,1.3,50
2024-05-24,10,4,0,5,Restaurant C,28.2,23.3,59.4,10.8,Sunny,1.3,22
2024-05-24,10,4,0,5,Canteen D,28.2,23.3,59.4,10.8,Sunny,1.3,28
2024-05-24,11,4,0,5,Cafeteria A,28.2,23.3,59.4,10.8,Sunny,1.3,139
2024-05-24,11,4,0,5,Food Court B,28.2,23.3,59.4,10.8,Sunny,1.3,198
2024-05-24,11,4,0,5,Restaurant C,28.2,23.3,59.4,10.8,Sunny,1.3,94
2024-05-24,11,4,0,5,Canteen D,28.2,23.3,59.4,10.8,Sunny,1.3,120
2024-05-24,12,4,0,5,Cafeteria A,28.2,23.3,59.4,10.8,Sunny,1.3,311
2024-05-24,12,4,0,5,Food Court B,28.2,23.3,59.4,10.8,Sunny,1.3,348
2024-05-24,12,4,0,5,Restaurant C,28.2,23.3,59.4,10.8,Sunny,1.3,183
2024-05-24,12,4,0,5,Canteen D,28.2,23.3,59.4,10.8,Sunny,1.3,246
2024-05-24,13,4,0,5,Cafeteria A,28.2,23.3,59.4,10.8,Sunny,1.3,280
2024-05-24,13,4,0,5,Food Court B,28.2,23.3,59.4,10.8,Sunny,1.3,387
2024-05-24,13,4,0,5,Restaurant C,28.2,23.3,59.4,10.8,Sunny,1.3,205
2024-05-24,13,4,0,5,Canteen D,28.2,23.3,59.4,10.8,Sunny,1.3,234
2024-05-24,14,4,0,5,Cafeteria A,28.2,23.3,59.4,10.8,Sunny,1.3,153
2024-05-24,14,4,0,5,Food Court B,28.2,23.3,59.4,10.8,Sunny,1.3,194
2024-05-24,14,4,0,5,Restaurant C,28.2,23.3,59.4,10.8,Sunny,1.3,100
2024-05-24,14,4,0,5,Canteen D,28.2,23.3,59.4,10.8,Sunny,1.3,110
2024-05-24,15,4,0,5,Cafeteria A,28.2,23.3,59.4,10.8,Sunny,1.3,32
2024-05-24,15,4,0,5,Food Court B,28.2,23.3,59.4,10.8,Sunny,1.3,44
2024-05-24,15,4,0,5,Restaurant C,28.2,23.3,59.4,10.8,Sunny,1.3,24
2024-05-24,15,4,0,5,Canteen D,28.2,23.3,59.4,10.8,Sunny,1.3,28
2024-05-25,9,5,1,5,Cafeteria A,23.2,18.0,71.8,14.9,Rainy,0.75,1
2024-05-25,9,5,1,5,Food Court B,23.2,18.0,71.8,14.9,Rainy,0.75,1
2024-05-25,9,5,1,5,Restaurant C,23.2,18.0,71.8,14.9,Rainy,0.75,0
2024-05-25,9,5,1,5,Canteen D,23.2,18.0,71.8,14.9,Rainy,0.75,0
2024-05-25,10,5,1,5,Cafeteria A,23.2,18.0,71.8,14.9,Rainy,0.75,9
2024-05-25,10,5,1,5,Food Court B,23.2,18.0,71.8,14.9,Rainy,0.75,10
2024-05-25,10,5,1,5,Restaurant C,23.2,18.0,71.8,14.9,Rainy,0.75,6
2024-05-25,10,5,1,5,Canteen D,23.2,18.0,71.8,14.9,Rainy,0.75,7
2024-05-25,11,5,1,5,Cafeteria A,23.2,18.0,71.8,14.9,Rainy,0.75,40
2024-05-25,11,5,1,5,Food Court B,23.2,18.0,71.8,14.9,Rainy,0.75,44
2024-05-25,11,5,1,5,Restaurant C,23.2,18.0,71.8,14.9,Rainy,0.75,23
2024-05-25,11,5,1,5,Canteen D,23.2,18.0,71.8,14.9,Rainy,0.75,31
2024-05-25,12,5,1,5,Cafeteria A,23.2,18.0,71.8,14.9,Rainy,0.75,73
2024-05-25,12,5,1,5,Food Court B,23.2,18.0,71.8,14.9,Rainy,0.75,95
2024-05-25,12,5,1,5,Restaurant C,23.2,18.0,71.8,14.9,Rainy,0.75,44
2024-05-25,12,5,1,5,Canteen D,23.2,18.0,71.8,14.9,Rainy,0.75,56
2024-05-25,13,5,1,5,Cafeteria A,23.2,18.0,71.8,14.9,Rainy,0.75,66
2024-05-25,13,5,1,5,Food Court B,23.2,18.0,71.8,14.9,Rainy,0.75,84
2024-05-25,13,5,1,5,Restaurant C,23.2,18.0,71.8,14.9,Rainy,0.75,41
2024-05-25,13,5,1,5,Canteen D,23.2,18.0,71.8,14.9,Rainy,0.75,51
2024-05-25,14,5,1,5,Cafeteria A,23.2,18.0,71.8,14.9,Rainy,0.75,40
2024-05-25,14,5,1,5,Food Court B,23.2,18.0,71.8,14.9,Rainy,0.75,42
2024-05-25,14,5,1,5,Restaurant C,23.2,18.0,71.8,14.9,Rainy,0.75,24
2024-05-25,14,5,1,5,Canteen D,23.2,18.0,71.8,14.9,Rainy,0.75,31
2024-05-25,15,5,1,5,Cafeteria A,23.2,18.0,71.8,14.9,Rainy,0.75,9
2024-05-25,15,5,1,5,Food Court B,23.2,18.0,71.8,14.9,Rainy,0.75,10
2024-05-25,15,5,1,5,Restaurant C,23.2,18.0,71.8,14.9,Rainy,0.75,6
2024-05-25,15,5,1,5,Canteen D,23.2,18.0,71.8,14.9,Rainy,0.75,7
2024-05-26,9,6,1,5,Cafeteria A,28.1,28.1,63.6,2.7,Windy,0.85,1
2024-05-26,9,6,1,5,Food Court B,28.1,28.1,63.6,2.7,Windy,0.85,1
2024-05-26,9,6,1,5,Restaurant C,28.1,28.1,63.6,2.7,Windy,0.85,0
2024-05-26,9,6,1,5,Canteen D,28.1,28.1,63.6,2.7,Windy,0.85,0
2024-05-26,10,6,1,5,Cafeteria A,28.1,28.1,63.6,2.7,Windy,0.85,9
2024-05-26,10,6,1,5,Food Court B,28.1,28.1,63.6,2.7,Windy,0.85,12
2024-05-26,10,6,1,5,Restaurant C,28.1,28.1,63.6,2.7,Windy,0.85,6
2024-05-26,10,6,1,5,Canteen D,28.1,28.1,63.6,2.7,Windy,0.85,7
2024-05-26,11,6,1,5,Cafeteria A,28.1,28.1,63.6,2.7,Windy,0.85,37
2024-05-26,11,6,1,5,Food Court B,28.1,28.1,63.6,2.7,Windy,0.85,51
2024-05-26,11,6,1,5,Restaurant C,28.1,28.1,63.6,2.7,Windy,0.85,23
2024-05-26,11,6,1,5,Canteen D,28.1,28.1,63.6,2.7,Windy,0.85,32
2024-05-26,12,6,1,5,Cafeteria A,28.1,28.1,63.6,2.7,Windy,0.85,68
2024-05-26,12,6,1,5,Food Court B,28.1,28.1,63.6,2.7,Windy,0.85,101
2024-05-26,12,6,1,5,Restaurant C,28.1,28.1,63.6,2.7,Windy,0.85,52
2024-05-26,12,6,1,5,Canteen D,28.1,28.1,63.6,2.7,Windy,0.85,55
2024-05-26,13,6,1,5,Cafeteria A,28.1,28.1,63.6,2.7,Windy,0.85,74
2024-05-26,13,6,1,5,Food Court B,28.1,28.1,63.6,2.7,Windy,0.85,87
2024-05-26,13,6,1,5,Restaurant C,28.1,28.1,63.6,2.7,Windy,0.85,51
2024-05-26,13,6,1,5,Canteen D,28.1,28.1,63.6,2.7,Windy,0.85,60
2024-05-26,14,6,1,5,Cafeteria A,28.1,28.1,63.6,2.7,Windy,0.85,39
2024-05-26,14,6,1,5,Food Court B,28.1,28.1,63.6,2.7,Windy,0.85,44
2024-05-26,14,6,1,5,Restaurant C,28.1,28.1,63.6,2.7,Windy,0.85,22
2024-05-26,14,6,1,5,Canteen D,28.1,28.1,63.6,2.7,Windy,0.85,26
2024-05-26,15,6,1,5,Cafeteria A,28.1,28.1,63.6,2.7,Windy,0.85,9
2024-05-26,15,6,1,5,Food Court B,28.1,28.1,63.6,2.7,Windy,0.85,12
2024-05-26,15,6,1,5,Restaurant C,28.1,28.1,63.6,2.7,Windy,0.85,6
2024-05-26,15,6,1,5,Canteen D,28.1,28.1,63.6,2.7,Windy,0.85,7
2024-05-27,9,0,0,5,Cafeteria A,27.2,24.3,57.6,12.2,Cloudy,1.0,3
2024-05-27,9,0,0,5,Food Court B,27.2,24.3,57.6,12.2,Cloudy,1.0,3
2024-05-27,9,0,0,5,Restaurant C,27.2,24.3,57.6,12.2,Cloudy,1.0,2
2024-05-27,9,0,0,5,Canteen D,27.2,24.3,57.6,12.2,Cloudy,1.0,2
2024-05-27,10,0,0,5,Cafeteria A,27.2,24.3,57.6,12.2,Cloudy,1.0,26
2024-05-27,10,0,0,5,Food Court B,27.2,24.3,57.6,12.2,Cloudy,1.0,35
2024-05-27,10,0,0,5,Restaurant C,27.2,24.3,57.6,12.2,Cloudy,1.0,18
2024-05-27,10,0,0,5,Canteen D,27.2,24.3,57.6,12.2,Cloudy,1.0,22
2024-05-27,11,0,0,5,Cafeteria A,27.2,24.3,57.6,12.2,Cloudy,1.0,104
2024-05-27,11,0,0,5,Food Court B,27.2,24.3,57.6,12.2,Cloudy,1.0,137
2024-05-27,11,0,0,5,Restaurant C,27.2,24.3,57.6,12.2,Cloudy,1.0,75
2024-05-27,11,0,0,5,Canteen D,27.2,24.3,57.6,12.2,Cloudy,1.0,99
2024-05-27,12,0,0,5,Cafeteria A,27.2,24.3,57.6,12.2,Cloudy,1.0,239
2024-05-27,12,0,0,5,Food Court B,27.2,24.3,57.6,12.2,Cloudy,1.0,312
2024-05-27,12,0,0,5,Restaurant C,27.2,24.3,57.6,12.2,Cloudy,1.0,155
2024-05-27,12,0,0,5,Canteen D,27.2,24.3,57.6,12.2,Cloudy,1.0,182
2024-05-27,13,0,0,5,Cafeteria A,27.2,24.3,57.6,12.2,Cloudy,1.0,210
2024-05-27,13,0,0,5,Food Court B,27.2,24.3,57.6,12.2,Cloudy,1.0,295
2024-05-27,13,0,0,5,Restaurant C,27.2,24.3,57.6,12.2,Cloudy,1.0,150
2024-05-27,13,0,0,5,Canteen D,27.2,24.3,57.6,12.2,Cloudy,1.0,182
2024-05-27,14,0,0,5,Cafeteria A,27.2,24.3,57.6,12.2,Cloudy,1.0,113
2024-05-27,14,0,0,5,Food Court B,27.2,24.3,57.6,12.2,Cloudy,1.0,142
2024-05-27,14,0,0,5,Restaurant C,27.2,24.3,57.6,12.2,Cloudy,1.0,70
2024-05-27,14,0,0,5,Canteen D,27.2,24.3,57.6,12.2,Cloudy,1.0,89
2024-05-27,15,0,0,5,Cafeteria A,27.2,24.3,57.6,12.2,Cloudy,1.0,26
2024-05-27,15,0,0,5,Food Court B,27.2,24.3,57.6,12.2,Cloudy,1.0,37
2024-05-27,15,0,0,5,Restaurant C,27.2,24.3,57.6,12.2,Cloudy,1.0,16
2024-05-27,15,0,0,5,Canteen D,27.2,24.3,57.6,12.2,Cloudy,1.0,20
2024-05-28,9,1,0,5,Cafeteria A,31.2,25.2,48.9,14.2,Sunny,1.3,4
2024-05-28,9,1,0,5,Food Court B,31.2,25.2,48.9,14.2,Sunny,1.3,5
2024-05-28,9,1,0,5,Restaurant C,31.2,25.2,48.9,14.2,Sunny,1.3,3
2024-05-28,9,1,0,5,Canteen D,31.2,25.2,48.9,14.2,Sunny,1.3,3
2024-05-28,10,1,0,5,Cafeteria A,31.2,25.2,48.9,14.2,Sunny,1.3,32
2024-05-28,10,1,0,5,Food Court B,31.2,25.2,48.9,14.2,Sunny,1.3,45
2024-05-28,10,1,0,5,Restaurant C,31.2,25.2,48.9,14.2,Sunny,1.3,19
2024-05-28,10,1,0,5,Canteen D,31.2,25.2,48.9,14.2,Sunny,1.3,26
2024-05-28,11,1,0,5,Cafeteria A,31.2,25.2,48.9,14.2,Sunny,1.3,131
2024-05-28,11,1,0,5,Food Court B,31.2,25.2,48.9,14.2,Sunny,1.3,188
2024-05-28,11,1,0,5,Restaurant C,31.2,25.2,48.9,14.2,Sunny,1.3,77
2024-05-28,11,1,0,5,Canteen D,31.2,25.2,48.9,14.2,Sunny,1.3,108
2024-05-28,12,1,0,5,Cafeteria A,31.2,25.2,48.9,14.2,Sunny,1.3,289
2024-05-28,12,1,0,5,Food Court B,31.2,25.2,48.9,14.2,Sunny,1.3,341
2024-05-28,12,1,0,5,Restaurant C,31.2,25.2,48.9,14.2,Sunny,1.3,158
2024-05-28,12,1,0,5,Canteen D,31.2,25.2,48.9,14.2,Sunny,1.3,239
2024-05-28,13,1,0,5,Cafeteria A,31.2,25.2,48.9,14.2,Sunny,1.3,275
2024-05-28,13,1,0,5,Food Court B,31.2,25.2,48.9,14.2,Sunny,1.3,352
2024-05-28,13,1,0,5,Restaurant C,31.2,25.2,48.9,14.2,Sunny,1.3,165
2024-05-28,13,1,0,5,Canteen D,31.2,25.2,48.9,14.2,Sunny,1.3,214
2024-05-28,14,1,0,5,Cafeteria A,31.2,25.2,48.9,14.2,Sunny,1.3,134
2024-05-28,14,1,0,5,Food Court B,31.2,25.2,48.9,14.2,Sunny,1.3,153
2024-05-28,14,1,0,5,Restaurant C,31.2,25.2,48.9,14.2,Sunny,1.3,79
2024-05-28,14,1,0,5,Canteen D,31.2,25.2,48.9,14.2,Sunny,1.3,116
2024-05-28,15,1,0,5,Cafeteria A,31.2,25.2,48.9,14.2,Sunny,1.3,32
2024-05-28,15,1,0,5,Food Court B,31.2,25.2,48.9,14.2,Sunny,1.3,39
2024-05-28,15,1,0,5,Restaurant C,31.2,25.2,48.9,14.2,Sunny,1.3,21
2024-05-28,15,1,0,5,Canteen D,31.2,25.2,48.9,14.2,Sunny,1.3,28
2024-05-29,9,2,0,5,Cafeteria A,25.7,21.7,54.0,11.6,Sunny,1.3,5
2024-05-29,9,2,0,5,Food Court B,25.7,21.7,54.0,11.6,Sunny,1.3,5
2024-05-29,9,2,0,5,Restaurant C,25.7,21.7,54.0,11.6,Sunny,1.3,2
2024-05-29,9,2,0,5,Canteen D,25.7,21.7,54.0,11.6,Sunny,1.3,3
2024-05-29,10,2,0,5,Cafeteria A,25.7,21.7,54.0,11.6,Sunny,1.3,37
2024-05-29,10,2,0,5,Food Court B,25.7,21.7,54.0,11.6,Sunny,1.3,48
2024-05-29,10,2,0,5,Restaurant C,25.7,21.7,54.0,11.6,Sunny,1.3,24
2024-05-29,10,2,0,5,Canteen D,25.7,21.7,54.0,11.6,Sunny,1.3,28
2024-05-29,11,2,0,5,Cafeteria A,25.7,21.7,54.0,11.6,Sunny,1.3,144
2024-05-29,11,2,0,5,Food Court B,25.7,21.7,54.0,11.6,Sunny,1.3,171
2024-05-29,11,2,0,5,Restaurant C,25.7,21.7,54.0,11.6,Sunny,1.3,94
2024-05-29,11,2,0,5,Canteen D,25.7,21.7,54.0,11.6,Sunny,1.3,107
2024-05-29,12,2,0,5,Cafeteria A,25.7,21.7,54.0,11.6,Sunny,1.3,322
2024-05-29,12,2,0,5,Food Court B,25.7,21.7,54.0,11.6,Sunny,1.3,421
2024-05-29,12,2,0,5,Restaurant C,25.7,21.7,54.0,11.6,Sunny,1.3,216
2024-05-29,12,2,0,5,Canteen D,25.7,21.7,54.0,11.6,Sunny,1.3,258
2024-05-29,13,2,0,5,Cafeteria A,25.7,21.7,54.0,11.6,Sunny,1.3,310
2024-05-29,13,2,0,5,Food Court B,25.7,21.7,54.0,11.6,Sunny,1.3,397
2024-05-29,13,2,0,5,Restaurant C,25.7,21.7,54.0,11.6,Sunny,1.3,184
2024-05-29,13,2,0,5,Canteen D,25.7,21.7,54.0,11.6,Sunny,1.3,245
2024-05-29,14,2,0,5,Cafeteria A,25.7,21.7,54.0,11.6,Sunny,1.3,149
2024-05-29,14,2,0,5,Food Court B,25.7,21.7,54.0,11.6,Sunny,1.3,188
2024-05-29,14,2,0,5,Restaurant C,25.7,21.7,54.0,11.6,Sunny,1.3,103
2024-05-29,14,2,0,5,Canteen D,25.7,21.7,54.0,11.6,Sunny,1.3,112
2024-05-29,15,2,0,5,Cafeteria A,25.7,21.7,54.0,11.6,Sunny,1.3,36
2024-05-29,15,2,0,5,Food Court B,25.7,21.7,54.0,11.6,Sunny,1.3,51
2024-05-29,15,2,0,5,Restaurant C,25.7,21.7,54.0,11.6,Sunny,1.3,21
2024-05-29,15,2,0,5,Canteen D,25.7,21.7,54.0,11.6,Sunny,1.3,29
2024-05-30,9,3,0,5,Cafeteria A,26.0,22.3,65.3,8.1,Sunny,1.3,5
2024-05-30,9,3,0,5,Food Court B,26.0,22.3,65.3,8.1,Sunny,1.3,5
2024-05-30,9,3,0,5,Restaurant C,26.0,22.3,65.3,8.1,Sunny,1.3,3
2024-05-30,9,3,0,5,Canteen D,26.0,22.3,65.3,8.1,Sunny,1.3,3
2024-05-30,10,3,0,5,Cafeteria A,26.0,22.3,65.3,8.1,Sunny,1.3,33
2024-05-30,10,3,0,5,Food Court B,26.0,22.3,65.3,8.1,Sunny,1.3,52
2024-05-30,10,3,0,5,Restaurant C,26.0,22.3,65.3,8.1,Sunny,1.3,23
2024-05-30,10,3,0,5,Canteen D,26.0,22.3,65.3,8.1,Sunny,1.3,30
2024-05-30,11,3,0,5,Cafeteria A,26.0,22.3,65.3,8.1,Sunny,1.3,135
2024-05-30,11,3,0,5,Food Court B,26.0,22.3,65.3,8.1,Sunny,1.3,196
2024-05-30,11,3,0,5,Restaurant C,26.0,22.3,65.3,8.1,Sunny,1.3,106
2024-05-30,11,3,0,5,Canteen D,26.0,22.3,65.3,8.1,Sunny,1.3,120
2024-05-30,12,3,0,5,Cafeteria A,26.0,22.3,65.3,8.1,Sunny,1.3,274
2024-05-30,12,3,0,5,Food Court B,26.0,22.3,65.3,8.1,Sunny,1.3,384
2024-05-30,12,3,0,5,Restaurant C,26.0,22.3,65.3,8.1,Sunny,1.3,206
2024-05-30,12,3,0,5,Canteen D,26.0,22.3,65.3,8.1,Sunny,1.3,231
2024-05-30,13,3,0,5,Cafeteria A,26.0,22.3,65.3,8.1,Sunny,1.3,329
2024-05-30,13,3,0,5,Food Court B,26.0,22.3,65.3,8.1,Sunny,1.3,390
2024-05-30,13,3,0,5,Restaurant C,26.0,22.3,65.3,8.1,Sunny,1.3,212
2024-05-30,13,3,0,5,Canteen D,26.0,22.3,65.3,8.1,Sunny,1.3,244
2024-05-30,14,3,0,5,Cafeteria A,26.0,22.3,65.3,8.1,Sunny,1.3,137
2024-05-30,14,3,0,5,Food Court B,26.0,22.3,65.3,8.1,Sunny,1.3,179
2024-05-30,14,3,0,5,Restaurant C,26.0,22.3,65.3,8.1,Sunny,1.3,89
2024-05-30,14,3,0,5,Canteen D,26.0,22.3,65.3,8.1,Sunny,1.3,129
2024-05-30,15,3,0,5,Cafeteria A,26.0,22.3,65.3,8.1,Sunny,1.3,39
2024-05-30,15,3,0,5,Food Court B,26.0,22.3,65.3,8.1,Sunny,1.3,48
2024-05-30,15,3,0,5,Restaurant C,26.0,22.3,65.3,8.1,Sunny,1.3,22
2024-05-30,15,3,0,5,Canteen D,26.0,22.3,65.3,8.1,Sunny,1.3,27
2024-05-31,9,4,0,5,Cafeteria A,24.9,22.1,73.0,9.8,Sunny,1.3,4
2024-05-31,9,4,0,5,Food Court B,24.9,22.1,73.0,9.8,Sunny,1.3,5
2024-05-31,9,4,0,5,Restaurant C,24.9,22.1,73.0,9.8,Sunny,1.3,2
2024-05-31,9,4,0,5,Canteen D,24.9,22.1,73.0,9.8,Sunny,1.3,4
2024-05-31,10,4,0,5,Cafeteria A,24.9,22.1,73.0,9.8,Sunny,1.3,35
2024-05-31,10,4,0,5,Food Court B,24.9,22.1,73.0,9.8,Sunny,1.3,43
2024-05-31,10,4,0,5,Restaurant C,24.9,22.1,73.0,9.8,Sunny,1.3,22
2024-05-31,10,4,0,5,Canteen D,24.9,22.1,73.0,9.8,Sunny,1.3,32
2024-05-31,11,4,0,5,Cafeteria A,24.9,22.1,73.0,9.8,Sunny,1.3,150
2024-05-31,11,4,0,5,Food Court B,24.9,22.1,73.0,9.8,Sunny,1.3,194
2024-05-31,11,4,0,5,Restaurant C,24.9,22.1,73.0,9.8,Sunny,1.3,87
2024-05-31,11,4,0,5,Canteen D,24.9,22.1,73.0,9.8,Sunny,1.3,107
2024-05-31,12,4,0,5,Cafeteria A,24.9,22.1,73.0,9.8,Sunny,1.3,303
2024-05-31,12,4,0,5,Food Court B,24.9,22.1,73.0,9.8,Sunny,1.3,413
2024-05-31,12,4,0,5,Restaurant C,24.9,22.1,73.0,9.8,Sunny,1.3,215
2024-05-31,12,4,0,5,Canteen D,24.9,22.1,73.0,9.8,Sunny,1.3,217
2024-05-31,13,4,0,5,Cafeteria A,24.9,22.1,73.0,9.8,Sunny,1.3,310
2024-05-31,13,4,0,5,Food Court B,24.9,22.1,73.0,9.8,Sunny,1.3,422
2024-05-31,13,4,0,5,Restaurant C,24.9,22.1,73.0,9.8,Sunny,1.3,192
2024-05-31,13,4,0,5,Canteen D,24.9,22.1,73.0,9.8,Sunny,1.3,260
2024-05-31,14,4,0,5,Cafeteria A,24.9,22.1,73.0,9.8,Sunny,1.3,140
2024-05-31,14,4,0,5,Food Court B,24.9,22.1,73.0,9.8,Sunny,1.3,212
2024-05-31,14,4,0,5,Restaurant C,24.9,22.1,73.0,9.8,Sunny,1.3,104
2024-05-31,14,4,0,5,Canteen D,24.9,22.1,73.0,9.8,Sunny,1.3,133
2024-05-31,15,4,0,5,Cafeteria A,24.9,22.1,73.0,9.8,Sunny,1.3,39
2024-05-31,15,4,0,5,Food Court B,24.9,22.1,73.0,9.8,Sunny,1.3,46
2024-05-31,15,4,0,5,Restaurant C,24.9,22.1,73.0,9.8,Sunny,1.3,27
2024-05-31,15,4,0,5,Canteen D,24.9,22.1,73.0,9.8,Sunny,1.3,28
2024-06-01,9,5,1,6,Cafeteria A,30.7,26.9,47.2,15.2,Cloudy,1.0,1
2024-06-01,9,5,1,6,Food Court B,30.7,26.9,47.2,15.2,Cloudy,1.0,1
2024-06-01,9,5,1,6,Restaurant C,30.7,26.9,47.2,15.2,Cloudy,1.0,0
2024-06-01,9,5,1,6,Canteen D,30.7,26.9,47.2,15.2,Cloudy,1.0,0
2024-06-01,10,5,1,6,Cafeteria A,30.7,26.9,47.2,15.2,Cloudy,1.0,11
2024-06-01,10,5,1,6,Food Court B,30.7,26.9,47.2,15.2,Cloudy,1.0,13
2024-06-01,10,5,1,6,Restaurant C,30.7,26.9,47.2,15.2,Cloudy,1.0,7
2024-06-01,10,5,1,6,Canteen D,30.7,26.9,47.2,15.2,Cloudy,1.0,9
2024-06-01,11,5,1,6,Cafeteria A,30.7,26.9,47.2,15.2,Cloudy,1.0,41
2024-06-01,11,5,1,6,Food Court B,30.7,26.9,47.2,15.2,Cloudy,1.0,56
2024-06-01,11,5,1,6,Restaurant C,30.7,26.9,47.2,15.2,Cloudy,1.0,26
2024-06-01,11,5,1,6,Canteen D,30.7,26.9,47.2,15.2,Cloudy,1.0,36
2024-06-01,12,5,1,6,Cafeteria A,30.7,26.9,47.2,15.2,Cloudy,1.0,78
2024-06-01,12,5,1,6,Food Court B,30.7,26.9,47.2,15.2,Cloudy,1.0,117
2024-06-01,12,5,1,6,Restaurant C,30.7,26.9,47.2,15.2,Cloudy,1.0,51
2024-06-01,12,5,1,6,Canteen D,30.7,26.9,47.2,15.2,Cloudy,1.0,64
2024-06-01,13,5,1,6,Cafeteria A,30.7,26.9,47.2,15.2,Cloudy,1.0,90
2024-06-01,13,5,1,6,Food Court B,30.7,26.9,47.2,15.2,Cloudy,1.0,103
2024-06-01,13,5,1,6,Restaurant C,30.7,26.9,47.2,15.2,Cloudy,1.0,56
2024-06-01,13,5,1,6,Canteen D,30.7,26.9,47.2,15.2,Cloudy,1.0,65
2024-06-01,14,5,1,6,Cafeteria A,30.7,26.9,47.2,15.2,Cloudy,1.0,44
2024-06-01,14,5,1,6,Food Court B,30.7,26.9,47.2,15.2,Cloudy,1.0,49
2024-06-01,14,5,1,6,Restaurant C,30.7,26.9,47.2,15.2,Cloudy,1.0,24
2024-06-01,14,5,1,6,Canteen D,30.7,26.9,47.2,15.2,Cloudy,1.0,31
2024-06-01,15,5,1,6,Cafeteria A,30.7,26.9,47.2,15.2,Cloudy,1.0,10
2024-06-01,15,5,1,6,Food Court B,30.7,26.9,47.2,15.2,Cloudy,1.0,12
2024-06-01,15,5,1,6,Restaurant C,30.7,26.9,47.2,15.2,Cloudy,1.0,6
2024-06-01,15,5,1,6,Canteen D,30.7,26.9,47.2,15.2,Cloudy,1.0,8
2024-06-02,9,6,1,6,Cafeteria A,27.4,22.2,53.0,13.5,Rainy,0.75,1
2024-06-02,9,6,1,6,Food Court B,27.4,22.2,53.0,13.5,Rainy,0.75,1
2024-06-02,9,6,1,6,Restaurant C,27.4,22.2,53.0,13.5,Rainy,0.75,0
2024-06-02,9,6,1,6,Canteen D,27.4,22.2,53.0,13.5,Rainy,0.75,0
2024-06-02,10,6,1,6,Cafeteria A,27.4,22.2,53.0,13.5,Rainy,0.75,8
2024-06-02,10,6,1,6,Food Court B,27.4,22.2,53.0,13.5,Rainy,0.75,9
2024-06-02,10,6,1,6,Restaurant C,27.4,22.2,53.0,13.5,Rainy,0.75,5
2024-06-02,10,6,1,6,Canteen D,27.4,22.2,53.0,13.5,Rainy,0.75,6
2024-06-02,11,6,1,6,Cafeteria A,27.4,22.2,53.0,13.5,Rainy,0.75,30
2024-06-02,11,6,1,6,Food Court B,27.4,22.2,53.0,13.5,Rainy,0.75,41
2024-06-02,11,6,1,6,Restaurant C,27.4,22.2,53.0,13.5,Rainy,0.75,24
2024-06-02,11,6,1,6,Canteen D,27.4,22.2,53.0,13.5,Rainy,0.75,26
2024-06-02,12,6,1,6,Cafeteria A,27.4,22.2,53.0,13.5,Rainy,0.75,67
2024-06-02,12,6,1,6,Food Court B,27.4,22.2,53.0,13.5,Rainy,0.75,93
2024-06-02,12,6,1,6,Restaurant C,27.4,22.2,53.0,13.5,Rainy,0.75,45
2024-06-02,12,6,1,6,Canteen D,27.4,22.2,53.0,13.5,Rainy,0.75,54
2024-06-02,13,6,1,6,Cafeteria A,27.4,22.2,53.0,13.5,Rainy,0.75,72
2024-06-02,13,6,1,6,Food Court B,27.4,22.2,53.0,13.5,Rainy,0.75,92
2024-06-02,13,6,1,6,Restaurant C,27.4,22.2,53.0,13.5,Rainy,0.75,43
2024-06-02,13,6,1,6,Canteen D,27.4,22.2,53.0,13.5,Rainy,0.75,53
2024-06-02,14,6,1,6,Cafeteria A,27.4,22.2,53.0,13.5,Rainy,0.75,33
2024-06-02,14,6,1,6,Food Court B,27.4,22.2,53.0,13.5,Rainy,0.75,47
2024-06-02,14,6,1,6,Restaurant C,27.4,22.2,53.0,13.5,Rainy,0.75,22
2024-06-02,14,6,1,6,Canteen D,27.4,22.2,53.0,13.5,Rainy,0.75,23
2024-06-02,15,6,1,6,Cafeteria A,27.4,22.2,53.0,13.5,Rainy,0.75,9
2024-06-02,15,6,1,6,Food Court B,27.4,22.2,53.0,13.5,Rainy,0.75,10
2024-06-02,15,6,1,6,Restaurant C,27.4,22.2,53.0,13.5,Rainy,0.75,4
2024-06-02,15,6,1,6,Canteen D,27.4,22.2,53.0,13.5,Rainy,0.75,6
2024-06-03,9,0,0,6,Cafeteria A,30.0,27.3,54.3,13.1,Sunny,1.3,3
2024-06-03,9,0,0,6,Food Court B,30.0,27.3,54.3,13.1,Sunny,1.3,6
2024-06-03,9,0,0,6,Restaurant C,30.0,27.3,54.3,13.1,Sunny,1.3,2
2024-06-03,9,0,0,6,Canteen D,30.0,27.3,54.3,13.1,Sunny,1.3,3
2024-06-03,10,0,0,6,Cafeteria A,30.0,27.3,54.3,13.1,Sunny,1.3,34
2024-06-03,10,0,0,6,Food Court B,30.0,27.3,54.3,13.1,Sunny,1.3,47
2024-06-03,10,0,0,6,Restaurant C,30.0,27.3,54.3,13.1,Sunny,1.3,21
2024-06-03,10,0,0,6,Canteen D,30.0,27.3,54.3,13.1,Sunny,1.3,25
2024-06-03,11,0,0,6,Cafeteria A,30.0,27.3,54.3,13.1,Sunny,1.3,127
2024-06-03,11,0,0,6,Food Court B,30.0,27.3,54.3,13.1,Sunny,1.3,166
2024-06-03,11,0,0,6,Restaurant C,30.0,27.3,54.3,13.1,Sunny,1.3,96
2024-06-03,11,0,0,6,Canteen D,30.0,27.3,54.3,13.1,Sunny,1.3,109
2024-06-03,12,0,0,6,Cafeteria A,30.0,27.3,54.3,13.1,Sunny,1.3,262
2024-06-03,12,0,0,6,Food Court B,30.0,27.3,54.3,13.1,Sunny,1.3,322
2024-06-03,12,0,0,6,Restaurant C,30.0,27.3,54.3,13.1,Sunny,1.3,173
2024-06-03,12,0,0,6,Canteen D,30.0,27.3,54.3,13.1,Sunny,1.3,243
2024-06-03,13,0,0,6,Cafeteria A,30.0,27.3,54.3,13.1,Sunny,1.3,269
2024-06-03,13,0,0,6,Food Court B,30.0,27.3,54.3,13.1,Sunny,1.3,391
2024-06-03,13,0,0,6,Restaurant C,30.0,27.3,54.3,13.1,Sunny,1.3,179
2024-06-03,13,0,0,6,Canteen D,30.0,27.3,54.3,13.1,Sunny,1.3,203
2024-06-03,14,0,0,6,Cafeteria A,30.0,27.3,54.3,13.1,Sunny,1.3,153
2024-06-03,14,0,0,6,Food Court B,30.0,27.3,54.3,13.1,Sunny,1.3,173
2024-06-03,14,0,0,6,Restaurant C,30.0,27.3,54.3,13.1,Sunny,1.3,94
2024-06-03,14,0,0,6,Canteen D,30.0,27.3,54.3,13.1,Sunny,1.3,122
2024-06-03,15,0,0,6,Cafeteria A,30.0,27.3,54.3,13.1,Sunny,1.3,31
2024-06-03,15,0,0,6,Food Court B,30.0,27.3,54.3,13.1,Sunny,1.3,39
2024-06-03,15,0,0,6,Restaurant C,30.0,27.3,54.3,13.1,Sunny,1.3,23
2024-06-03,15,0,0,6,Canteen D,30.0,27.3,54.3,13.1,Sunny,1.3,26
2024-06-04,9,1,0,6,Cafeteria A,26.7,23.7,49.8,9.9,Cloudy,1.0,3
2024-06-04,9,1,0,6,Food Court B,26.7,23.7,49.8,9.9,Cloudy,1.0,3
2024-06-04,9,1,0,6,Restaurant C,26.7,23.7,49.8,9.9,Cloudy,1.0,2
2024-06-04,9,1,0,6,Canteen D,26.7,23.7,49.8,9.9,Cloudy,1.0,3
2024-06-04,10,1,0,6,Cafeteria A,26.7,23.7,49.8,9.9,Cloudy,1.0,28
2024-06-04,10,1,0,6,Food Court B,26.7,23.7,49.8,9.9,Cloudy,1.0,35
2024-06-04,10,1,0,6,Restaurant C,26.7,23.7,49.8,9.9,Cloudy,1.0,18
2024-06-04,10,1,0,6,Canteen D,26.7,23.7,49.8,9.9,Cloudy,1.0,21
2024-06-04,11,1,0,6,Cafeteria A,26.7,23.7,49.8,9.9,Cloudy,1.0,125
2024-06-04,11,1,0,6,Food Court B,26.7,23.7,49.8,9.9,Cloudy,1.0,156
2024-06-04,11,1,0,6,Restaurant C,26.7,23.7,49.8,9.9,Cloudy,1.0,70
2024-06-04,11,1,0,6,Canteen D,26.7,23.7,49.8,9.9,Cloudy,1.0,92
2024-06-04,12,1,0,6,Cafeteria A,26.7,23.7,49.8,9.9,Cloudy,1.0,252
2024-06-04,12,1,0,6,Food Court B,26.7,23.7,49.8,9.9,Cloudy,1.0,318
2024-06-04,12,1,0,6,Restaurant C,26.7,23.7,49.8,9.9,Cloudy,1.0,147
2024-06-04,12,1,0,6,Canteen D,26.7,23.7,49.8,9.9,Cloudy,1.0,178
2024-06-04,13,1,0,6,Cafeteria A,26.7,23.7,49.8,9.9,Cloudy,1.0,217
2024-06-04,13,1,0,6,Food Court B,26.7,23.7,49.8,9.9,Cloudy,1.0,318
2024-06-04,13,1,0,6,Restaurant C,26.7,23.7,49.8,9.9,Cloudy,1.0,134
2024-06-04,13,1,0,6,Canteen D,26.7,23.7,49.8,9.9,Cloudy,1.0,183
2024-06-04,14,1,0,6,Cafeteria A,26.7,23.7,49.8,9.9,Cloudy,1.0,108
2024-06-04,14,1,0,6,Food Court B,26.7,23.7,49.8,9.9,Cloudy,1.0,135
2024-06-04,14,1,0,6,Restaurant C,26.7,23.7,49.8,9.9,Cloudy,1.0,71
2024-06-04,14,1,0,6,Canteen D,26.7,23.7,49.8,9.9,Cloudy,1.0,100
2024-06-04,15,1,0,6,Cafeteria A,26.7,23.7,49.8,9.9,Cloudy,1.0,25
2024-06-04,15,1,0,6,Food Court B,26.7,23.7,49.8,9.9,Cloudy,1.0,36
2024-06-04,15,1,0,6,Restaurant C,26.7,23.7,49.8,9.9,Cloudy,1.0,16
2024-06-04,15,1,0,6,Canteen D,26.7,23.7,49.8,9.9,Cloudy,1.0,20
2024-06-05,9,2,0,6,Cafeteria A,28.5,25.5,34.4,9.1,Sunny,1.3,4
2024-06-05,9,2,0,6,Food Court B,28.5,25.5,34.4,9.1,Sunny,1.3,6
2024-06-05,9,2,0,6,Restaurant C,28.5,25.5,34.4,9.1,Sunny,1.3,3
2024-06-05,9,2,0,6,Canteen D,28.5,25.5,34.4,9.1,Sunny,1.3,3
2024-06-05,10,2,0,6,Cafeteria A,28.5,25.5,34.4,9.1,Sunny,1.3,36
2024-06-05,10,2,0,6,Food Court B,28.5,25.5,34.4,9.1,Sunny,1.3,49
2024-06-05,10,2,0,6,Restaurant C,28.5,25.5,34.4,9.1,Sunny,1.3,20
2024-06-05,10,2,0,6,Canteen D,28.5,25.5,34.4,9.1,Sunny,1.3,30
2024-06-05,11,2,0,6,Cafeteria A,28.5,25.5,34.4,9.1,Sunny,1.3,159
2024-06-05,11,2,0,6,Food Court B,28.5,25.5,34.4,9.1,Sunny,1.3,162
2024-06-05,11,2,0,6,Restaurant C,28.5,25.5,34.4,9.1,Sunny,1.3,85
2024-06-05,11,2,0,6,Canteen D,28.5,25.5,34.4,9.1,Sunny,1.3,125
2024-06-05,12,2,0,6,Cafeteria A,28.5,25.5,34.4,9.1,Sunny,1.3,291
2024-06-05,12,2,0,6,Food Court B,28.5,25.5,34.4,9.1,Sunny,1.3,318
2024-06-05,12,2,0,6,Restaurant C,28.5,25.5,34.4,9.1,Sunny,1.3,174
2024-06-05,12,2,0,6,Canteen D,28.5,25.5,34.4,9.1,Sunny,1.3,223
2024-06-05,13,2,0,6,Cafeteria A,28.5,25.5,34.4,9.1,Sunny,1.3,301
2024-06-05,13,2,0,6,Food Court B,28.5,25.5,34.4,9.1,Sunny,1.3,380
2024-06-05,13,2,0,6,Restaurant C,28.5,25.5,34.4,9.1,Sunny,1.3,207
2024-06-05,13,2,0,6,Canteen D,28.5,25.5,34.4,9.1,Sunny,1.3,215
2024-06-05,14,2,0,6,Cafeteria A,28.5,25.5,34.4,9.1,Sunny,1.3,145
2024-06-05,14,2,0,6,Food Court B,28.5,25.5,34.4,9.1,Sunny,1.3,181
2024-06-05,14,2,0,6,Restaurant C,28.5,25.5,34.4,9.1,Sunny,1.3,90
2024-06-05,14,2,0,6,Canteen D,28.5,25.5,34.4,9.1,Sunny,1.3,104
2024-06-05,15,2,0,6,Cafeteria A,28.5,25.5,34.4,9.1,Sunny,1.3,40
2024-06-05,15,2,0,6,Food Court B,28.5,25.5,34.4,9.1,Sunny,1.3,48
2024-06-05,15,2,0,6,Restaurant C,28.5,25.5,34.4,9.1,Sunny,1.3,23
2024-06-05,15,2,0,6,Canteen D,28.5,25.5,34.4,9.1,Sunny,1.3,28
2024-06-06,9,3,0,6,Cafeteria A,27.7,23.7,45.6,13.4,Cloudy,1.0,3
2024-06-06,9,3,0,6,Food Court B,27.7,23.7,45.6,13.4,Cloudy,1.0,4
2024-06-06,9,3,0,6,Restaurant C,27.7,23.7,45.6,13.4,Cloudy,1.0,2
2024-06-06,9,3,0,6,Canteen D,27.7,23.7,45.6,13.4,Cloudy,1.0,2
2024-06-06,10,3,0,6,Cafeteria A,27.7,23.7,45.6,13.4,Cloudy,1.0,27
2024-06-06,10,3,0,6,Food Court B,27.7,23.7,45.6,13.4,Cloudy,1.0,33
2024-06-06,10,3,0,6,Restaurant C,27.7,23.7,45.6,13.4,Cloudy,1.0,17
2024-06-06,10,3,0,6,Canteen D,27.7,23.7,45.6,13.4,Cloudy,1.0,23
2024-06-06,11,3,0,6,Cafeteria A,27.7,23.7,45.6,13.4,Cloudy,1.0,111
2024-06-06,11,3,0,6,Food Court B,27.7,23.7,45.6,13.4,Cloudy,1.0,150
2024-06-06,11,3,0,6,Restaurant C,27.7,23.7,45.6,13.4,Cloudy,1.0,73
2024-06-06,11,3,0,6,Canteen D,27.7,23.7,45.6,13.4,Cloudy,1.0,84
2024-06-06,12,3,0,6,Cafeteria A,27.7,23.7,45.6,13.4,Cloudy,1.0,241
2024-06-06,12,3,0,6,Food Court B,27.7,23.7,45.6,13.4,Cloudy,1.0,263
2024-06-06,12,3,0,6,Restaurant C,27.7,23.7,45.6,13.4,Cloudy,1.0,135
2024-06-06,12,3,0,6,Canteen D,27.7,23.7,45.6,13.4,Cloudy,1.0,176
2024-06-06,13,3,0,6,Cafeteria A,27.7,23.7,45.6,13.4,Cloudy,1.0,212
2024-06-06,13,3,0,6,Food Court B,27.7,23.7,45.6,13.4,Cloudy,1.0,248
2024-06-06,13,3,0,6,Restaurant C,27.7,23.7,45.6,13.4,Cloudy,1.0,149
2024-06-06,13,3,0,6,Canteen D,27.7,23.7,45.6,13.4,Cloudy,1.0,177
2024-06-06,14,3,0,6,Cafeteria A,27.7,23.7,45.6,13.4,Cloudy,1.0,110
2024-06-06,14,3,0,6,Food Court B,27.7,23.7,45.6,13.4,Cloudy,1.0,156
2024-06-06,14,3,0,6,Restaurant C,27.7,23.7,45.6,13.4,Cloudy,1.0,73
2024-06-06,14,3,0,6,Canteen D,27.7,23.7,45.6,13.4,Cloudy,1.0,95
2024-06-06,15,3,0,6,Cafeteria A,27.7,23.7,45.6,13.4,Cloudy,1.0,25
2024-06-06,15,3,0,6,Food Court B,27.7,23.7,45.6,13.4,Cloudy,1.0,35
2024-06-06,15,3,0,6,Restaurant C,27.7,23.7,45.6,13.4,Cloudy,1.0,19
2024-06-06,15,3,0,6,Canteen D,27.7,23.7,45.6,13.4,Cloudy,1.0,22
2024-06-07,9,4,0,6,Cafeteria A,24.5,23.4,71.8,0.7,Sunny,1.3,5
2024-06-07,9,4,0,6,Food Court B,24.5,23.4,71.8,0.7,Sunny,1.3,5
2024-06-07,9,4,0,6,Restaurant C,24.5,23.4,71.8,0.7,Sunny,1.3,3
2024-06-07,9,4,0,6,Canteen D,24.5,23.4,71.8,0.7,Sunny,1.3,4
2024-06-07,10,4,0,6,Cafeteria A,24.5,23.4,71.8,0.7,Sunny,1.3,36
2024-06-07,10,4,0,6,Food Court B,24.5,23.4,71.8,0.7,Sunny,1.3,46
2024-06-07,10,4,0,6,Restaurant C,24.5,23.4,71.8,0.7,Sunny,1.3,27
2024-06-07,10,4,0,6,Canteen D,24.5,23.4,71.8,0.7,Sunny,1.3,33
2024-06-07,11,4,0,6,Cafeteria A,24.5,23.4,71.8,0.7,Sunny,1.3,152
2024-06-07,11,4,0,6,Food Court B,24.5,23.4,71.8,0.7,Sunny,1.3,185
2024-06-07,11,4,0,6,Restaurant C,24.5,23.4,71.8,0.7,Sunny,1.3,100
2024-06-07,11,4,0,6,Canteen D,24.5,23.4,71.8,0.7,Sunny,1.3,127
2024-06-07,12,4,0,6,Cafeteria A,24.5,23.4,71.8,0.7,Sunny,1.3,292
2024-06-07,12,4,0,6,Food Court B,24.5,23.4,71.8,0.7,Sunny,1.3,409
2024-06-07,12,4,0,6,Restaurant C,24.5,23.4,71.8,0.7,Sunny,1.3,177
2024-06-07,12,4,0,6,Canteen D,24.5,23.4,71.8,0.7,Sunny,1.3,217
2024-06-07,13,4,0,6,Cafeteria A,24.5,23.4,71.8,0.7,Sunny,1.3,301
2024-06-07,13,4,0,6,Food Court B,24.5,23.4,71.8,0.7,Sunny,1.3,373
2024-06-07,13,4,0,6,Restaurant C,24.5,23.4,71.8,0.7,Sunny,1.3,190
2024-06-07,13,4,0,6,Canteen D,24.5,23.4,71.8,0.7,Sunny,1.3,242
2024-06-07,14,4,0,6,Cafeteria A,24.5,23.4,71.8,0.7,Sunny,1.3,148
2024-06-07,14,4,0,6,Food Court B,24.5,23.4,71.8,0.7,Sunny,1.3,179
2024-06-07,14,4,0,6,Restaurant C,24.5,23.4,71.8,0.7,Sunny,1.3,94
2024-06-07,14,4,0,6,Canteen D,24.5,23.4,71.8,0.7,Sunny,1.3,135
2024-06-07,15,4,0,6,Cafeteria A,24.5,23.4,71.8,0.7,Sunny,1.3,37
2024-06-07,15,4,0,6,Food Court B,24.5,23.4,71.8,0.7,Sunny,1.3,47
2024-06-07,15,4,0,6,Restaurant C,24.5,23.4,71.8,0.7,Sunny,1.3,25
2024-06-07,15,4,0,6,Canteen D,24.5,23.4,71.8,0.7,Sunny,1.3,33
2024-06-08,9,5,1,6,Cafeteria A,29.3,27.1,47.6,8.1,Cloudy,1.0,1
2024-06-08,9,5,1,6,Food Court B,29.3,27.1,47.6,8.1,Cloudy,1.0,1
2024-06-08,9,5,1,6,Restaurant C,29.3,27.1,47.6,8.1,Cloudy,1.0,0
2024-06-08,9,5,1,6,Canteen D,29.3,27.1,47.6,8.1,Cloudy,1.0,1
2024-06-08,10,5,1,6,Cafeteria A,29.3,27.1,47.6,8.1,Cloudy,1.0,10
2024-06-08,10,5,1,6,Food Court B,29.3,27.1,47.6,8.1,Cloudy,1.0,14
2024-06-08,10,5,1,6,Restaurant C,29.3,27.1,47.6,8.1,Cloudy,1.0,6
2024-06-08,10,5,1,6,Canteen D,29.3,27.1,47.6,8.1,Cloudy,1.0,9
2024-06-08,11,5,1,6,Cafeteria A,29.3,27.1,47.6,8.1,Cloudy,1.0,43
2024-06-08,11,5,1,6,Food Court B,29.3,27.1,47.6,8.1,Cloudy,1.0,50
2024-06-08,11,5,1,6,Restaurant C,29.3,27.1,47.6,8.1,Cloudy,1.0,25
2024-06-08,11,5,1,6,Canteen D,29.3,27.1,47.6,8.1,Cloudy,1.0,37
2024-06-08,12,5,1,6,Cafeteria A,29.3,27.1,47.6,8.1,Cloudy,1.0,78
2024-06-08,12,5,1,6,Food Court B,29.3,27.1,47.6,8.1,Cloudy,1.0,101
2024-06-08,12,5,1,6,Restaurant C,29.3,27.1,47.6,8.1,Cloudy,1.0,54
2024-06-08,12,5,1,6,Canteen D,29.3,27.1,47.6,8.1,Cloudy,1.0,70
2024-06-08,13,5,1,6,Cafeteria A,29.3,27.1,47.6,8.1,Cloudy,1.0,88
2024-06-08,13,5,1,6,Food Court B,29.3,27.1,47.6,8.1,Cloudy,1.0,99
2024-06-08,13,5,1,6,Restaurant C,29.3,27.1,47.6,8.1,Cloudy,1.0,53
2024-06-08,13,5,1,6,Canteen D,29.3,27.1,47.6,8.1,Cloudy,1.0,64
2024-06-08,14,5,1,6,Cafeteria A,29.3,27.1,47.6,8.1,Cloudy,1.0,40
2024-06-08,14,5,1,6,Food Court B,29.3,27.1,47.6,8.1,Cloudy,1.0,53
2024-06-08,14,5,1,6,Restaurant C,29.3,27.1,47.6,8.1,Cloudy,1.0,29
2024-06-08,14,5,1,6,Canteen D,29.3,27.1,47.6,8.1,Cloudy,1.0,31
2024-06-08,15,5,1,6,Cafeteria A,29.3,27.1,47.6,8.1,Cloudy,1.0,10
2024-06-08,15,5,1,6,Food Court B,29.3,27.1,47.6,8.1,Cloudy,1.0,13
2024-06-08,15,5,1,6,Restaurant C,29.3,27.1,47.6,8.1,Cloudy,1.0,7
2024-06-08,15,5,1,6,Canteen D,29.3,27.1,47.6,8.1,Cloudy,1.0,9
2024-06-09,9,6,1,6,Cafeteria A,25.1,22.3,65.8,6.3,Sunny,1.3,1
2024-06-09,9,6,1,6,Food Court B,25.1,22.3,65.8,6.3,Sunny,1.3,2
2024-06-09,9,6,1,6,Restaurant C,25.1,22.3,65.8,6.3,Sunny,1.3,1
2024-06-09,9,6,1,6,Canteen D,25.1,22.3,65.8,6.3,Sunny,1.3,1
2024-06-09,10,6,1,6,Cafeteria A,25.1,22.3,65.8,6.3,Sunny,1.3,14
2024-06-09,10,6,1,6,Food Court B,25.1,22.3,65.8,6.3,Sunny,1.3,19
2024-06-09,10,6,1,6,Restaurant C,25.1,22.3,65.8,6.3,Sunny,1.3,9
2024-06-09,10,6,1,6,Canteen D,25.1,22.3,65.8,6.3,Sunny,1.3,10
2024-06-09,11,6,1,6,Cafeteria A,25.1,22.3,65.8,6.3,Sunny,1.3,64
2024-06-09,11,6,1,6,Food Court B,25.1,22.3,65.8,6.3,Sunny,1.3,67
2024-06-09,11,6,1,6,Restaurant C,25.1,22.3,65.8,6.3,Sunny,1.3,38
2024-06-09,11,6,1,6,Canteen D,25.1,22.3,65.8,6.3,Sunny,1.3,46
2024-06-09,12,6,1,6,Cafeteria A,25.1,22.3,65.8,6.3,Sunny,1.3,128
2024-06-09,12,6,1,6,Food Court B,25.1,22.3,65.8,6.3,Sunny,1.3,163
2024-06-09,12,6,1,6,Restaurant C,25.1,22.3,65.8,6.3,Sunny,1.3,75
2024-06-09,12,6,1,6,Canteen D,25.1,22.3,65.8,6.3,Sunny,1.3,103
2024-06-09,13,6,1,6,Cafeteria A,25.1,22.3,65.8,6.3,Sunny,1.3,116
2024-06-09,13,6,1,6,Food Court B,25.1,22.3,65.8,6.3,Sunny,1.3,151
2024-06-09,13,6,1,6,Restaurant C,25.1,22.3,65.8,6.3,Sunny,1.3,83
2024-06-09,13,6,1,6,Canteen D,25.1,22.3,65.8,6.3,Sunny,1.3,100
2024-06-09,14,6,1,6,Cafeteria A,25.1,22.3,65.8,6.3,Sunny,1.3,68
2024-06-09,14,6,1,6,Food Court B,25.1,22.3,65.8,6.3,Sunny,1.3,71
2024-06-09,14,6,1,6,Restaurant C,25.1,22.3,65.8,6.3,Sunny,1.3,40
2024-06-09,14,6,1,6,Canteen D,25.1,22.3,65.8,6.3,Sunny,1.3,49
2024-06-09,15,6,1,6,Cafeteria A,25.1,22.3,65.8,6.3,Sunny,1.3,16
2024-06-09,15,6,1,6,Food Court B,25.1,22.3,65.8,6.3,Sunny,1.3,17
2024-06-09,15,6,1,6,Restaurant C,25.1,22.3,65.8,6.3,Sunny,1.3,10
2024-06-09,15,6,1,6,Canteen D,25.1,22.3,65.8,6.3,Sunny,1.3,12
2024-06-10,9,0,0,6,Cafeteria A,26.4,21.6,44.7,16.7,Sunny,1.3,4
2024-06-10,9,0,0,6,Food Court B,26.4,21.6,44.7,16.7,Sunny,1.3,5
2024-06-10,9,0,0,6,Restaurant C,26.4,21.6,44.7,16.7,Sunny,1.3,2
2024-06-10,9,0,0,6,Canteen D,26.4,21.6,44.7,16.7,Sunny,1.3,3
2024-06-10,10,0,0,6,Cafeteria A,26.4,21.6,44.7,16.7,Sunny,1.3,34
2024-06-10,10,0,0,6,Food Court B,26.4,21.6,44.7,16.7,Sunny,1.3,46
2024-06-10,10,0,0,6,Restaurant C,26.4,21.6,44.7,16.7,Sunny,1.3,22
2024-06-10,10,0,0,6,Canteen D,26.4,21.6,44.7,16.7,Sunny,1.3,27
2024-06-10,11,0,0,6,Cafeteria A,26.4,21.6,44.7,16.7,Sunny,1.3,149
2024-06-10,11,0,0,6,Food Court B,26.4,21.6,44.7,16.7,Sunny,1.3,179
2024-06-10,11,0,0,6,Restaurant C,26.4,21.6,44.7,16.7,Sunny,1.3,90
2024-06-10,11,0,0,6,Canteen D,26.4,21.6,44.7,16.7,Sunny,1.3,116
2024-06-10,12,0,0,6,Cafeteria A,26.4,21.6,44.7,16.7,Sunny,1.3,273
2024-06-10,12,0,0,6,Food Court B,26.4,21.6,44.7,16.7,Sunny,1.3,412
2024-06-10,12,0,0,6,Restaurant C,26.4,21.6,44.7,16.7,Sunny,1.3,209
2024-06-10,12,0,0,6,Canteen D,26.4,21.6,44.7,16.7,Sunny,1.3,247
2024-06-10,13,0,0,6,Cafeteria A,26.4,21.6,44.7,16.7,Sunny,1.3,271
2024-06-10,13,0,0,6,Food Court B,26.4,21.6,44.7,16.7,Sunny,1.3,399
2024-06-10,13,0,0,6,Restaurant C,26.4,21.6,44.7,16.7,Sunny,1.3,206
2024-06-10,13,0,0,6,Canteen D,26.4,21.6,44.7,16.7,Sunny,1.3,250
2024-06-10,14,0,0,6,Cafeteria A,26.4,21.6,44.7,16.7,Sunny,1.3,135
2024-06-10,14,0,0,6,Food Court B,26.4,21.6,44.7,16.7,Sunny,1.3,193
2024-06-10,14,0,0,6,Restaurant C,26.4,21.6,44.7,16.7,Sunny,1.3,103
2024-06-10,14,0,0,6,Canteen D,26.4,21.6,44.7,16.7,Sunny,1.3,119
2024-06-10,15,0,0,6,Cafeteria A,26.4,21.6,44.7,16.7,Sunny,1.3,38
2024-06-10,15,0,0,6,Food Court B,26.4,21.6,44.7,16.7,Sunny,1.3,46
2024-06-10,15,0,0,6,Restaurant C,26.4,21.6,44.7,16.7,Sunny,1.3,24
2024-06-10,15,0,0,6,Canteen D,26.4,21.6,44.7,16.7,Sunny,1.3,26
2024-06-11,9,1,0,6,Cafeteria A,25.0,19.0,61.8,14.0,Cloudy,1.0,3
2024-06-11,9,1,0,6,Food Court B,25.0,19.0,61.8,14.0,Cloudy,1.0,4
2024-06-11,9,1,0,6,Restaurant C,25.0,19.0,61.8,14.0,Cloudy,1.0,2
2024-06-11,9,1,0,6,Canteen D,25.0,19.0,61.8,14.0,Cloudy,1.0,2
2024-06-11,10,1,0,6,Cafeteria A,25.0,19.0,61.8,14.0,Cloudy,1.0,26
2024-06-11,10,1,0,6,Food Court B,25.0,19.0,61.8,14.0,Cloudy,1.0,33
2024-06-11,10,1,0,6,Restaurant C,25.0,19.0,61.8,14.0,Cloudy,1.0,20
2024-06-11,10,1,0,6,Canteen D,25.0,19.0,61.8,14.0,Cloudy,1.0,23
2024-06-11,11,1,0,6,Cafeteria A,25.0,19.0,61.8,14.0,Cloudy,1.0,117
2024-06-11,11,1,0,6,Food Court B,25.0,19.0,61.8,14.0,Cloudy,1.0,133
2024-06-11,11,1,0,6,Restaurant C,25.0,19.0,61.8,14.0,Cloudy,1.0,78
2024-06-11,11,1,0,6,Canteen D,25.0,19.0,61.8,14.0,Cloudy,1.0,100
2024-06-11,12,1,0,6,Cafeteria A,25.0,19.0,61.8,14.0,Cloudy,1.0,254
2024-06-11,12,1,0,6,Food Court B,25.0,19.0,61.8,14.0,Cloudy,1.0,304
2024-06-11,12,1,0,6,Restaurant C,25.0,19.0,61.8,14.0,Cloudy,1.0,136
2024-06-11,12,1,0,6,Canteen D,25.0,19.0,61.8,14.0,Cloudy,1.0,168
2024-06-11,13,1,0,6,Cafeteria A,25.0,19.0,61.8,14.0,Cloudy,1.0,210
2024-06-11,13,1,0,6,Food Court B,25.0,19.0,61.8,14.0,Cloudy,1.0,278
2024-06-11,13,1,0,6,Restaurant C,25.0,19.0,61.8,14.0,Cloudy,1.0,138
2024-06-11,13,1,0,6,Canteen D,25.0,19.0,61.8,14.0,Cloudy,1.0,174
2024-06-11,14,1,0,6,Cafeteria A,25.0,19.0,61.8,14.0,Cloudy,1.0,114
2024-06-11,14,1,0,6,Food Court B,25.0,19.0,61.8,14.0,Cloudy,1.0,163
2024-06-11,14,1,0,6,Restaurant C,25.0,19.0,61.8,14.0,Cloudy,1.0,77
2024-06-11,14,1,0,6,Canteen D,25.0,19.0,61.8,14.0,Cloudy,1.0,100
2024-06-11,15,1,0,6,Cafeteria A,25.0,19.0,61.8,14.0,Cloudy,1.0,30
2024-06-11,15,1,0,6,Food Court B,25.0,19.0,61.8,14.0,Cloudy,1.0,33
2024-06-11,15,1,0,6,Restaurant C,25.0,19.0,61.8,14.0,Cloudy,1.0,19
2024-06-11,15,1,0,6,Canteen D,25.0,19.0,61.8,14.0,Cloudy,1.0,21
2024-06-12,9,2,0,6,Cafeteria A,22.8,19.6,71.5,7.5,Snowy,0.6,2
2024-06-12,9,2,0,6,Food Court B,22.8,19.6,71.5,7.5,Snowy,0.6,2
2024-06-12,9,2,0,6,Restaurant C,22.8,19.6,71.5,7.5,Snowy,0.6,1
2024-06-12,9,2,0,6,Canteen D,22.8,19.6,71.5,7.5,Snowy,0.6,1
2024-06-12,10,2,0,6,Cafeteria A,22.8,19.6,71.5,7.5,Snowy,0.6,19
2024-06-12,10,2,0,6,Food Court B,22.8,19.6,71.5,7.5,Snowy,0.6,25
2024-06-12,10,2,0,6,Restaurant C,22.8,19.6,71.5,7.5,Snowy,0.6,13
2024-06-12,10,2,0,6,Canteen D,22.8,19.6,71.5,7.5,Snowy,0.6,12
2024-06-12,11,2,0,6,Cafeteria A,22.8,19.6,71.5,7.5,Snowy,0.6,79
2024-06-12,11,2,0,6,Food Court B,22.8,19.6,71.5,7.5,Snowy,0.6,95
2024-06-12,11,2,0,6,Restaurant C,22.8,19.6,71.5,7.5,Snowy,0.6,48
2024-06-12,11,2,0,6,Canteen D,22.8,19.6,71.5,7.5,Snowy,0.6,52
2024-06-12,12,2,0,6,Cafeteria A,22.8,19.6,71.5,7.5,Snowy,0.6,152
2024-06-12,12,2,0,6,Food Court B,22.8,19.6,71.5,7.5,Snowy,0.6,205
2024-06-12,12,2,0,6,Restaurant C,22.8,19.6,71.5,7.5,Snowy,0.6,103
2024-06-12,12,2,0,6,Canteen D,22.8,19.6,71.5,7.5,Snowy,0.6,113
2024-06-12,13,2,0,6,Cafeteria A,22.8,19.6,71.5,7.5,Snowy,0.6,130
2024-06-12,13,2,0,6,Food Court B,22.8,19.6,71.5,7.5,Snowy,0.6,177
2024-06-12,13,2,0,6,Restaurant C,22.8,19.6,71.5,7.5,Snowy,0.6,101
2024-06-12,13,2,0,6,Canteen D,22.8,19.6,71.5,7.5,Snowy,0.6,121
2024-06-12,14,2,0,6,Cafeteria A,22.8,19.6,71.5,7.5,Snowy,0.6,72
2024-06-12,14,2,0,6,Food Court B,22.8,19.6,71.5,7.5,Snowy,0.6,82
2024-06-12,14,2,0,6,Restaurant C,22.8,19.6,71.5,7.5,Snowy,0.6,46
2024-06-12,14,2,0,6,Canteen D,22.8,19.6,71.5,7.5,Snowy,0.6,57
2024-06-12,15,2,0,6,Cafeteria A,22.8,19.6,71.5,7.5,Snowy,0.6,20
2024-06-12,15,2,0,6,Food Court B,22.8,19.6,71.5,7.5,Snowy,0.6,23
2024-06-12,15,2,0,6,Restaurant C,22.8,19.6,71.5,7.5,Snowy,0.6,11
2024-06-12,15,2,0,6,Canteen D,22.8,19.6,71.5,7.5,Snowy,0.6,14
2024-06-13,9,3,0,6,Cafeteria A,25.9,21.9,41.5,17.6,Sunny,1.3,4
2024-06-13,9,3,0,6,Food Court B,25.9,21.9,41.5,17.6,Sunny,1.3,5
2024-06-13,9,3,0,6,Restaurant C,25.9,21.9,41.5,17.6,Sunny,1.3,2
2024-06-13,9,3,0,6,Canteen D,25.9,21.9,41.5,17.6,Sunny,1.3,3
2024-06-13,10,3,0,6,Cafeteria A,25.9,21.9,41.5,17.6,Sunny,1.3,39
2024-06-13,10,3,0,6,Food Court B,25.9,21.9,41.5,17.6,Sunny,1.3,41
2024-06-13,10,3,0,6,Restaurant C,25.9,21.9,41.5,17.6,Sunny,1.3,24
2024-06-13,10,3,0,6,Canteen D,25.9,21.9,41.5,17.6,Sunny,1.3,32
2024-06-13,11,3,0,6,Cafeteria A,25.9,21.9,41.5,17.6,Sunny,1.3,164
2024-06-13,11,3,0,6,Food Court B,25.9,21.9,41.5,17.6,Sunny,1.3,186
2024-06-13,11,3,0,6,Restaurant C,25.9,21.9,41.5,17.6,Sunny,1.3,95
2024-06-13,11,3,0,6,Canteen D,25.9,21.9,41.5,17.6,Sunny,1.3,106
2024-06-13,12,3,0,6,Cafeteria A,25.9,21.9,41.5,17.6,Sunny,1.3,314
2024-06-13,12,3,0,6,Food Court B,25.9,21.9,41.5,17.6,Sunny,1.3,406
2024-06-13,12,3,0,6,Restaurant C,25.9,21.9,41.5,17.6,Sunny,1.3,182
2024-06-13,12,3,0,6,Canteen D,25.9,21.9,41.5,17.6,Sunny,1.3,232
2024-06-13,13,3,0,6,Cafeteria A,25.9,21.9,41.5,17.6,Sunny,1.3,326
2024-06-13,13,3,0,6,Food Court B,25.9,21.9,41.5,17.6,Sunny,1.3,411
2024-06-13,13,3,0,6,Restaurant C,25.9,21.9,41.5,17.6,Sunny,1.3,182
2024-06-13,13,3,0,6,Canteen D,25.9,21.9,41.5,17.6,Sunny,1.3,240
2024-06-13,14,3,0,6,Cafeteria A,25.9,21.9,41.5,17.6,Sunny,1.3,139
2024-06-13,14,3,0,6,Food Court B,25.9,21.9,41.5,17.6,Sunny,1.3,170
2024-06-13,14,3,0,6,Restaurant C,25.9,21.9,41.5,17.6,Sunny,1.3,106
2024-06-13,14,3,0,6,Canteen D,25.9,21.9,41.5,17.6,Sunny,1.3,127
2024-06-13,15,3,0,6,Cafeteria A,25.9,21.9,41.5,17.6,Sunny,1.3,39
2024-06-13,15,3,0,6,Food Court B,25.9,21.9,41.5,17.6,Sunny,1.3,41
2024-06-13,15,3,0,6,Restaurant C,25.9,21.9,41.5,17.6,Sunny,1.3,26
2024-06-13,15,3,0,6,Canteen D,25.9,21.9,41.5,17.6,Sunny,1.3,29
2024-06-14,9,4,0,6,Cafeteria A,28.8,26.0,40.8,14.4,Sunny,1.3,4
2024-06-14,9,4,0,6,Food Court B,28.8,26.0,40.8,14.4,Sunny,1.3,5
2024-06-14,9,4,0,6,Restaurant C,28.8,26.0,40.8,14.4,Sunny,1.3,2
2024-06-14,9,4,0,6,Canteen D,28.8,26.0,40.8,14.4,Sunny,1.3,3
2024-06-14,10,4,0,6,Cafeteria A,28.8,26.0,40.8,14.4,Sunny,1.3,36
2024-06-14,10,4,0,6,Food Court B,28.8,26.0,40.8,14.4,Sunny,1.3,48
2024-06-14,10,4,0,6,Restaurant C,28.8,26.0,40.8,14.4,Sunny,1.3,20
2024-06-14,10,4,0,6,Canteen D,28.8,26.0,40.8,14.4,Sunny,1.3,25
2024-06-14,11,4,0,6,Cafeteria A,28.8,26.0,40.8,14.4,Sunny,1.3,145
2024-06-14,11,4,0,6,Food Court B,28.8,26.0,40.8,14.4,Sunny,1.3,192
2024-06-14,11,4,0,6,Restaurant C,28.8,26.0,40.8,14.4,Sunny,1.3,88
2024-06-14,11,4,0,6,Canteen D,28.8,26.0,40.8,14.4,Sunny,1.3,108
2024-06-14,12,4,0,6,Cafeteria A,28.8,26.0,40.8,14.4,Sunny,1.3,293
2024-06-14,12,4,0,6,Food Court B,28.8,26.0,40.8,14.4,Sunny,1.3,339
2024-06-14,12,4,0,6,Restaurant C,28.8,26.0,40.8,14.4,Sunny,1.3,163
2024-06-14,12,4,0,6,Canteen D,28.8,26.0,40.8,14.4,Sunny,1.3,238
2024-06-14,13,4,0,6,Cafeteria A,28.8,26.0,40.8,14.4,Sunny,1.3,295
2024-06-14,13,4,0,6,Food Court B,28.8,26.0,40.8,14.4,Sunny,1.3,365
2024-06-14,13,4,0,6,Restaurant C,28.8,26.0,40.8,14.4,Sunny,1.3,195
2024-06-14,13,4,0,6,Canteen D,28.8,26.0,40.8,14.4,Sunny,1.3,234
2024-06-14,14,4,0,6,Cafeteria A,28.8,26.0,40.8,14.4,Sunny,1.3,133
2024-06-14,14,4,0,6,Food Court B,28.8,26.0,40.8,14.4,Sunny,1.3,172
2024-06-14,14,4,0,6,Restaurant C,28.8,26.0,40.8,14.4,Sunny,1.3,83
2024-06-14,14,4,0,6,Canteen D,28.8,26.0,40.8,14.4,Sunny,1.3,102
2024-06-14,15,4,0,6,Cafeteria A,28.8,26.0,40.8,14.4,Sunny,1.3,37
2024-06-14,15,4,0,6,Food Court B,28.8,26.0,40.8,14.4,Sunny,1.3,48
2024-06-14,15,4,0,6,Restaurant C,28.8,26.0,40.8,14.4,Sunny,1.3,25
2024-06-14,15,4,0,6,Canteen D,28.8,26.0,40.8,14.4,Sunny,1.3,28
2024-06-15,9,5,1,6,Cafeteria A,28.0,24.3,67.9,15.5,Cloudy,1.0,1
2024-06-15,9,5,1,6,Food Court B,28.0,24.3,67.9,15.5,Cloudy,1.0,1
2024-06-15,9,5,1,6,Restaurant C,28.0,24.3,67.9,15.5,Cloudy,1.0,0
2024-06-15,9,5,1,6,Canteen D,28.0,24.3,67.9,15.5,Cloudy,1.0,1
2024-06-15,10,5,1,6,Cafeteria A,28.0,24.3,67.9,15.5,Cloudy,1.0,10
2024-06-15,10,5,1,6,Food Court B,28.0,24.3,67.9,15.5,Cloudy,1.0,14
2024-06-15,10,5,1,6,Restaurant C,28.0,24.3,67.9,15.5,Cloudy,1.0,6
2024-06-15,10,5,1,6,Canteen D,28.0,24.3,67.9,15.5,Cloudy,1.0,9
2024-06-15,11,5,1,6,Cafeteria A,28.0,24.3,67.9,15.5,Cloudy,1.0,39
2024-06-15,11,5,1,6,Food Court B,28.0,24.3,67.9,15.5,Cloudy,1.0,56
2024-06-15,11,5,1,6,Restaurant C,28.0,24.3,67.9,15.5,Cloudy,1.0,26
2024-06-15,11,5,1,6,Canteen D,28.0,24.3,67.9,15.5,Cloudy,1.0,36
2024-06-15,12,5,1,6,Cafeteria A,28.0,24.3,67.9,15.5,Cloudy,1.0,82
2024-06-15,12,5,1,6,Food Court B,28.0,24.3,67.9,15.5,Cloudy,1.0,104
2024-06-15,12,5,1,6,Restaurant C,28.0,24.3,67.9,15.5,Cloudy,1.0,57
2024-06-15,12,5,1,6,Canteen D,28.0,24.3,67.9,15.5,Cloudy,1.0,77
2024-06-15,13,5,1,6,Cafeteria A,28.0,24.3,67.9,15.5,Cloudy,1.0,83
2024-06-15,13,5,1,6,Food Court B,28.0,24.3,67.9,15.5,Cloudy,1.0,102
2024-06-15,13,5,1,6,Restaurant C,28.0,24.3,67.9,15.5,Cloudy,1.0,61
2024-06-15,13,5,1,6,Canteen D,28.0,24.3,67.9,15.5,Cloudy,1.0,70
2024-06-15,14,5,1,6,Cafeteria A,28.0,24.3,67.9,15.5,Cloudy,1.0,49
2024-06-15,14,5,1,6,Food Court B,28.0,24.3,67.9,15.5,Cloudy,1.0,51
2024-06-15,14,5,1,6,Restaurant C,28.0,24.3,67.9,15.5,Cloudy,1.0,29
2024-06-15,14,5,1,6,Canteen D,28.0,24.3,67.9,15.5,Cloudy,1.0,32
2024-06-15,15,5,1,6,Cafeteria A,28.0,24.3,67.9,15.5,Cloudy,1.0,10
2024-06-15,15,5,1,6,Food Court B,28.0,24.3,67.9,15.5,Cloudy,1.0,14
2024-06-15,15,5,1,6,Restaurant C,28.0,24.3,67.9,15.5,Cloudy,1.0,7
2024-06-15,15,5,1,6,Canteen D,28.0,24.3,67.9,15.5,Cloudy,1.0,9
2024-06-16,9,6,1,6,Cafeteria A,25.5,22.0,44.7,7.2,Sunny,1.3,1
2024-06-16,9,6,1,6,Food Court B,25.5,22.0,44.7,7.2,Sunny,1.3,2
2024-06-16,9,6,1,6,Restaurant C,25.5,22.0,44.7,7.2,Sunny,1.3,1
2024-06-16,9,6,1,6,Canteen D,25.5,22.0,44.7,7.2,Sunny,1.3,1
2024-06-16,10,6,1,6,Cafeteria A,25.5,22.0,44.7,7.2,Sunny,1.3,16
2024-06-16,10,6,1,6,Food Court B,25.5,22.0,44.7,7.2,Sunny,1.3,17
2024-06-16,10,6,1,6,Restaurant C,25.5,22.0,44.7,7.2,Sunny,1.3,10
2024-06-16,10,6,1,6,Canteen D,25.5,22.0,44.7,7.2,Sunny,1.3,13
2024-06-16,11,6,1,6,Cafeteria A,25.5,22.0,44.7,7.2,Sunny,1.3,55
2024-06-16,11,6,1,6,Food Court B,25.5,22.0,44.7,7.2,Sunny,1.3,84
2024-06-16,11,6,1,6,Restaurant C,25.5,22.0,44.7,7.2,Sunny,1.3,38
2024-06-16,11,6,1,6,Canteen D,25.5,22.0,44.7,7.2,Sunny,1.3,52
2024-06-16,12,6,1,6,Cafeteria A,25.5,22.0,44.7,7.2,Sunny,1.3,126
2024-06-16,12,6,1,6,Food Court B,25.5,22.0,44.7,7.2,Sunny,1.3,144
2024-06-16,12,6,1,6,Restaurant C,25.5,22.0,44.7,7.2,Sunny,1.3,72
2024-06-16,12,6,1,6,Canteen D,25.5,22.0,44.7,7.2,Sunny,1.3,91
2024-06-16,13,6,1,6,Cafeteria A,25.5,22.0,44.7,7.2,Sunny,1.3,109
2024-06-16,13,6,1,6,Food Court B,25.5,22.0,44.7,7.2,Sunny,1.3,139
2024-06-16,13,6,1,6,Restaurant C,25.5,22.0,44.7,7.2,Sunny,1.3,70
2024-06-16,13,6,1,6,Canteen D,25.5,22.0,44.7,7.2,Sunny,1.3,93
2024-06-16,14,6,1,6,Cafeteria A,25.5,22.0,44.7,7.2,Sunny,1.3,65
2024-06-16,14,6,1,6,Food Court B,25.5,22.0,44.7,7.2,Sunny,1.3,69
2024-06-16,14,6,1,6,Restaurant C,25.5,22.0,44.7,7.2,Sunny,1.3,35
2024-06-16,14,6,1,6,Canteen D,25.5,22.0,44.7,7.2,Sunny,1.3,49
2024-06-16,15,6,1,6,Cafeteria A,25.5,22.0,44.7,7.2,Sunny,1.3,14
2024-06-16,15,6,1,6,Food Court B,25.5,22.0,44.7,7.2,Sunny,1.3,17
2024-06-16,15,6,1,6,Restaurant C,25.5,22.0,44.7,7.2,Sunny,1.3,8
2024-06-16,15,6,1,6,Canteen D,25.5,22.0,44.7,7.2,Sunny,1.3,13
2024-06-17,9,0,0,6,Cafeteria A,25.5,19.4,68.2,21.9,Cloudy,1.0,3
2024-06-17,9,0,0,6,Food Court B,25.5,19.4,68.2,21.9,Cloudy,1.0,4
2024-06-17,9,0,0,6,Restaurant C,25.5,19.4,68.2,21.9,Cloudy,1.0,2
2024-06-17,9,0,0,6,Canteen D,25.5,19.4,68.2,21.9,Cloudy,1.0,2
2024-06-17,10,0,0,6,Cafeteria A,25.5,19.4,68.2,21.9,Cloudy,1.0,28
2024-06-17,10,0,0,6,Food Court B,25.5,19.4,68.2,21.9,Cloudy,1.0,39
2024-06-17,10,0,0,6,Restaurant C,25.5,19.4,68.2,21.9,Cloudy,1.0,19
2024-06-17,10,0,0,6,Canteen D,25.5,19.4,68.2,21.9,Cloudy,1.0,24
2024-06-17,11,0,0,6,Cafeteria A,25.5,19.4,68.2,21.9,Cloudy,1.0,130
2024-06-17,11,0,0,6,Food Court B,25.5,19.4,68.2,21.9,Cloudy,1.0,134
2024-06-17,11,0,0,6,Restaurant C,25.5,19.4,68.2,21.9,Cloudy,1.0,78
2024-06-17,11,0,0,6,Canteen D,25.5,19.4,68.2,21.9,Cloudy,1.0,95
2024-06-17,12,0,0,6,Cafeteria A,25.5,19.4,68.2,21.9,Cloudy,1.0,260
2024-06-17,12,0,0,6,Food Court B,25.5,19.4,68.2,21.9,Cloudy,1.0,326
2024-06-17,12,0,0,6,Restaurant C,25.5,19.4,68.2,21.9,Cloudy,1.0,157
2024-06-17,12,0,0,6,Canteen D,25.5,19.4,68.2,21.9,Cloudy,1.0,172
2024-06-17,13,0,0,6,Cafeteria A,25.5,19.4,68.2,21.9,Cloudy,1.0,250
2024-06-17,13,0,0,6,Food Court B,25.5,19.4,68.2,21.9,Cloudy,1.0,264
2024-06-17,13,0,0,6,Restaurant C,25.5,19.4,68.2,21.9,Cloudy,1.0,160
2024-06-17,13,0,0,6,Canteen D,25.5,19.4,68.2,21.9,Cloudy,1.0,201
2024-06-17,14,0,0,6,Cafeteria A,25.5,19.4,68.2,21.9,Cloudy,1.0,113
2024-06-17,14,0,0,6,Food Court B,25.5,19.4,68.2,21.9,Cloudy,1.0,150
2024-06-17,14,0,0,6,Restaurant C,25.5,19.4,68.2,21.9,Cloudy,1.0,73
2024-06-17,14,0,0,6,Canteen D,25.5,19.4,68.2,21.9,Cloudy,1.0,90
2024-06-17,15,0,0,6,Cafeteria A,25.5,19.4,68.2,21.9,Cloudy,1.0,27
2024-06-17,15,0,0,6,Food Court B,25.5,19.4,68.2,21.9,Cloudy,1.0,38
2024-06-17,15,0,0,6,Restaurant C,25.5,19.4,68.2,21.9,Cloudy,1.0,20
2024-06-17,15,0,0,6,Canteen D,25.5,19.4,68.2,21.9,Cloudy,1.0,25
2024-06-18,9,1,0,6,Cafeteria A,27.4,23.9,57.2,11.5,Cloudy,1.0,3
2024-06-18,9,1,0,6,Food Court B,27.4,23.9,57.2,11.5,Cloudy,1.0,4
2024-06-18,9,1,0,6,Restaurant C,27.4,23.9,57.2,11.5,Cloudy,1.0,2
2024-06-18,9,1,0,6,Canteen D,27.4,23.9,57.2,11.5,Cloudy,1.0,2
2024-06-18,10,1,0,6,Cafeteria A,27.4,23.9,57.2,11.5,Cloudy,1.0,26
2024-06-18,10,1,0,6,Food Court B,27.4,23.9,57.2,11.5,Cloudy,1.0,37
2024-06-18,10,1,0,6,Restaurant C,27.4,23.9,57.2,11.5,Cloudy,1.0,16
2024-06-18,10,1,0,6,Canteen D,27.4,23.9,57.2,11.5,Cloudy,1.0,21
2024-06-18,11,1,0,6,Cafeteria A,27.4,23.9,57.2,11.5,Cloudy,1.0,116
2024-06-18,11,1,0,6,Food Court B,27.4,23.9,57.2,11.5,Cloudy,1.0,129
2024-06-18,11,1,0,6,Restaurant C,27.4,23.9,57.2,11.5,Cloudy,1.0,78
2024-06-18,11,1,0,6,Canteen D,27.4,23.9,57.2,11.5,Cloudy,1.0,83
2024-06-18,12,1,0,6,Cafeteria A,27.4,23.9,57.2,11.5,Cloudy,1.0,234
2024-06-18,12,1,0,6,Food Court B,27.4,23.9,57.2,11.5,Cloudy,1.0,276
2024-06-18,12,1,0,6,Restaurant C,27.4,23.9,57.2,11.5,Cloudy,1.0,148
2024-06-18,12,1,0,6,Canteen D,27.4,23.9,57.2,11.5,Cloudy,1.0,161
2024-06-18,13,1,0,6,Cafeteria A,27.4,23.9,57.2,11.5,Cloudy,1.0,200
2024-06-18,13,1,0,6,Food Court B,27.4,23.9,57.2,11.5,Cloudy,1.0,310
2024-06-18,13,1,0,6,Restaurant C,27.4,23.9,57.2,11.5,Cloudy,1.0,137
2024-06-18,13,1,0,6,Canteen D,27.4,23.9,57.2,11.5,Cloudy,1.0,191
2024-06-18,14,1,0,6,Cafeteria A,27.4,23.9,57.2,11.5,Cloudy,1.0,126
2024-06-18,14,1,0,6,Food Court B,27.4,23.9,57.2,11.5,Cloudy,1.0,131
2024-06-18,14,1,0,6,Restaurant C,27.4,23.9,57.2,11.5,Cloudy,1.0,68
2024-06-18,14,1,0,6,Canteen D,27.4,23.9,57.2,11.5,Cloudy,1.0,92
2024-06-18,15,1,0,6,Cafeteria A,27.4,23.9,57.2,11.5,Cloudy,1.0,31
2024-06-18,15,1,0,6,Food Court B,27.4,23.9,57.2,11.5,Cloudy,1.0,38
2024-06-18,15,1,0,6,Restaurant C,27.4,23.9,57.2,11.5,Cloudy,1.0,18
2024-06-18,15,1,0,6,Canteen D,27.4,23.9,57.2,11.5,Cloudy,1.0,23
2024-06-19,9,2,0,6,Cafeteria A,25.2,23.4,57.4,9.8,Sunny,1.3,4
2024-06-19,9,2,0,6,Food Court B,25.2,23.4,57.4,9.8,Sunny,1.3,5
2024-06-19,9,2,0,6,Restaurant C,25.2,23.4,57.4,9.8,Sunny,1.3,3
2024-06-19,9,2,0,6,Canteen D,25.2,23.4,57.4,9.8,Sunny,1.3,3
2024-06-19,10,2,0,6,Cafeteria A,25.2,23.4,57.4,9.8,Sunny,1.3,37
2024-06-19,10,2,0,6,Food Court B,25.2,23.4,57.4,9.8,Sunny,1.3,43
2024-06-19,10,2,0,6,Restaurant C,25.2,23.4,57.4,9.8,Sunny,1.3,27
2024-06-19,10,2,0,6,Canteen D,25.2,23.4,57.4,9.8,Sunny,1.3,32
2024-06-19,11,2,0,6,Cafeteria A,25.2,23.4,57.4,9.8,Sunny,1.3,144
2024-06-19,11,2,0,6,Food Court B,25.2,23.4,57.4,9.8,Sunny,1.3,171
2024-06-19,11,2,0,6,Restaurant C,25.2,23.4,57.4,9.8,Sunny,1.3,87
2024-06-19,11,2,0,6,Canteen D,25.2,23.4,57.4,9.8,Sunny,1.3,109
2024-06-19,12,2,0,6,Cafeteria A,25.2,23.4,57.4,9.8,Sunny,1.3,311
2024-06-19,12,2,0,6,Food Court B,25.2,23.4,57.4,9.8,Sunny,1.3,421
2024-06-19,12,2,0,6,Restaurant C,25.2,23.4,57.4,9.8,Sunny,1.3,196
2024-06-19,12,2,0,6,Canteen D,25.2,23.4,57.4,9.8,Sunny,1.3,260
2024-06-19,13,2,0,6,Cafeteria A,25.2,23.4,57.4,9.8,Sunny,1.3,301
2024-06-19,13,2,0,6,Food Court B,25.2,23.4,57.4,9.8,Sunny,1.3,401
2024-06-19,13,2,0,6,Restaurant C,25.2,23.4,57.4,9.8,Sunny,1.3,207
2024-06-19,13,2,0,6,Canteen D,25.2,23.4,57.4,9.8,Sunny,1.3,221
2024-06-19,14,2,0,6,Cafeteria A,25.2,23.4,57.4,9.8,Sunny,1.3,147
2024-06-19,14,2,0,6,Food Court B,25.2,23.4,57.4,9.8,Sunny,1.3,197
2024-06-19,14,2,0,6,Restaurant C,25.2,23.4,57.4,9.8,Sunny,1.3,88
2024-06-19,14,2,0,6,Canteen D,25.2,23.4,57.4,9.8,Sunny,1.3,116
2024-06-19,15,2,0,6,Cafeteria A,25.2,23.4,57.4,9.8,Sunny,1.3,38
2024-06-19,15,2,0,6,Food Court B,25.2,23.4,57.4,9.8,Sunny,1.3,53
2024-06-19,15,2,0,6,Restaurant C,25.2,23.4,57.4,9.8,Sunny,1.3,24
2024-06-19,15,2,0,6,Canteen D,25.2,23.4,57.4,9.8,Sunny,1.3,32
2024-06-20,9,3,0,6,Cafeteria A,31.1,28.8,52.6,10.9,Sunny,1.3,4
2024-06-20,9,3,0,6,Food Court B,31.1,28.8,52.6,10.9,Sunny,1.3,5
2024-06-20,9,3,0,6,Restaurant C,31.1,28.8,52.6,10.9,Sunny,1.3,2
2024-06-20,9,3,0,6,Canteen D,31.1,28.8,52.6,10.9,Sunny,1.3,3
2024-06-20,10,3,0,6,Cafeteria A,31.1,28.8,52.6,10.9,Sunny,1.3,30
2024-06-20,10,3,0,6,Food Court B,31.1,28.8,52.6,10.9,Sunny,1.3,37
2024-06-20,10,3,0,6,Restaurant C,31.1,28.8,52.6,10.9,Sunny,1.3,23
2024-06-20,10,3,0,6,Canteen D,31.1,28.8,52.6,10.9,Sunny,1.3,25
2024-06-20,11,3,0,6,Cafeteria A,31.1,28.8,52.6,10.9,Sunny,1.3,127
2024-06-20,11,3,0,6,Food Court B,31.1,28.8,52.6,10.9,Sunny,1.3,180
2024-06-20,11,3,0,6,Restaurant C,31.1,28.8,52.6,10.9,Sunny,1.3,84
2024-06-20,11,3,0,6,Canteen D,31.1,28.8,52.6,10.9,Sunny,1.3,107
2024-06-20,12,3,0,6,Cafeteria A,31.1,28.8,52.6,10.9,Sunny,1.3,252
2024-06-20,12,3,0,6,Food Court B,31.1,28.8,52.6,10.9,Sunny,1.3,380
2024-06-20,12,3,0,6,Restaurant C,31.1,28.8,52.6,10.9,Sunny,1.3,191
2024-06-20,12,3,0,6,Canteen D,31.1,28.8,52.6,10.9,Sunny,1.3,234
2024-06-20,13,3,0,6,Cafeteria A,31.1,28.8,52.6,10.9,Sunny,1.3,268
2024-06-20,13,3,0,6,Food Court B,31.1,28.8,52.6,10.9,Sunny,1.3,364
2024-06-20,13,3,0,6,Restaurant C,31.1,28.8,52.6,10.9,Sunny,1.3,161
2024-06-20,13,3,0,6,Canteen D,31.1,28.8,52.6,10.9,Sunny,1.3,190
2024-06-20,14,3,0,6,Cafeteria A,31.1,28.8,52.6,10.9,Sunny,1.3,121
2024-06-20,14,3,0,6,Food Court B,31.1,28.8,52.6,10.9,Sunny,1.3,174
2024-06-20,14,3,0,6,Restaurant C,31.1,28.8,52.6,10.9,Sunny,1.3,87
2024-06-20,14,3,0,6,Canteen D,31.1,28.8,52.6,10.9,Sunny,1.3,108
2024-06-20,15,3,0,6,Cafeteria A,31.1,28.8,52.6,10.9,Sunny,1.3,30
2024-06-20,15,3,0,6,Food Court B,31.1,28.8,52.6,10.9,Sunny,1.3,41
2024-06-20,15,3,0,6,Restaurant C,31.1,28.8,52.6,10.9,Sunny,1.3,23
2024-06-20,15,3,0,6,Canteen D,31.1,28.8,52.6,10.9,Sunny,1.3,26
2024-06-21,9,4,0,6,Cafeteria A,24.3,23.2,66.7,5.2,Windy,0.85,2
2024-06-21,9,4,0,6,Food Court B,24.3,23.2,66.7,5.2,Windy,0.85,4
2024-06-21,9,4,0,6,Restaurant C,24.3,23.2,66.7,5.2,Windy,0.85,2
2024-06-21,9,4,0,6,Canteen D,24.3,23.2,66.7,5.2,Windy,0.85,2
2024-06-21,10,4,0,6,Cafeteria A,24.3,23.2,66.7,5.2,Windy,0.85,23
2024-06-21,10,4,0,6,Food Court B,24.3,23.2,66.7,5.2,Windy,0.85,34
2024-06-21,10,4,0,6,Restaurant C,24.3,23.2,66.7,5.2,Windy,0.85,16
2024-06-21,10,4,0,6,Canteen D,24.3,23.2,66.7,5.2,Windy,0.85,19
2024-06-21,11,4,0,6,Cafeteria A,24.3,23.2,66.7,5.2,Windy,0.85,101
2024-06-21,11,4,0,6,Food Court B,24.3,23.2,66.7,5.2,Windy,0.85,117
2024-06-21,11,4,0,6,Restaurant C,24.3,23.2,66.7,5.2,Windy,0.85,67
2024-06-21,11,4,0,6,Canteen D,24.3,23.2,66.7,5.2,Windy,0.85,76
2024-06-21,12,4,0,6,Cafeteria A,24.3,23.2,66.7,5.2,Windy,0.85,227
2024-06-21,12,4,0,6,Food Court B,24.3,23.2,66.7,5.2,Windy,0.85,252
2024-06-21,12,4,0,6,Restaurant C,24.3,23.2,66.7,5.2,Windy,0.85,130
2024-06-21,12,4,0,6,Canteen D,24.3,23.2,66.7,5.2,Windy,0.85,162
2024-06-21,13,4,0,6,Cafeteria A,24.3,23.2,66.7,5.2,Windy,0.85,223
2024-06-21,13,4,0,6,Food Court B,24.3,23.2,66.7,5.2,Windy,0.85,272
2024-06-21,13,4,0,6,Restaurant C,24.3,23.2,66.7,5.2,Windy,0.85,129
2024-06-21,13,4,0,6,Canteen D,24.3,23.2,66.7,5.2,Windy,0.85,167
2024-06-21,14,4,0,6,Cafeteria A,24.3,23.2,66.7,5.2,Windy,0.85,103
2024-06-21,14,4,0,6,Food Court B,24.3,23.2,66.7,5.2,Windy,0.85,126
2024-06-21,14,4,0,6,Restaurant C,24.3,23.2,66.7,5.2,Windy,0.85,60
2024-06-21,14,4,0,6,Canteen D,24.3,23.2,66.7,5.2,Windy,0.85,78
2024-06-21,15,4,0,6,Cafeteria A,24.3,23.2,66.7,5.2,Windy,0.85,23
2024-06-21,15,4,0,6,Food Court B,24.3,23.2,66.7,5.2,Windy,0.85,34
2024-06-21,15,4,0,6,Restaurant C,24.3,23.2,66.7,5.2,Windy,0.85,15
2024-06-21,15,4,0,6,Canteen D,24.3,23.2,66.7,5.2,Windy,0.85,22
2024-06-22,9,5,1,6,Cafeteria A,33.6,29.6,57.5,10.4,Sunny,1.3,1
2024-06-22,9,5,1,6,Food Court B,33.6,29.6,57.5,10.4,Sunny,1.3,2
2024-06-22,9,5,1,6,Restaurant C,33.6,29.6,57.5,10.4,Sunny,1.3,1
2024-06-22,9,5,1,6,Canteen D,33.6,29.6,57.5,10.4,Sunny,1.3,1
2024-06-22,10,5,1,6,Cafeteria A,33.6,29.6,57.5,10.4,Sunny,1.3,12
2024-06-22,10,5,1,6,Food Court B,33.6,29.6,57.5,10.4,Sunny,1.3,14
2024-06-22,10,5,1,6,Restaurant C,33.6,29.6,57.5,10.4,Sunny,1.3,8
2024-06-22,10,5,1,6,Canteen D,33.6,29.6,57.5,10.4,Sunny,1.3,11
2024-06-22,11,5,1,6,Cafeteria A,33.6,29.6,57.5,10.4,Sunny,1.3,54
2024-06-22,11,5,1,6,Food Court B,33.6,29.6,57.5,10.4,Sunny,1.3,63
2024-06-22,11,5,1,6,Restaurant C,33.6,29.6,57.5,10.4,Sunny,1.3,33
2024-06-22,11,5,1,6,Canteen D,33.6,29.6,57.5,10.4,Sunny,1.3,36
2024-06-22,12,5,1,6,Cafeteria A,33.6,29.6,57.5,10.4,Sunny,1.3,116
2024-06-22,12,5,1,6,Food Court B,33.6,29.6,57.5,10.4,Sunny,1.3,135
2024-06-22,12,5,1,6,Restaurant C,33.6,29.6,57.5,10.4,Sunny,1.3,63
2024-06-22,12,5,1,6,Canteen D,33.6,29.6,57.5,10.4,Sunny,1.3,83
2024-06-22,13,5,1,6,Cafeteria A,33.6,29.6,57.5,10.4,Sunny,1.3,94
2024-06-22,13,5,1,6,Food Court B,33.6,29.6,57.5,10.4,Sunny,1.3,145
2024-06-22,13,5,1,6,Restaurant C,33.6,29.6,57.5,10.4,Sunny,1.3,61
2024-06-22,13,5,1,6,Canteen D,33.6,29.6,57.5,10.4,Sunny,1.3,84
2024-06-22,14,5,1,6,Cafeteria A,33.6,29.6,57.5,10.4,Sunny,1.3,48
2024-06-22,14,5,1,6,Food Court B,33.6,29.6,57.5,10.4,Sunny,1.3,68
2024-06-22,14,5,1,6,Restaurant C,33.6,29.6,57.5,10.4,Sunny,1.3,35
2024-06-22,14,5,1,6,Canteen D,33.6,29.6,57.5,10.4,Sunny,1.3,42
2024-06-22,15,5,1,6,Cafeteria A,33.6,29.6,57.5,10.4,Sunny,1.3,13
2024-06-22,15,5,1,6,Food Court B,33.6,29.6,57.5,10.4,Sunny,1.3,17
2024-06-22,15,5,1,6,Restaurant C,33.6,29.6,57.5,10.4,Sunny,1.3,7
2024-06-22,15,5,1,6,Canteen D,33.6,29.6,57.5,10.4,Sunny,1.3,9
2024-06-23,9,6,1,6,Cafeteria A,31.4,28.1,49.3,8.6,Cloudy,1.0,1
2024-06-23,9,6,1,6,Food Court B,31.4,28.1,49.3,8.6,Cloudy,1.0,1
2024-06-23,9,6,1,6,Restaurant C,31.4,28.1,49.3,8.6,Cloudy,1.0,0
2024-06-23,9,6,1,6,Canteen D,31.4,28.1,49.3,8.6,Cloudy,1.0,0
2024-06-23,10,6,1,6,Cafeteria A,31.4,28.1,49.3,8.6,Cloudy,1.0,11
2024-06-23,10,6,1,6,Food Court B,31.4,28.1,49.3,8.6,Cloudy,1.0,14
2024-06-23,10,6,1,6,Restaurant C,31.4,28.1,49.3,8.6,Cloudy,1.0,6
2024-06-23,10,6,1,6,Canteen D,31.4,28.1,49.3,8.6,Cloudy,1.0,7
2024-06-23,11,6,1,6,Cafeteria A,31.4,28.1,49.3,8.6,Cloudy,1.0,36
2024-06-23,11,6,1,6,Food Court B,31.4,28.1,49.3,8.6,Cloudy,1.0,54
2024-06-23,11,6,1,6,Restaurant C,31.4,28.1,49.3,8.6,Cloudy,1.0,29
2024-06-23,11,6,1,6,Canteen D,31.4,28.1,49.3,8.6,Cloudy,1.0,30
2024-06-23,12,6,1,6,Cafeteria A,31.4,28.1,49.3,8.6,Cloudy,1.0,77
2024-06-23,12,6,1,6,Food Court B,31.4,28.1,49.3,8.6,Cloudy,1.0,112
2024-06-23,12,6,1,6,Restaurant C,31.4,28.1,49.3,8.6,Cloudy,1.0,55
2024-06-23,12,6,1,6,Canteen D,31.4,28.1,49.3,8.6,Cloudy,1.0,58
2024-06-23,13,6,1,6,Cafeteria A,31.4,28.1,49.3,8.6,Cloudy,1.0,86
2024-06-23,13,6,1,6,Food Court B,31.4,28.1,49.3,8.6,Cloudy,1.0,100
2024-06-23,13,6,1,6,Restaurant C,31.4,28.1,49.3,8.6,Cloudy,1.0,52
2024-06-23,13,6,1,6,Canteen D,31.4,28.1,49.3,8.6,Cloudy,1.0,70
2024-06-23,14,6,1,6,Cafeteria A,31.4,28.1,49.3,8.6,Cloudy,1.0,45
2024-06-23,14,6,1,6,Food Court B,31.4,28.1,49.3,8.6,Cloudy,1.0,51
2024-06-23,14,6,1,6,Restaurant C,31.4,28.1,49.3,8.6,Cloudy,1.0,29
2024-06-23,14,6,1,6,Canteen D,31.4,28.1,49.3,8.6,Cloudy,1.0,32
2024-06-23,15,6,1,6,Cafeteria A,31.4,28.1,49.3,8.6,Cloudy,1.0,11
2024-06-23,15,6,1,6,Food Court B,31.4,28.1,49.3,8.6,Cloudy,1.0,13
2024-06-23,15,6,1,6,Restaurant C,31.4,28.1,49.3,8.6,Cloudy,1.0,7
2024-06-23,15,6,1,6,Canteen D,31.4,28.1,49.3,8.6,Cloudy,1.0,9
2024-06-24,9,0,0,6,Cafeteria A,28.5,24.6,61.6,14.0,Sunny,1.3,4
2024-06-24,9,0,0,6,Food Court B,28.5,24.6,61.6,14.0,Sunny,1.3,6
2024-06-24,9,0,0,6,Restaurant C,28.5,24.6,61.6,14.0,Sunny,1.3,2
2024-06-24,9,0,0,6,Canteen D,28.5,24.6,61.6,14.0,Sunny,1.3,3
2024-06-24,10,0,0,6,Cafeteria A,28.5,24.6,61.6,14.0,Sunny,1.3,36
2024-06-24,10,0,0,6,Food Court B,28.5,24.6,61.6,14.0,Sunny,1.3,45
2024-06-24,10,0,0,6,Restaurant C,28.5,24.6,61.6,14.0,Sunny,1.3,23
2024-06-24,10,0,0,6,Canteen D,28.5,24.6,61.6,14.0,Sunny,1.3,24
2024-06-24,11,0,0,6,Cafeteria A,28.5,24.6,61.6,14.0,Sunny,1.3,159
2024-06-24,11,0,0,6,Food Court B,28.5,24.6,61.6,14.0,Sunny,1.3,160
2024-06-24,11,0,0,6,Restaurant C,28.5,24.6,61.6,14.0,Sunny,1.3,84
2024-06-24,11,0,0,6,Canteen D,28.5,24.6,61.6,14.0,Sunny,1.3,99
2024-06-24,12,0,0,6,Cafeteria A,28.5,24.6,61.6,14.0,Sunny,1.3,293
2024-06-24,12,0,0,6,Food Court B,28.5,24.6,61.6,14.0,Sunny,1.3,398
2024-06-24,12,0,0,6,Restaurant C,28.5,24.6,61.6,14.0,Sunny,1.3,192
2024-06-24,12,0,0,6,Canteen D,28.5,24.6,61.6,14.0,Sunny,1.3,244
2024-06-24,13,0,0,6,Cafeteria A,28.5,24.6,61.6,14.0,Sunny,1.3,254
2024-06-24,13,0,0,6,Food Court B,28.5,24.6,61.6,14.0,Sunny,1.3,364
2024-06-24,13,0,0,6,Restaurant C,28.5,24.6,61.6,14.0,Sunny,1.3,183
2024-06-24,13,0,0,6,Canteen D,28.5,24.6,61.6,14.0,Sunny,1.3,226
2024-06-24,14,0,0,6,Cafeteria A,28.5,24.6,61.6,14.0,Sunny,1.3,129
2024-06-24,14,0,0,6,Food Court B,28.5,24.6,61.6,14.0,Sunny,1.3,188
2024-06-24,14,0,0,6,Restaurant C,28.5,24.6,61.6,14.0,Sunny,1.3,92
2024-06-24,14,0,0,6,Canteen D,28.5,24.6,61.6,14.0,Sunny,1.3,120
2024-06-24,15,0,0,6,Cafeteria A,28.5,24.6,61.6,14.0,Sunny,1.3,35
2024-06-24,15,0,0,6,Food Court B,28.5,24.6,61.6,14.0,Sunny,1.3,41
2024-06-24,15,0,0,6,Restaurant C,28.5,24.6,61.6,14.0,Sunny,1.3,23
2024-06-24,15,0,0,6,Canteen D,28.5,24.6,61.6,14.0,Sunny,1.3,26
2024-06-25,9,1,0,6,Cafeteria A,27.9,24.8,65.4,12.1,Sunny,1.3,4
2024-06-25,9,1,0,6,Food Court B,27.9,24.8,65.4,12.1,Sunny,1.3,5
2024-06-25,9,1,0,6,Restaurant C,27.9,24.8,65.4,12.1,Sunny,1.3,2
2024-06-25,9,1,0,6,Canteen D,27.9,24.8,65.4,12.1,Sunny,1.3,3
2024-06-25,10,1,0,6,Cafeteria A,27.9,24.8,65.4,12.1,Sunny,1.3,39
2024-06-25,10,1,0,6,Food Court B,27.9,24.8,65.4,12.1,Sunny,1.3,50
2024-06-25,10,1,0,6,Restaurant C,27.9,24.8,65.4,12.1,Sunny,1.3,23
2024-06-25,10,1,0,6,Canteen D,27.9,24.8,65.4,12.1,Sunny,1.3,28
2024-06-25,11,1,0,6,Cafeteria A,27.9,24.8,65.4,12.1,Sunny,1.3,154
2024-06-25,11,1,0,6,Food Court B,27.9,24.8,65.4,12.1,Sunny,1.3,166
2024-06-25,11,1,0,6,Restaurant C,27.9,24.8,65.4,12.1,Sunny,1.3,94
2024-06-25,11,1,0,6,Canteen D,27.9,24.8,65.4,12.1,Sunny,1.3,115
2024-06-25,12,1,0,6,Cafeteria A,27.9,24.8,65.4,12.1,Sunny,1.3,262
2024-06-25,12,1,0,6,Food Court B,27.9,24.8,65.4,12.1,Sunny,1.3,357
2024-06-25,12,1,0,6,Restaurant C,27.9,24.8,65.4,12.1,Sunny,1.3,203
2024-06-25,12,1,0,6,Canteen D,27.9,24.8,65.4,12.1,Sunny,1.3,248
2024-06-25,13,1,0,6,Cafeteria A,27.9,24.8,65.4,12.1,Sunny,1.3,263
2024-06-25,13,1,0,6,Food Court B,27.9,24.8,65.4,12.1,Sunny,1.3,328
2024-06-25,13,1,0,6,Restaurant C,27.9,24.8,65.4,12.1,Sunny,1.3,176
2024-06-25,13,1,0,6,Canteen D,27.9,24.8,65.4,12.1,Sunny,1.3,249
2024-06-25,14,1,0,6,Cafeteria A,27.9,24.8,65.4,12.1,Sunny,1.3,132
2024-06-25,14,1,0,6,Food Court B,27.9,24.8,65.4,12.1,Sunny,1.3,191
2024-06-25,14,1,0,6,Restaurant C,27.9,24.8,65.4,12.1,Sunny,1.3,84
2024-06-25,14,1,0,6,Canteen D,27.9,24.8,65.4,12.1,Sunny,1.3,117
2024-06-25,15,1,0,6,Cafeteria A,27.9,24.8,65.4,12.1,Sunny,1.3,35
2024-06-25,15,1,0,6,Food Court B,27.9,24.8,65.4,12.1,Sunny,1.3,48
2024-06-25,15,1,0,6,Restaurant C,27.9,24.8,65.4,12.1,Sunny,1.3,21
2024-06-25,15,1,0,6,Canteen D,27.9,24.8,65.4,12.1,Sunny,1.3,29
2024-06-26,9,2,0,6,Cafeteria A,29.3,27.5,48.8,7.0,Rainy,0.75,2
2024-06-26,9,2,0,6,Food Court B,29.3,27.5,48.8,7.0,Rainy,0.75,2
2024-06-26,9,2,0,6,Restaurant C,29.3,27.5,48.8,7.0,Rainy,0.75,1
2024-06-26,9,2,0,6,Canteen D,29.3,27.5,48.8,7.0,Rainy,0.75,2
2024-06-26,10,2,0,6,Cafeteria A,29.3,27.5,48.8,7.0,Rainy,0.75,18
2024-06-26,10,2,0,6,Food Court B,29.3,27.5,48.8,7.0,Rainy,0.75,25
2024-06-26,10,2,0,6,Restaurant C,29.3,27.5,48.8,7.0,Rainy,0.75,14
2024-06-26,10,2,0,6,Canteen D,29.3,27.5,48.8,7.0,Rainy,0.75,17
2024-06-26,11,2,0,6,Cafeteria A,29.3,27.5,48.8,7.0,Rainy,0.75,82
2024-06-26,11,2,0,6,Food Court B,29.3,27.5,48.8,7.0,Rainy,0.75,113
2024-06-26,11,2,0,6,Restaurant C,29.3,27.5,48.8,7.0,Rainy,0.75,53
2024-06-26,11,2,0,6,Canteen D,29.3,27.5,48.8,7.0,Rainy,0.75,62
2024-06-26,12,2,0,6,Cafeteria A,29.3,27.5,48.8,7.0,Rainy,0.75,177
2024-06-26,12,2,0,6,Food Court B,29.3,27.5,48.8,7.0,Rainy,0.75,204
2024-06-26,12,2,0,6,Restaurant C,29.3,27.5,48.8,7.0,Rainy,0.75,104
2024-06-26,12,2,0,6,Canteen D,29.3,27.5,48.8,7.0,Rainy,0.75,128
2024-06-26,13,2,0,6,Cafeteria A,29.3,27.5,48.8,7.0,Rainy,0.75,177
2024-06-26,13,2,0,6,Food Court B,29.3,27.5,48.8,7.0,Rainy,0.75,221
2024-06-26,13,2,0,6,Restaurant C,29.3,27.5,48.8,7.0,Rainy,0.75,102
2024-06-26,13,2,0,6,Canteen D,29.3,27.5,48.8,7.0,Rainy,0.75,123
2024-06-26,14,2,0,6,Cafeteria A,29.3,27.5,48.8,7.0,Rainy,0.75,81
2024-06-26,14,2,0,6,Food Court B,29.3,27.5,48.8,7.0,Rainy,0.75,103
2024-06-26,14,2,0,6,Restaurant C,29.3,27.5,48.8,7.0,Rainy,0.75,49
2024-06-26,14,2,0,6,Canteen D,29.3,27.5,48.8,7.0,Rainy,0.75,68
2024-06-26,15,2,0,6,Cafeteria A,29.3,27.5,48.8,7.0,Rainy,0.75,20
2024-06-26,15,2,0,6,Food Court B,29.3,27.5,48.8,7.0,Rainy,0.75,24
2024-06-26,15,2,0,6,Restaurant C,29.3,27.5,48.8,7.0,Rainy,0.75,11
2024-06-26,15,2,0,6,Canteen D,29.3,27.5,48.8,7.0,Rainy,0.75,15
2024-06-27,9,3,0,6,Cafeteria A,26.7,25.5,60.8,2.5,Sunny,1.3,4
2024-06-27,9,3,0,6,Food Court B,26.7,25.5,60.8,2.5,Sunny,1.3,5
2024-06-27,9,3,0,6,Restaurant C,26.7,25.5,60.8,2.5,Sunny,1.3,3
2024-06-27,9,3,0,6,Canteen D,26.7,25.5,60.8,2.5,Sunny,1.3,3
2024-06-27,10,3,0,6,Cafeteria A,26.7,25.5,60.8,2.5,Sunny,1.3,35
2024-06-27,10,3,0,6,Food Court B,26.7,25.5,60.8,2.5,Sunny,1.3,45
2024-06-27,10,3,0,6,Restaurant C,26.7,25.5,60.8,2.5,Sunny,1.3,26
2024-06-27,10,3,0,6,Canteen D,26.7,25.5,60.8,2.5,Sunny,1.3,28
2024-06-27,11,3,0,6,Cafeteria A,26.7,25.5,60.8,2.5,Sunny,1.3,140
2024-06-27,11,3,0,6,Food Court B,26.7,25.5,60.8,2.5,Sunny,1.3,174
2024-06-27,11,3,0,6,Restaurant C,26.7,25.5,60.8,2.5,Sunny,1.3,94
2024-06-27,11,3,0,6,Canteen D,26.7,25.5,60.8,2.5,Sunny,1.3,124
2024-06-27,12,3,0,6,Cafeteria A,26.7,25.5,60.8,2.5,Sunny,1.3,277
2024-06-27,12,3,0,6,Food Court B,26.7,25.5,60.8,2.5,Sunny,1.3,391
2024-06-27,12,3,0,6,Restaurant C,26.7,25.5,60.8,2.5,Sunny,1.3,169
2024-06-27,12,3,0,6,Canteen D,26.7,25.5,60.8,2.5,Sunny,1.3,229
2024-06-27,13,3,0,6,Cafeteria A,26.7,25.5,60.8,2.5,Sunny,1.3,317
2024-06-27,13,3,0,6,Food Court B,26.7,25.5,60.8,2.5,Sunny,1.3,358
2024-06-27,13,3,0,6,Restaurant C,26.7,25.5,60.8,2.5,Sunny,1.3,194
2024-06-27,13,3,0,6,Canteen D,26.7,25.5,60.8,2.5,Sunny,1.3,217
2024-06-27,14,3,0,6,Cafeteria A,26.7,25.5,60.8,2.5,Sunny,1.3,157
2024-06-27,14,3,0,6,Food Court B,26.7,25.5,60.8,2.5,Sunny,1.3,166
2024-06-27,14,3,0,6,Restaurant C,26.7,25.5,60.8,2.5,Sunny,1.3,103
2024-06-27,14,3,0,6,Canteen D,26.7,25.5,60.8,2.5,Sunny,1.3,108
2024-06-27,15,3,0,6,Cafeteria A,26.7,25.5,60.8,2.5,Sunny,1.3,40
2024-06-27,15,3,0,6,Food Court B,26.7,25.5,60.8,2.5,Sunny,1.3,44
2024-06-27,15,3,0,6,Restaurant C,26.7,25.5,60.8,2.5,Sunny,1.3,25
2024-06-27,15,3,0,6,Canteen D,26.7,25.5,60.8,2.5,Sunny,1.3,27
2024-06-28,9,4,0,6,Cafeteria A,26.9,23.6,47.8,11.7,Sunny,1.3,5
2024-06-28,9,4,0,6,Food Court B,26.9,23.6,47.8,11.7,Sunny,1.3,5
2024-06-28,9,4,0,6,Restaurant C,26.9,23.6,47.8,11.7,Sunny,1.3,2
2024-06-28,9,4,0,6,Canteen D,26.9,23.6,47.8,11.7,Sunny,1.3,3
2024-06-28,10,4,0,6,Cafeteria A,26.9,23.6,47.8,11.7,Sunny,1.3,38
2024-06-28,10,4,0,6,Food Court B,26.9,23.6,47.8,11.7,Sunny,1.3,51
2024-06-28,10,4,0,6,Restaurant C,26.9,23.6,47.8,11.7,Sunny,1.3,22
2024-06-28,10,4,0,6,Canteen D,26.9,23.6,47.8,11.7,Sunny,1.3,30
2024-06-28,11,4,0,6,Cafeteria A,26.9,23.6,47.8,11.7,Sunny,1.3,132
2024-06-28,11,4,0,6,Food Court B,26.9,23.6,47.8,11.7,Sunny,1.3,168
2024-06-28,11,4,0,6,Restaurant C,26.9,23.6,47.8,11.7,Sunny,1.3,83
2024-06-28,11,4,0,6,Canteen D,26.9,23.6,47.8,11.7,Sunny,1.3,130
2024-06-28,12,4,0,6,Cafeteria A,26.9,23.6,47.8,11.7,Sunny,1.3,318
2024-06-28,12,4,0,6,Food Court B,26.9,23.6,47.8,11.7,Sunny,1.3,396
2024-06-28,12,4,0,6,Restaurant C,26.9,23.6,47.8,11.7,Sunny,1.3,191
2024-06-28,12,4,0,6,Canteen D,26.9,23.6,47.8,11.7,Sunny,1.3,222
2024-06-28,13,4,0,6,Cafeteria A,26.9,23.6,47.8,11.7,Sunny,1.3,271
2024-06-28,13,4,0,6,Food Court B,26.9,23.6,47.8,11.7,Sunny,1.3,351
2024-06-28,13,4,0,6,Restaurant C,26.9,23.6,47.8,11.7,Sunny,1.3,185
2024-06-28,13,4,0,6,Canteen D,26.9,23.6,47.8,11.7,Sunny,1.3,247
2024-06-28,14,4,0,6,Cafeteria A,26.9,23.6,47.8,11.7,Sunny,1.3,149
2024-06-28,14,4,0,6,Food Court B,26.9,23.6,47.8,11.7,Sunny,1.3,166
2024-06-28,14,4,0,6,Restaurant C,26.9,23.6,47.8,11.7,Sunny,1.3,84
2024-06-28,14,4,0,6,Canteen D,26.9,23.6,47.8,11.7,Sunny,1.3,105
2024-06-28,15,4,0,6,Cafeteria A,26.9,23.6,47.8,11.7,Sunny,1.3,36
2024-06-28,15,4,0,6,Food Court B,26.9,23.6,47.8,11.7,Sunny,1.3,51
2024-06-28,15,4,0,6,Restaurant C,26.9,23.6,47.8,11.7,Sunny,1.3,24
2024-06-28,15,4,0,6,Canteen D,26.9,23.6,47.8,11.7,Sunny,1.3,31
